"GEOID","NAME","STATE","YEAR","TOTAL_POP","WHITE_POP","BLACK_POP","ASIAN_POP","HISPANIC_POP"
"01069","Houston","AL",2022,658513,497413,395296,266381,399371
"01023","Choctaw","AL",2022,262381,438434,230757,170309,14734
"01005","Barbour","AL",2022,470541,887585,99931,102907,13862
"01107","Pickens","AL",2022,555843,894447,421557,290886,131622
"01033","Colbert","AL",2022,17559,172705,278939,214579,255380
"04012","La Paz","AZ",2022,210389,572456,28626,150950,65483
"04001","Apache","AZ",2022,766158,588066,202261,173125,236347
"05081","Little River","AR",2022,361100,615108,263729,272349,214499
"05121","Randolph","AR",2022,660976,377810,311469,122649,288348
"06037","Los Angeles","CA",2022,379486,695721,58846,195239,202734
"06097","Sonoma","CA",2022,21346,246523,373340,157601,201479
"06001","Alameda","CA",2022,673158,681236,180231,109667,239149
"06045","Mendocino","CA",2022,698018,616138,116727,164639,27643
"06015","Del Norte","CA",2022,710825,680678,375235,251918,152312
"08077","Mesa","CO",2022,475661,400348,312089,166441,152668
"08083","Montezuma","CO",2022,543657,623643,205379,61701,180992
"08067","La Plata","CO",2022,271698,55548,357893,76755,97487
"06055","Napa","CA",2022,369017,373441,336344,151453,160617
"10005","Sussex","DE",2022,686185,189936,207625,182372,238438
"12086","Miami-Dade","FL",2022,819741,191544,344686,174684,264797
"12071","Lee","FL",2022,786964,286126,343168,272856,278819
"12037","Franklin","FL",2022,487584,533788,180222,72143,148658
"12033","Escambia","FL",2022,277993,156265,342968,164416,203153
"17031","Cook","IL",2022,57102,72723,103239,80727,23612
"17017","Cass","IL",2022,360926,257431,204274,165950,381631
"17109","McDonough","IL",2022,860550,873238,200409,247264,353736
"13245","Richmond","GA",2022,159186,208203,25775,74500,55492
"17041","Douglas","IL",2022,852991,892642,360628,189043,146994
"13103","Effingham","GA",2022,366454,173738,138801,102513,179071
"16027","Canyon","ID",2022,848061,276408,18705,88773,348310
"26103","Marquette","MI",2022,739482,658459,436383,205059,115712
"18061","Harrison","IN",2022,470737,136459,18513,169879,130031
"19177","Van Buren","IA",2022,437613,417803,472949,126060,293441
"19045","Clinton","IA",2022,105195,563722,119202,123298,385270
"19163","Scott","IA",2022,58273,526029,433545,189671,367367
"18161","Union","IN",2022,160309,525659,84392,131232,68548
"26107","Mecosta","MI",2022,914787,701064,395033,211064,35332
"26063","Huron","MI",2022,381718,641238,104172,158043,133033
"36067","Onondaga","NY",2022,484543,492921,44607,225615,317622
"20175","Seward","KS",2022,351246,287326,331247,184771,295369
"36071","Orange","NY",2022,133968,224886,5917,214415,141054
"08031","Denver","CO",2022,346796,302761,301404,135202,85555
"36017","Chenango","NY",2022,688271,781304,216319,270150,146281
"21101","Henderson","KY",2022,993292,641482,304506,217143,229442
"21195","Pike","KY",2022,81401,173787,125393,295153,74446
"08019","Clear Creek","CO",2022,209885,776613,357096,232042,228597
"08055","Huerfano","CO",2022,835148,770888,207545,187257,78127
"21093","Hardin","KY",2022,553205,760403,116428,135776,353116
"21127","Lawrence","KY",2022,656052,429678,290779,23201,260335
"26099","Macomb","MI",2022,938207,742497,151058,239336,260896
"21135","Lewis","KY",2022,460846,379196,100845,204747,252575
"22051","Jefferson","LA",2022,809201,618466,443894,216645,121844
"22111","Union","LA",2022,173398,257241,7849,27707,255229
"22067","Morehouse","LA",2022,21114,780853,325897,47362,47157
"08091","Ouray","CO",2022,98192,202723,391436,214096,347035
"23013","Knox","ME",2022,213785,139760,265559,119820,20265
"23015","Lincoln","ME",2022,862099,295210,309924,125247,142836
"02170","Matanuska-Susitna","AK",2022,272337,414069,380723,123957,52257
"02290","Yukon-Koyukuk","AK",2022,149061,686092,316092,42926,94692
"24005","Baltimore","MD",2022,644174,25603,225476,160413,332157
"24047","Worcester","MD",2022,840792,286108,246529,26470,27615
"24031","Montgomery","MD",2022,605094,516378,322380,67115,84234
"01051","Elmore","AL",2022,488512,125517,380909,228086,233381
"01009","Blount","AL",2022,648008,390084,369363,251881,351843
"25001","Barnstable","MA",2022,521753,507390,75883,71280,257814
"25013","Hampden","MA",2022,983602,859201,106328,270109,21737
"26041","Delta","MI",2022,326534,422249,474966,119191,218338
"01025","Clarke","AL",2022,986996,58518,304259,52910,337975
"01055","Etowah","AL",2022,553598,90804,457087,215198,167884
"26013","Baraga","MI",2022,77994,162692,94004,48501,85396
"01115","St. Clair","AL",2022,569911,3821,450650,85208,164251
"01065","Hale","AL",2022,893147,73648,35668,81699,277395
"27137","St. Louis","MN",2022,120832,130221,423626,18320,328706
"27107","Norman","MN",2022,904992,272536,250950,134461,103021
"27173","Yellow Medicine","MN",2022,97386,561876,131682,240850,81940
"28087","Lowndes","MS",2022,437818,573462,137014,132739,296917
"29031","Cape Girardeau","MO",2022,37692,694962,7495,250716,326209
"29201","Scott","MO",2022,657306,643678,446860,173596,352512
"29081","Harrison","MO",2022,264041,270583,299521,120365,384481
"30031","Gallatin","MT",2022,808518,522181,354268,235671,15411
"30071","Phillips","MT",2022,276262,820050,272786,65886,13262
"30085","Roosevelt","MT",2022,49974,669424,37891,15318,51553
"30089","Sanders","MT",2022,833927,176168,57597,261576,121119
"31103","Keya Paha","NE",2022,507471,691312,124501,5883,176242
"34011","Cumberland","NJ",2022,783973,833058,306833,24380,10514
"34041","Warren","NJ",2022,179255,141261,381636,233186,267306
"34005","Burlington","NJ",2022,45705,776795,405760,194058,248333
"34023","Middlesex","NJ",2022,868188,326904,53504,257424,397341
"35041","Roosevelt","NM",2022,430618,61959,339365,31315,128088
"37031","Carteret","NC",2022,741014,374309,460825,202848,259190
"37165","Scotland","NC",2022,788430,692276,368765,29925,359199
"37009","Ashe","NC",2022,439110,627789,173642,191448,263510
"37075","Graham","NC",2022,132234,653247,307648,77224,348395
"38105","Williams","ND",2022,441972,443446,346903,69192,195068
"38085","Sioux","ND",2022,955763,511515,428188,5517,286657
"39123","Ottawa","OH",2022,708354,623068,345316,185341,119523
"39125","Paulding","OH",2022,630271,816002,256428,9075,51855
"39035","Cuyahoga","OH",2022,77938,12942,349157,279911,169179
"40095","Marshall","OK",2022,112981,464778,466945,183578,392273
"40013","Bryan","OK",2022,181036,182687,341890,158985,24480
"40023","Choctaw","OK",2022,202505,519629,418307,7534,233814
"41033","Josephine","OR",2022,1831,623908,22453,241000,305564
"41045","Malheur","OR",2022,642892,292436,428089,190289,337945
"41001","Baker","OR",2022,30676,791891,283331,77321,66715
"41021","Gilliam","OR",2022,371954,390507,424757,118224,53076
"42045","Delaware","PA",2022,399566,806045,75213,80286,88137
"42049","Erie","PA",2022,899435,315786,19869,16269,215413
"42059","Greene","PA",2022,368922,870029,37073,194012,271639
"45053","Jasper","SC",2022,167859,586147,477023,97567,330251
"45043","Georgetown","SC",2022,853622,421742,402926,157371,313454
"45091","York","SC",2022,822396,520683,389062,63746,78837
"45057","Lancaster","SC",2022,557732,171649,444629,154612,96411
"46009","Bon Homme","SD",2022,529819,308101,257645,103053,244797
"47065","Hamilton","TN",2022,690245,180528,463549,93894,229854
"47163","Sullivan","TN",2022,549702,590367,20546,177072,331334
"47009","Blount","TN",2022,238125,848152,270935,94515,351613
"47019","Carter","TN",2022,945702,682095,101726,15959,174773
"48273","Kleberg","TX",2022,271703,494007,219265,9448,255847
"48391","Refugio","TX",2022,646035,824059,374271,55732,340165
"48201","Harris","TX",2022,862540,5673,86482,298772,147093
"48443","Terrell","TX",2022,622427,207733,351163,23292,113851
"48229","Hudspeth","TX",2022,793082,884846,29193,297719,242102
"48205","Hartley","TX",2022,684763,837879,38585,125784,171580
"48351","Newton","TX",2022,487831,107931,6932,125524,316320
"54107","Wood","WV",2022,782977,48863,487150,145801,182266
"49037","San Juan","UT",2022,751395,870456,17031,181828,320044
"49033","Rich","UT",2022,422641,280983,65411,287907,278339
"50027","Windsor","VT",2022,202405,574494,457781,257031,96037
"51119","Middlesex","VA",2022,890142,256126,123536,198809,116556
"51131","Northampton","VA",2022,389785,102729,475243,82538,180776
"51117","Mecklenburg","VA",2022,626474,621202,278146,100247,289306
"51133","Northumberland","VA",2022,577883,413733,261052,65681,363423
"51051","Dickenson","VA",2022,674143,700195,182433,57930,197213
"51107","Loudoun","VA",2022,213670,212529,272959,60429,341654
"51181","Surry","VA",2022,340390,722767,444680,110663,179768
"53027","Grays Harbor","WA",2022,827887,519028,370763,200504,171675
"53053","Pierce","WA",2022,846634,291879,51123,122972,58195
"53047","Okanogan","WA",2022,322306,114202,218638,16732,115887
"53071","Walla Walla","WA",2022,575965,507928,129590,106802,128265
"02066","Copper River","AK",2022,755267,9918,382585,222962,338597
"54031","Hardy","WV",2022,54881,124414,196982,251400,33176
"54023","Grant","WV",2022,562028,90313,67998,247743,151756
"55121","Trempealeau","WI",2022,395547,592353,339601,109224,369571
"55037","Florence","WI",2022,647129,796678,43487,278428,66023
"02100","Haines","AK",2022,645501,625011,126267,182052,199719
"56045","Weston","WY",2022,520035,688910,113825,278012,320765
"05013","Calhoun","AR",2022,907505,68042,190323,144973,291388
"05061","Howard","AR",2022,544851,600176,73476,21402,316954
"05099","Nevada","AR",2022,954731,898326,30561,61010,185971
"05103","Ouachita","AR",2022,412008,116908,83789,79360,182670
"06063","Plumas","CA",2022,214299,719877,462210,251674,378318
"06101","Sutter","CA",2022,384184,300650,158082,225625,301563
"06021","Glenn","CA",2022,274939,659971,114987,204766,166188
"08015","Chaffee","CO",2022,824845,883347,195552,25020,188881
"08065","Lake","CO",2022,239557,477652,301191,53751,173946
"08027","Custer","CO",2022,297533,732007,366424,173834,227584
"12097","Osceola","FL",2022,64960,485945,182255,128162,77058
"12119","Sumter","FL",2022,241468,494298,41022,135311,277326
"12107","Putnam","FL",2022,650079,755219,84971,14012,80314
"13219","Oconee","GA",2022,838953,568283,489188,195459,326239
"13135","Gwinnett","GA",2022,681966,775806,1110,262644,155334
"13009","Baldwin","GA",2022,732225,334093,470303,1750,177519
"13001","Appling","GA",2022,471123,491255,455667,103969,323016
"13271","Telfair","GA",2022,390512,780715,338604,115108,258869
"13217","Newton","GA",2022,464337,560101,378412,263238,246432
"13163","Jefferson","GA",2022,323721,353458,49454,242921,250595
"13267","Tattnall","GA",2022,530525,566992,179659,188911,166107
"13317","Wilkes","GA",2022,528159,347998,346764,150866,79784
"13319","Wilkinson","GA",2022,892482,640521,262307,278337,290917
"13237","Putnam","GA",2022,777870,526530,29367,10468,357917
"13079","Crawford","GA",2022,377451,378872,274763,113021,215082
"16013","Blaine","ID",2022,470095,1870,497805,58323,48832
"16023","Butte","ID",2022,72656,153278,272740,200251,299509
"16025","Camas","ID",2022,105857,333860,422523,234015,235130
"17065","Hamilton","IL",2022,769957,710657,107769,133538,351221
"18055","Greene","IN",2022,299586,430277,300324,123577,102579
"18051","Gibson","IN",2022,283973,25446,362502,12349,109753
"18027","Daviess","IN",2022,687905,784824,54185,72190,130800
"19039","Clarke","IA",2022,195534,568806,373130,88207,276037
"19001","Adair","IA",2022,921227,458311,301396,63719,389330
"20027","Clay","KS",2022,727012,831797,329142,212600,264258
"20171","Scott","KS",2022,278580,17762,282187,255379,46998
"20047","Edwards","KS",2022,853412,383942,330444,181302,247714
"21115","Johnson","KY",2022,765400,221020,443545,125979,175505
"21175","Morgan","KY",2022,756538,249335,24388,276587,116030
"21095","Harlan","KY",2022,808909,41602,133327,6433,268534
"21187","Owen","KY",2022,378256,588772,120865,161489,385301
"21097","Harrison","KY",2022,82632,92403,36288,42801,235066
"21197","Powell","KY",2022,706621,173323,496751,18036,168619
"21069","Fleming","KY",2022,61512,120739,313922,159810,231399
"21063","Elliott","KY",2022,470192,779121,293283,267492,32615
"21079","Garrard","KY",2022,842704,587947,345860,159385,32184
"22069","Natchitoches","LA",2022,634086,700890,41278,284200,66893
"22081","Red River","LA",2022,949948,477817,494117,35460,372612
"22001","Acadia","LA",2022,532950,736547,193844,249709,244251
"23007","Franklin","ME",2022,608081,547386,444560,114649,128024
"25015","Hampshire","MA",2022,113239,814823,464113,214629,302440
"26095","Luce","MI",2022,72829,779591,447177,125280,11596
"27097","Morrison","MN",2022,537763,833533,140242,289865,348427
"27023","Chippewa","MN",2022,539799,483892,428223,44688,116458
"27139","Scott","MN",2022,735326,651603,264298,167531,355997
"27087","Mahnomen","MN",2022,136125,440143,283824,14557,236327
"28121","Rankin","MS",2022,326552,563717,291966,36130,126515
"28083","Leflore","MS",2022,71926,326969,271976,107209,381774
"29113","Lincoln","MO",2022,404660,655046,339094,291215,165263
"29167","Polk","MO",2022,211834,639343,486958,238107,85228
"29207","Stoddard","MO",2022,155645,808781,129307,28112,45384
"30013","Cascade","MT",2022,574911,218351,304051,240104,280687
"30093","Silver Bow","MT",2022,491206,342132,119526,141832,119542
"30055","McCone","MT",2022,290973,309644,391661,52864,283920
"30059","Meagher","MT",2022,102910,116524,228077,250043,173369
"30033","Garfield","MT",2022,434748,243141,124021,195629,84501
"31071","Garfield","NE",2022,670340,432996,305671,250608,274375
"31115","Loup","NE",2022,485992,430184,313973,130106,36309
"31075","Grant","NE",2022,111431,304065,287989,94746,325755
"36053","Madison","NY",2022,235174,570821,261410,104476,247723
"36077","Otsego","NY",2022,184948,743381,151067,252647,291897
"36051","Livingston","NY",2022,117243,568204,133319,290566,320682
"37147","Pitt","NC",2022,206896,267568,215453,269744,399235
"37085","Harnett","NC",2022,341170,187561,418165,165850,63560
"37079","Greene","NC",2022,867799,666755,425767,36845,56600
"37125","Moore","NC",2022,349490,546544,267610,192543,148699
"37023","Burke","NC",2022,868299,385798,228317,204533,367091
"37021","Buncombe","NC",2022,435648,800208,104756,29737,308028
"37093","Hoke","NC",2022,775073,727067,221090,161611,385824
"38073","Ransom","ND",2022,546464,386805,263253,178687,168788
"38007","Billings","ND",2022,551132,821025,90087,222423,279461
"39101","Marion","OH",2022,136024,139555,384217,69397,322435
"40027","Cleveland","OK",2022,254977,660850,436754,88345,184142
"42071","Lancaster","PA",2022,752682,195745,237077,222624,246199
"42043","Dauphin","PA",2022,481712,640203,112962,275514,339199
"42067","Juniata","PA",2022,923195,817827,385977,238647,118450
"42027","Centre","PA",2022,348075,421474,187750,233233,263560
"42035","Clinton","PA",2022,806551,324461,203067,67669,398255
"42063","Indiana","PA",2022,559608,606500,66871,292480,397305
"42099","Perry","PA",2022,659989,222230,68373,23599,207135
"45077","Pickens","SC",2022,42620,161939,447254,52740,182702
"45041","Florence","SC",2022,108079,82122,90989,110282,277542
"45087","Union","SC",2022,692395,210810,373298,118814,368385
"46103","Pennington","SD",2022,57698,138886,223590,256644,255933
"46095","Mellette","SD",2022,283118,591076,296303,204132,196331
"47035","Cumberland","TN",2022,236334,736520,141317,291032,42468
"47021","Cheatham","TN",2022,153597,261025,472100,240133,262458
"47005","Benton","TN",2022,395779,832613,56733,164249,12972
"47041","DeKalb","TN",2022,295109,868945,341862,101486,225475
"47129","Morgan","TN",2022,956987,11228,43846,145376,359690
"47185","White","TN",2022,746612,771413,208080,160299,164046
"47151","Scott","TN",2022,229903,453516,7844,241323,237026
"47107","McMinn","TN",2022,801048,696269,17505,41664,282075
"47117","Marshall","TN",2022,759477,249592,246239,228697,85741
"47003","Bedford","TN",2022,661269,414834,450732,241018,306839
"48373","Polk","TX",2022,738778,648890,36897,170182,265040
"48139","Ellis","TX",2022,305017,30871,425789,200477,17500
"48491","Williamson","TX",2022,701131,800980,28133,104068,30973
"48213","Henderson","TX",2022,404296,519539,393722,115486,346459
"48005","Angelina","TX",2022,332025,189506,294898,152349,269262
"48441","Taylor","TX",2022,250223,208277,388223,280596,348378
"48199","Hardin","TX",2022,583195,692610,197483,289245,382131
"48055","Caldwell","TX",2022,825351,455630,434187,277020,11987
"48063","Camp","TX",2022,684719,62492,351810,239163,368647
"48395","Robertson","TX",2022,500730,16749,408490,188786,288366
"48223","Hopkins","TX",2022,289735,830465,94023,143143,313388
"48225","Houston","TX",2022,836205,158939,125895,108827,173792
"48341","Moore","TX",2022,510202,575277,360705,207323,156996
"48461","Upton","TX",2022,330866,155143,62971,270776,229863
"48387","Red River","TX",2022,393265,100083,48274,209687,339408
"48383","Reagan","TX",2022,543687,584236,38672,29967,247304
"48313","Madison","TX",2022,174567,763338,118912,1234,378180
"49051","Wasatch","UT",2022,597103,645942,18725,253424,142447
"49057","Weber","UT",2022,561890,796334,18711,233081,2749
"49035","Salt Lake","UT",2022,262255,334602,412885,220607,46952
"51101","King William","VA",2022,41932,676097,67344,235104,77384
"51085","Hanover","VA",2022,239683,495641,115105,180664,395208
"51003","Albemarle","VA",2022,976617,778331,303507,250553,160311
"51019","Bedford","VA",2022,739682,79450,280272,48608,195603
"51067","Franklin","VA",2022,636948,575935,255579,21808,378466
"51015","Augusta","VA",2022,676745,871872,217067,47249,221416
"51113","Madison","VA",2022,78314,593141,495621,97088,391003
"51053","Dinwiddie","VA",2022,614943,714012,22912,219242,151554
"51121","Montgomery","VA",2022,867812,273184,14096,14382,2520
"51081","Greensville","VA",2022,2353,720298,203645,240848,118481
"53005","Benton","WA",2022,562113,803632,160968,154575,116057
"54085","Ritchie","WV",2022,61921,822231,490985,171743,165347
"54033","Harrison","WV",2022,656405,173992,187409,252570,332548
"54017","Doddridge","WV",2022,907505,376829,2257,77510,378557
"54043","Lincoln","WV",2022,791623,258476,13633,37079,215499
"54001","Barbour","WV",2022,699997,234554,19795,98215,132526
"54007","Braxton","WV",2022,628330,853089,397605,63817,154181
"55111","Sauk","WI",2022,524269,287926,296510,299140,2757
"55107","Rusk","WI",2022,669635,12234,329663,272846,180050
"60020","Manu'a","AS",2022,712891,655128,160206,176688,198673
"69110","Saipan","MP",2022,67827,333138,58368,160487,348013
"72097","Mayagüez","PR",2022,206757,888003,313409,144026,110735
"72031","Carolina","PR",2022,269356,259597,400631,192620,118097
"72113","Ponce","PR",2022,495178,243445,34581,32599,257965
"72039","Ciales","PR",2022,550460,673461,269548,149811,141438
"72047","Corozal","PR",2022,823228,501997,163774,1980,347277
"72037","Ceiba","PR",2022,638686,873415,205248,91143,366164
"72067","Hormigueros","PR",2022,380143,779779,414447,227282,137183
"21237","Wolfe","KY",2022,336273,16272,242355,24157,149425
"48243","Jeff Davis","TX",2022,230729,391487,411152,70022,58613
"10003","New Castle","DE",2022,550420,828276,206354,298543,267700
"06005","Amador","CA",2022,393859,279488,378898,203816,322260
"06089","Shasta","CA",2022,35352,702653,399381,85712,44467
"04013","Maricopa","AZ",2022,483399,87646,243717,200918,188387
"12127","Volusia","FL",2022,159268,354574,431608,153620,91174
"12101","Pasco","FL",2022,109708,330910,136850,166623,201728
"12123","Taylor","FL",2022,963185,583863,418673,280834,272977
"12017","Citrus","FL",2022,779497,129395,62332,76654,274484
"12131","Walton","FL",2022,897109,333209,325421,216953,315342
"12031","Duval","FL",2022,454701,708978,240176,83128,114662
"12053","Hernando","FL",2022,516456,584931,139971,100013,52745
"12065","Jefferson","FL",2022,566544,832460,159731,107974,254062
"12039","Gadsden","FL",2022,115035,811442,106736,76519,370239
"17043","DuPage","IL",2022,776684,53574,400419,25089,275219
"17161","Rock Island","IL",2022,272298,417610,269663,124934,326967
"13215","Muscogee","GA",2022,250999,292237,341352,249987,93186
"13039","Camden","GA",2022,354598,130982,199227,169655,128886
"13127","Glynn","GA",2022,981032,481236,124192,204769,149611
"13049","Charlton","GA",2022,672724,557055,373126,60730,251343
"13241","Rabun","GA",2022,915122,332575,143767,221246,384313
"01089","Madison","AL",2022,776205,73745,211288,293952,355824
"01071","Jackson","AL",2022,895494,464347,428284,11673,197386
"05007","Benton","AR",2022,651203,146602,304165,244708,182480
"04015","Mohave","AZ",2022,565497,286176,243969,89275,104542
"04005","Coconino","AZ",2022,482211,105105,110148,51785,181838
"05073","Lafayette","AR",2022,726871,647175,382260,193419,137029
"05133","Sevier","AR",2022,456123,184333,171059,282914,101222
"05021","Clay","AR",2022,382921,128881,262112,261026,148658
"05107","Phillips","AR",2022,599345,113349,462225,212394,289733
"05093","Mississippi","AR",2022,953532,433583,189197,231708,211666
"05015","Carroll","AR",2022,137233,282257,189732,66365,101479
"06083","Santa Barbara","CA",2022,939452,45895,220259,57832,14162
"06111","Ventura","CA",2022,432620,590699,122182,83928,287338
"06025","Imperial","CA",2022,887470,173924,376351,285841,70816
"06065","Riverside","CA",2022,772096,199918,453734,287675,282500
"06051","Mono","CA",2022,743484,428017,62424,79631,1323
"06023","Humboldt","CA",2022,559984,727861,261007,189222,112446
"06093","Siskiyou","CA",2022,910394,344261,8194,46455,35095
"08071","Las Animas","CO",2022,582874,253808,356936,254143,397654
"08123","Weld","CO",2022,761861,899764,483830,237772,189505
"08069","Larimer","CO",2022,973093,45964,207117,226518,126745
"09110","Capitol","CT",2022,933799,826307,5363,296014,126264
"38067","Pembina","ND",2022,396289,774127,34244,70099,356433
"37007","Anson","NC",2022,164936,558466,236616,162115,51382
"38053","McKenzie","ND",2022,661346,205652,300081,233056,294775
"39095","Lucas","OH",2022,444369,320441,206610,117492,369451
"39171","Williams","OH",2022,990310,812059,125814,229961,107029
"41015","Curry","OR",2022,994476,199204,496012,45846,226192
"41039","Lane","OR",2022,240033,539341,267191,267358,267540
"41025","Harney","OR",2022,829151,624207,34177,2885,92110
"42051","Fayette","PA",2022,800687,518980,33731,73620,204454
"42055","Franklin","PA",2022,563771,408229,476644,163065,2952
"44007","Providence","RI",2022,402924,403450,74668,35384,261587
"45003","Aiken","SC",2022,344979,373986,308514,133544,233105
"13251","Screven","GA",2022,430200,296588,135075,156284,83078
"12095","Orange","FL",2022,902382,542245,326169,194756,366322
"16033","Clark","ID",2022,312509,411441,56404,122580,169808
"16049","Idaho","ID",2022,711357,774719,252512,34375,309600
"16069","Nez Perce","ID",2022,134211,882365,336760,72786,24985
"16059","Lemhi","ID",2022,119530,476232,83193,196713,12005
"17125","Mason","IL",2022,964720,276861,389472,271794,88242
"16021","Boundary","ID",2022,857646,348317,253544,64608,232265
"17087","Johnson","IL",2022,155188,592587,58158,102802,235674
"18129","Posey","IN",2022,474291,339772,262990,298443,197649
"19111","Lee","IA",2022,699510,255195,271857,242990,189306
"26073","Isabella","MI",2022,809218,842819,147184,248053,350539
"26115","Monroe","MI",2022,127072,46695,58967,50098,214482
"19051","Davis","IA",2022,638991,500553,165019,184243,314080
"19149","Plymouth","IA",2022,714736,842441,24110,21150,268922
"19063","Emmet","IA",2022,280177,569268,253328,13990,191525
"18081","Johnson","IN",2022,673078,247617,51689,6115,105696
"20147","Phillips","KS",2022,61496,338248,493712,78310,343739
"36025","Delaware","NY",2022,61409,163884,102879,34906,267894
"36061","New York","NY",2022,586252,272002,15951,210653,72701
"36065","Oneida","NY",2022,550042,127804,1904,126114,354635
"08059","Jefferson","CO",2022,283295,239163,231546,292909,147864
"08037","Eagle","CO",2022,83209,438713,484941,99231,145554
"40147","Washington","OK",2022,631250,74621,223478,8303,32936
"21027","Breckinridge","KY",2022,845943,664376,51679,39031,42618
"40075","Kiowa","OK",2022,745626,623624,124974,37873,188889
"40113","Osage","OK",2022,656354,77544,399841,80606,358799
"08117","Summit","CO",2022,439905,647497,195693,223331,323334
"36115","Washington","NY",2022,287373,820835,182641,227483,238580
"36009","Cattaraugus","NY",2022,8877,384722,30564,275541,250507
"21221","Trigg","KY",2022,991358,206405,395533,126906,249890
"22075","Plaquemines","LA",2022,471009,335560,11814,274257,5121
"08093","Park","CO",2022,813164,52543,279752,122473,164711
"08051","Gunnison","CO",2022,566822,350531,150004,255051,15123
"22113","Vermilion","LA",2022,457068,166142,402523,189436,15805
"22101","St. Mary","LA",2022,348498,511528,53600,127083,241040
"08107","Routt","CO",2022,445079,251762,120803,193296,103401
"22017","Caddo","LA",2022,367362,732894,87440,241059,276479
"08029","Delta","CO",2022,756118,891482,290506,146133,299366
"22123","West Carroll","LA",2022,420581,741072,109190,274085,252209
"22115","Vernon","LA",2022,736238,14834,239873,164089,380186
"23031","York","ME",2022,954105,22034,246941,91814,204247
"22091","St. Helena","LA",2022,58211,571350,376227,244355,217531
"23003","Aroostook","ME",2022,895421,170534,47966,95875,179071
"02090","Fairbanks North Star","AK",2022,465921,204462,293231,136892,135118
"02050","Bethel","AK",2022,659606,811164,41715,185380,266943
"02240","Southeast Fairbanks","AK",2022,31220,198605,230441,139058,261924
"23017","Oxford","ME",2022,23986,404760,421913,218024,116567
"24037","St. Mary's","MD",2022,57886,328821,403219,295259,182088
"24017","Charles","MD",2022,622129,335717,231850,222901,350568
"02188","Northwest Arctic","AK",2022,31113,555004,117138,48549,33331
"24021","Frederick","MD",2022,98919,718604,473957,137462,254246
"24043","Washington","MD",2022,361692,307465,343985,244781,364465
"01043","Cullman","AL",2022,749089,590327,86831,97240,129820
"01001","Autauga","AL",2022,149201,765889,91370,81003,342640
"01121","Talladega","AL",2022,924219,803962,204480,270726,195578
"25025","Suffolk","MA",2022,41485,280716,249348,85619,215480
"25005","Bristol","MA",2022,403761,420736,102182,4000,245995
"01131","Wilcox","AL",2022,753715,176516,41545,69848,322693
"01091","Marengo","AL",2022,360929,567711,316344,138172,315357
"27027","Clay","MN",2022,387049,291435,170931,158754,30643
"27017","Carlton","MN",2022,120032,588636,206864,245272,104818
"27119","Polk","MN",2022,984204,766020,15306,5036,262569
"01041","Crenshaw","AL",2022,44330,186400,48500,40923,324245
"01085","Lowndes","AL",2022,768515,371343,342379,164209,8558
"01063","Greene","AL",2022,552434,189032,164079,163867,169616
"28149","Warren","MS",2022,527562,681885,421132,271110,369006
"28153","Wayne","MS",2022,23104,707517,378469,192262,393497
"29143","New Madrid","MO",2022,803199,716353,453213,267134,51800
"29095","Jackson","MO",2022,129605,875226,494009,224951,392329
"29183","St. Charles","MO",2022,450923,601211,207066,201419,224692
"29197","Schuyler","MO",2022,659164,580464,138382,191492,38667
"29023","Butler","MO",2022,371172,452949,158954,299000,324568
"29157","Perry","MO",2022,124242,44295,22659,140216,340002
"30003","Big Horn","MT",2022,758972,850165,310403,108579,77019
"30053","Lincoln","MT",2022,406463,700103,169006,8991,43370
"30051","Liberty","MT",2022,760299,707641,248537,76730,106271
"30005","Blaine","MT",2022,411478,375431,439071,241668,19105
"30083","Richland","MT",2022,77963,311161,189830,78879,101716
"30001","Beaverhead","MT",2022,590060,307265,325987,153324,277336
"30009","Carbon","MT",2022,257333,688683,291065,34445,360972
"32017","Lincoln","NV",2022,965579,892879,387496,183896,348019
"32033","White Pine","NV",2022,529714,54859,196833,31849,62920
"33017","Strafford","NH",2022,57193,330221,425225,99136,68917
"34009","Cape May","NJ",2022,248201,704774,95803,110816,285019
"34015","Gloucester","NJ",2022,322015,744578,385052,259411,116514
"34003","Bergen","NJ",2022,205370,28618,349056,148557,60570
"34019","Hunterdon","NJ",2022,667167,157274,309643,58827,325882
"35017","Grant","NM",2022,532668,601401,91888,197153,349843
"35045","San Juan","NM",2022,355134,505236,175205,270589,388256
"35039","Rio Arriba","NM",2022,608470,578906,324946,61191,151585
"35007","Colfax","NM",2022,707322,322418,398537,220059,338162
"36045","Jefferson","NY",2022,203768,230703,198108,252284,61487
"36019","Clinton","NY",2022,21617,168601,210668,236024,364505
"36031","Essex","NY",2022,853552,392529,441926,18358,312068
"37095","Hyde","NC",2022,240017,437429,330130,36908,208106
"37055","Dare","NC",2022,187652,654111,359441,240053,13443
"37129","New Hanover","NC",2022,801701,88185,351284,86533,358228
"37119","Mecklenburg","NC",2022,390193,575789,274587,244173,178788
"37137","Pamlico","NC",2022,554815,226091,307356,203295,159481
"37089","Henderson","NC",2022,488521,671156,292368,17075,382217
"37115","Madison","NC",2022,338551,759325,103241,166479,35138
"37155","Robeson","NC",2022,63834,516296,427479,202356,195270
"38017","Cass","ND",2022,132278,578340,413247,292773,202313
"13185","Lowndes","GA",2022,441983,388419,33384,174783,69759
"13171","Lamar","GA",2022,622814,603572,299939,205215,2838
"13133","Greene","GA",2022,132892,480278,400137,231539,159197
"13183","Long","GA",2022,21776,463656,193096,116915,173103
"13019","Berrien","GA",2022,480156,118936,463694,253538,333090
"13263","Talbot","GA",2022,43827,55203,72607,137347,382491
"13191","McIntosh","GA",2022,822264,3328,39633,160557,310628
"13205","Mitchell","GA",2022,3108,686295,433797,190943,247189
"13141","Hancock","GA",2022,606354,549583,438370,238779,91837
"13283","Treutlen","GA",2022,577960,160445,101513,117624,321585
"13265","Taliaferro","GA",2022,845893,541552,192103,240527,351112
"15003","Honolulu","HI",2022,613513,147913,498915,176797,324521
"15001","Hawaii","HI",2022,134454,274816,321045,235528,127376
"16063","Lincoln","ID",2022,408277,836531,232553,170084,345648
"16037","Custer","ID",2022,284703,219860,299533,243014,302770
"16039","Elmore","ID",2022,352636,326134,148584,179724,218488
"16003","Adams","ID",2022,811438,715947,347042,61187,28349
"16029","Caribou","ID",2022,408080,807024,259776,15513,190593
"17047","Edwards","IL",2022,749010,257820,179371,50004,338618
"18049","Fulton","IN",2022,110575,829222,406328,149689,235700
"18175","Washington","IN",2022,718709,352216,155850,190609,244450
"18013","Brown","IN",2022,701500,447265,301629,34505,388306
"18009","Blackford","IN",2022,954489,161460,383604,216401,14162
"19105","Jones","IA",2022,21275,723742,54173,257247,105982
"19077","Guthrie","IA",2022,675025,175717,186069,54014,123368
"20149","Pottawatomie","KS",2022,687681,152260,112420,224031,79808
"20055","Finney","KS",2022,288679,790162,39877,213838,73928
"20167","Russell","KS",2022,667855,388789,134557,66062,118287
"20135","Ness","KS",2022,659040,75149,30299,172003,182832
"20093","Kearny","KS",2022,892274,694877,318416,61060,107664
"21029","Bullitt","KY",2022,936228,833113,30159,129240,224206
"21067","Fayette","KY",2022,43131,437786,403670,276924,218157
"21209","Scott","KY",2022,530097,456887,296881,22278,345606
"21031","Butler","KY",2022,774001,777963,146037,157760,57902
"21025","Breathitt","KY",2022,991047,526668,467985,85646,396674
"21181","Nicholas","KY",2022,711515,581691,304720,99600,261729
"21155","Marion","KY",2022,774515,866988,402285,108366,245103
"21085","Grayson","KY",2022,49929,259947,456383,126794,383072
"21177","Muhlenberg","KY",2022,886726,501783,241299,281837,295263
"45069","Marlboro","SC",2022,553271,578805,380872,28152,386691
"45007","Anderson","SC",2022,891905,760570,336399,186390,229250
"45083","Spartanburg","SC",2022,593346,133239,82486,198193,90166
"46127","Union","SD",2022,781428,695624,261393,218465,285509
"46013","Brown","SD",2022,948328,412427,248307,217816,112792
"47079","Henry","TN",2022,315567,681910,55880,216855,362855
"47029","Cocke","TN",2022,216085,613841,54395,291369,206275
"47155","Sevier","TN",2022,797017,793648,451590,292185,57273
"47167","Tipton","TN",2022,143983,376464,335391,106344,351163
"47147","Robertson","TN",2022,731012,823725,70482,171958,77108
"48167","Galveston","TX",2022,225594,159346,282435,49186,313944
"48261","Kenedy","TX",2022,793951,654769,178845,54312,235259
"48479","Webb","TX",2022,540914,582075,116136,99178,312869
"48409","San Patricio","TX",2022,990397,848820,322668,285360,139534
"48141","El Paso","TX",2022,503354,794920,86707,30198,310326
"48321","Matagorda","TX",2022,656520,200309,140424,199496,342892
"48245","Jefferson","TX",2022,61086,376262,258712,257462,347473
"49025","Kane","UT",2022,789860,451559,1844,281520,98881
"51141","Patrick","VA",2022,739935,73372,285394,4199,135132
"49005","Cache","UT",2022,226414,485106,230960,79475,226209
"49043","Summit","UT",2022,49904,116689,409639,181303,190709
"49047","Uintah","UT",2022,461981,185650,209915,56028,334282
"49023","Juab","UT",2022,637829,379488,413454,259045,282420
"50009","Essex","VT",2022,422035,611694,11173,177942,54658
"51001","Accomack","VA",2022,39333,68935,194235,229360,52777
"51095","James City","VA",2022,575688,214484,258252,17218,283705
"51093","Isle of Wight","VA",2022,812452,220448,479644,17512,266133
"51153","Prince William","VA",2022,47530,774772,120223,184263,45835
"51057","Essex","VA",2022,169748,24732,178940,138242,231481
"51105","Lee","VA",2022,442315,189960,379288,143184,72123
"51195","Wise","VA",2022,860692,681776,249640,39944,99367
"51191","Washington","VA",2022,955202,168555,251398,139263,62987
"51083","Halifax","VA",2022,473827,148168,145549,249443,68455
"51059","Fairfax","VA",2022,80543,66681,338291,130218,181295
"51171","Shenandoah","VA",2022,285845,747952,408436,202266,84810
"53073","Whatcom","WA",2022,653002,174883,360468,48882,292380
"53067","Thurston","WA",2022,341224,751577,191969,197098,1187
"53033","King","WA",2022,626277,266784,491100,80937,121156
"53075","Whitman","WA",2022,452809,638255,400169,273890,70478
"53031","Jefferson","WA",2022,128895,725181,45899,155673,183644
"53065","Stevens","WA",2022,445706,480024,459528,255695,238623
"54063","Monroe","WV",2022,636376,503371,193858,3012,117877
"54073","Pleasants","WV",2022,603367,691364,252751,3230,394321
"54095","Tyler","WV",2022,462400,303820,383463,148638,129732
"54047","McDowell","WV",2022,763066,137684,398571,105176,303892
"54025","Greenbrier","WV",2022,828288,558738,454637,35497,207156
"54027","Hampshire","WV",2022,993472,238726,240996,203154,204519
"54071","Pendleton","WV",2022,987455,141945,157698,108163,108922
"55003","Ashland","WI",2022,716048,367339,449746,293500,100143
"55011","Buffalo","WI",2022,640528,56945,483660,184054,17560
"04007","Gila","AZ",2022,426646,502662,479656,211522,47109
"05023","Cleburne","AR",2022,349524,567773,340239,128751,35796
"05069","Jefferson","AR",2022,268031,305626,446786,189555,65683
"05029","Conway","AR",2022,125856,768600,376169,281706,394001
"05117","Prairie","AR",2022,591431,224593,446547,100129,240872
"05057","Hempstead","AR",2022,352171,368118,491461,28877,271082
"05067","Jackson","AR",2022,361862,683517,318562,63279,162586
"05039","Dallas","AR",2022,756474,541020,299658,128322,224127
"06039","Madera","CA",2022,587134,284874,213215,45940,17230
"06047","Merced","CA",2022,39075,802709,276158,238218,343594
"06103","Tehama","CA",2022,418525,559731,411703,234424,131915
"06115","Yuba","CA",2022,358438,798952,468199,237262,180918
"06043","Mariposa","CA",2022,532750,682651,385562,111173,24404
"08053","Hinsdale","CO",2022,271218,788305,185931,285828,118466
"08033","Dolores","CO",2022,241876,141067,138143,34620,318383
"12001","Alachua","FL",2022,211158,686845,372136,238102,100146
"12073","Leon","FL",2022,332262,633248,239345,207513,331189
"12093","Okeechobee","FL",2022,439793,482251,316466,88128,270067
"12013","Calhoun","FL",2022,925170,283115,270002,195987,130113
"12007","Bradford","FL",2022,748298,536767,251540,297651,217234
"12023","Columbia","FL",2022,479167,438555,306986,152901,294680
"13089","DeKalb","GA",2022,462052,295885,254623,142956,301670
"13139","Hall","GA",2022,550896,510242,303599,275110,105704
"13153","Houston","GA",2022,835702,94739,705,254728,274271
"13137","Habersham","GA",2022,178716,112671,17314,124171,7851
"13157","Jackson","GA",2022,684720,290220,300078,160251,362161
"13279","Toombs","GA",2022,972223,165174,469362,45006,176621
"13013","Barrow","GA",2022,221292,242380,29153,140561,356109
"13269","Taylor","GA",2022,246081,459902,336387,21106,177228
"13113","Fayette","GA",2022,278012,605610,427,287516,258127
"48455","Trinity","TX",2022,602317,367182,120991,296828,77347
"48015","Austin","TX",2022,761728,445102,271515,272498,324243
"48035","Bosque","TX",2022,696846,856036,312422,165846,147083
"48001","Anderson","TX",2022,142232,523415,417190,83734,262348
"48119","Delta","TX",2022,843224,322438,116603,110409,62527
"48469","Victoria","TX",2022,715417,889967,361337,293516,344752
"48411","San Saba","TX",2022,625984,228491,497809,23400,90814
"48459","Upshur","TX",2022,737383,873254,197113,85589,226357
"48083","Coleman","TX",2022,894387,144005,246516,281778,238474
"48153","Floyd","TX",2022,697156,295164,306598,174383,120045
"48471","Walker","TX",2022,821282,267433,10305,194388,107475
"48477","Washington","TX",2022,186188,89850,96366,134329,368117
"48335","Mitchell","TX",2022,339528,391287,137935,59855,87958
"48343","Morris","TX",2022,26305,426174,441237,226819,69554
"48263","Kent","TX",2022,212121,267239,119516,296299,62868
"48011","Armstrong","TX",2022,313591,728676,453225,41825,19030
"21153","Magoffin","KY",2022,921153,5533,2928,14749,158044
"21121","Knox","KY",2022,547818,195672,113345,78666,197238
"21017","Bourbon","KY",2022,25855,105410,153346,279183,334823
"21205","Rowan","KY",2022,174417,415160,58908,190845,373444
"21051","Clay","KY",2022,928936,388364,413531,252826,80738
"21043","Carter","KY",2022,60420,246826,13478,8226,388247
"21123","Larue","KY",2022,648608,50683,153813,231116,397529
"22103","St. Tammany","LA",2022,551835,869131,238295,51088,15319
"22009","Avoyelles","LA",2022,293751,268115,36308,168146,257127
"22073","Ouachita","LA",2022,334914,553147,242069,130721,311755
"22127","Winn","LA",2022,28520,666917,114108,157219,122497
"22097","St. Landry","LA",2022,442402,482766,154378,103197,92639
"22025","Catahoula","LA",2022,408460,343389,206057,150103,123029
"22077","Pointe Coupee","LA",2022,259441,569251,2179,234576,342667
"22041","Franklin","LA",2022,649897,565494,468949,272408,211728
"24027","Howard","MD",2022,315546,393069,375567,174976,136968
"27053","Hennepin","MN",2022,168222,541022,76732,14462,336482
"27013","Blue Earth","MN",2022,27939,657744,281676,56885,236231
"27039","Dodge","MN",2022,692768,869697,385635,25273,320719
"28029","Copiah","MS",2022,378510,535674,140583,110747,14195
"28089","Madison","MS",2022,675591,678013,346935,249666,1960
"28081","Lee","MS",2022,506694,846599,8058,193474,111455
"28051","Holmes","MS",2022,12748,792564,234638,40766,15460
"28073","Lamar","MS",2022,322980,597583,240730,210976,175964
"29057","Dade","MO",2022,541997,444956,26891,146043,149168
"29205","Shelby","MO",2022,122815,260850,24739,140482,5854
"30063","Missoula","MT",2022,370450,72619,360670,176888,52176
"30043","Jefferson","MT",2022,579626,697476,461323,268491,199034
"30099","Teton","MT",2022,821547,586823,449426,184547,30472
"30049","Lewis and Clark","MT",2022,547068,261145,152431,34259,15298
"30087","Rosebud","MT",2022,21050,564765,72700,267072,102833
"30027","Fergus","MT",2022,541824,526361,428016,99075,13457
"30045","Judith Basin","MT",2022,193862,894583,99324,185185,175656
"30023","Deer Lodge","MT",2022,967272,769673,117610,74471,106556
"31167","Stanton","NE",2022,368976,197443,198704,123133,277125
"31101","Keith","NE",2022,998210,366235,367624,184838,362621
"32011","Eureka","NV",2022,266352,670745,200562,65475,274305
"32015","Lander","NV",2022,57135,809868,469515,193869,223207
"34027","Morris","NJ",2022,245913,750454,400949,2452,121748
"35033","Mora","NM",2022,144520,415114,229602,249245,372857
"35011","De Baca","NM",2022,25002,245058,447600,38820,318213
"36091","Saratoga","NY",2022,75011,156143,429695,4381,133808
"37015","Bertie","NC",2022,696605,763232,281553,57187,68130
"37027","Caldwell","NC",2022,778997,866266,238630,7217,44663
"37111","McDowell","NC",2022,656782,308512,465064,100974,204719
"37153","Richmond","NC",2022,168110,104334,335677,74990,44272
"37123","Montgomery","NC",2022,820852,813911,12395,182594,49337
"37083","Halifax","NC",2022,926733,523341,370761,238948,51705
"37059","Davie","NC",2022,212050,315728,210460,147200,376274
"37199","Yancey","NC",2022,605858,111007,120781,221823,223693
"38005","Benson","ND",2022,348888,892845,377180,128753,182040
"38003","Barnes","ND",2022,477215,834778,307938,123175,241814
"38059","Morton","ND",2022,789899,246288,39021,298080,143898
"38037","Grant","ND",2022,107424,673935,35262,41660,220897
"39147","Seneca","OH",2022,675443,163526,26370,141577,293242
"39059","Guernsey","OH",2022,527028,694446,423206,262717,13204
"40073","Kingfisher","OK",2022,408818,447524,334276,245220,6791
"41005","Clackamas","OR",2022,180219,817882,64238,110674,41736
"41047","Marion","OR",2022,886831,108863,307443,126926,68682
"41031","Jefferson","OR",2022,342889,454768,340800,27709,277240
"42031","Clarion","PA",2022,580142,788928,319088,85242,172501
"42061","Huntingdon","PA",2022,942250,684093,118264,119507,90574
"45085","Sumter","SC",2022,53012,474566,169211,118806,146090
"45031","Darlington","SC",2022,138353,200578,475686,69904,154420
"45035","Dorchester","SC",2022,605209,734916,148070,55929,169076
"45015","Berkeley","SC",2022,965437,708838,444560,36734,222902
"45025","Chesterfield","SC",2022,107706,164181,150858,136142,45498
"45075","Orangeburg","SC",2022,993532,354322,123108,53014,135150
"45055","Kershaw","SC",2022,211245,787126,487576,205051,195811
"45059","Laurens","SC",2022,721322,766759,84775,69005,271101
"45017","Calhoun","SC",2022,409311,76837,229116,231978,119131
"45009","Bamberg","SC",2022,94284,325043,459721,63219,174043
"46003","Aurora","SD",2022,590844,438557,59396,3486,343028
"47045","Dyer","TN",2022,647218,583541,474984,266068,66089
"47093","Knox","TN",2022,710694,520072,34530,269982,198886
"47189","Wilson","TN",2022,34900,500620,165559,218093,392086
"47143","Rhea","TN",2022,419474,117858,57858,103217,169723
"47053","Gibson","TN",2022,39840,202351,226227,20906,333554
"47085","Humphreys","TN",2022,773421,804404,326657,198898,260976
"47159","Smith","TN",2022,188871,455322,463100,3388,320374
"47049","Fentress","TN",2022,81214,898261,464592,95761,81823
"47145","Roane","TN",2022,196989,357336,234547,259956,364253
"47105","Loudon","TN",2022,676399,668832,455795,141506,339735
"47055","Giles","TN",2022,72743,553684,171113,91459,154884
"47119","Maury","TN",2022,750223,516431,267181,146098,146309
"47121","Meigs","TN",2022,475804,258669,389711,186459,103469
"47135","Perry","TN",2022,446762,218547,437726,124160,58710
"47127","Moore","TN",2022,594427,102368,245008,142176,394871
"48091","Comal","TX",2022,850587,34025,63782,221264,268331
"48453","Travis","TX",2022,543160,576070,62273,249025,298270
"48475","Ward","TX",2022,518533,83259,226375,233660,46757
"48161","Freestone","TX",2022,80039,694165,359083,279677,153491
"48073","Cherokee","TX",2022,967769,744328,244559,222792,337843
"48293","Limestone","TX",2022,216560,832044,332298,5370,190700
"48499","Wood","TX",2022,572770,558362,344123,285443,68522
"48333","Mills","TX",2022,458355,95802,299340,103754,80959
"48317","Martin","TX",2022,321754,66835,14050,216357,135727
"23025","Somerset","ME",2022,688313,327367,378270,239534,315941
"24033","Prince George's","MD",2022,178008,309452,218687,247174,292722
"24015","Cecil","MD",2022,325177,604739,239564,168527,82481
"01101","Montgomery","AL",2022,658024,470159,499303,170834,276735
"01095","Marshall","AL",2022,148155,447092,319945,20429,320160
"25017","Middlesex","MA",2022,957606,792043,428814,298192,149069
"25027","Worcester","MA",2022,375311,670640,10620,32628,129269
"26083","Keweenaw","MI",2022,982622,417095,197621,295706,223437
"01109","Pike","AL",2022,452840,560285,285898,15139,247371
"27167","Wilkin","MN",2022,950342,814445,397987,87362,244960
"27073","Lac qui Parle","MN",2022,608888,377386,381282,259403,183902
"27089","Marshall","MN",2022,953875,602198,471567,251827,312075
"28055","Issaquena","MS",2022,501842,191870,73952,167332,21240
"28021","Claiborne","MS",2022,872071,763319,118986,6135,163044
"29013","Bates","MO",2022,921321,481740,68360,123899,117326
"29087","Holt","MO",2022,738311,259455,427733,90926,306747
"30081","Ravalli","MT",2022,141796,615402,277627,226192,213521
"31095","Jefferson","NE",2022,313853,31820,325628,38652,113416
"32003","Clark","NV",2022,347284,207306,35000,108533,146856
"33007","Coos","NH",2022,181455,515833,71079,272946,111777
"34033","Salem","NJ",2022,873137,521854,420946,213654,233687
"34021","Mercer","NJ",2022,923363,534687,245612,176789,344308
"35055","Taos","NM",2022,289827,185058,108017,134404,375532
"36013","Chautauqua","NY",2022,830162,142862,438129,99907,56407
"37019","Brunswick","NC",2022,877130,53378,418203,16069,245050
"37113","Macon","NC",2022,729399,41968,363470,163231,146735
"37013","Beaufort","NC",2022,53230,896777,273532,47036,358714
"37139","Pasquotank","NC",2022,516326,584949,105421,266877,141730
"37173","Swain","NC",2022,771161,793152,299942,119943,38198
"38099","Walsh","ND",2022,469677,207530,292524,1313,307642
"39167","Washington","OH",2022,885381,121026,374430,17874,325045
"39061","Hamilton","OH",2022,704670,536565,354554,237328,248837
"40065","Jackson","OK",2022,61403,183799,375581,149772,150361
"40079","Le Flore","OK",2022,81835,185790,195605,22186,172850
"40135","Sequoyah","OK",2022,231255,612989,107839,143461,328367
"41035","Klamath","OR",2022,63006,839008,9389,43399,179717
"42133","York","PA",2022,491124,579000,269728,282041,14753
"42095","Northampton","PA",2022,31914,389686,147985,281225,232688
"42127","Wayne","PA",2022,115728,854754,356238,298921,218759
"45019","Charleston","SC",2022,136072,213154,143218,128412,199459
"45021","Cherokee","SC",2022,729921,786595,210787,242943,73556
"46023","Charles Mix","SD",2022,504589,395727,406645,198844,272146
"47157","Shelby","TN",2022,731629,83995,125103,15655,191271
"47025","Claiborne","TN",2022,253405,132517,266321,126515,303136
"48071","Chambers","TX",2022,994207,716366,19180,140262,379847
"48323","Maverick","TX",2022,915135,23636,467539,149355,103899
"48203","Harrison","TX",2022,861017,534755,360176,108532,93004
"48037","Bowie","TX",2022,959649,106951,282258,198304,184261
"48277","Lamar","TX",2022,594763,605871,119792,115066,265568
"48359","Oldham","TX",2022,675204,754818,461310,95415,308547
"48315","Marion","TX",2022,689306,606689,245340,220929,163442
"49019","Grand","UT",2022,742442,754994,129047,259348,324654
"49045","Tooele","UT",2022,176640,367202,402422,21797,267977
"51099","King George","VA",2022,507762,186192,268667,215307,274192
"51027","Buchanan","VA",2022,707749,482949,90097,155930,126088
"53055","San Juan","WA",2022,22703,873337,48526,77947,106240
"53011","Clark","WA",2022,152365,812489,203151,104281,327218
"53045","Mason","WA",2022,300197,680543,32565,169347,345380
"53019","Ferry","WA",2022,312602,793416,14227,266925,180964
"54037","Jefferson","WV",2022,129171,687760,170286,261937,395338
"55051","Iron","WI",2022,626121,860734,169080,247207,54297
"55007","Bayfield","WI",2022,211538,150459,62026,104246,239130
"56029","Park","WY",2022,978071,193052,98465,287534,336337
"78030","St. Thomas","VI",2022,296900,523372,412215,83861,150983
"04025","Yavapai","AZ",2022,601657,585885,110247,85074,96689
"49029","Morgan","UT",2022,355806,846756,310222,24101,220425
"49011","Davis","UT",2022,627265,487106,127600,150401,11428
"51031","Campbell","VA",2022,281592,193860,412445,81474,171623
"51075","Goochland","VA",2022,263868,126843,335857,24007,199457
"51033","Caroline","VA",2022,966329,406260,20865,85351,298286
"51155","Pulaski","VA",2022,389501,531601,359568,48034,274007
"51161","Roanoke","VA",2022,407758,723278,53373,169537,205875
"51149","Prince George","VA",2022,250399,526609,209126,153188,263851
"51147","Prince Edward","VA",2022,183209,243089,77925,225165,111482
"51157","Rappahannock","VA",2022,866813,542416,279866,38289,175144
"51029","Buckingham","VA",2022,702765,33282,167806,43882,293481
"51660","Harrisonburg","VA",2022,148272,150935,104030,235863,360310
"51007","Amelia","VA",2022,562649,768137,465825,112728,268955
"51097","King and Queen","VA",2022,823577,855947,345564,212497,269762
"53077","Yakima","WA",2022,694864,438313,31420,225439,132980
"53017","Douglas","WA",2022,51896,409710,91108,261810,275679
"53041","Lewis","WA",2022,8200,896347,310781,162767,214238
"53043","Lincoln","WA",2022,521267,481312,368930,150522,220355
"54021","Gilmer","WV",2022,884055,869719,426779,175598,366303
"54045","Logan","WV",2022,402145,194685,160448,238569,68677
"54081","Raleigh","WV",2022,852856,13571,298699,135043,23306
"54093","Tucker","WV",2022,641715,530633,193933,11526,236195
"55133","Waukesha","WI",2022,729643,292777,260423,255595,92760
"31091","Hooker","NE",2022,381071,43904,263436,65003,210294
"01003","Baldwin","AL",2022,217097,565054,48370,80267,96800
"01129","Washington","AL",2022,381340,143154,144432,262764,297074
"02122","Kenai Peninsula","AK",2022,81482,461477,341725,78019,139377
"05139","Union","AR",2022,225774,406866,34824,227136,383039
"06073","San Diego","CA",2022,990780,281113,138140,149433,306336
"06081","San Mateo","CA",2022,828434,336810,470382,42084,361800
"06091","Sierra","CA",2022,758310,571067,488158,62083,343654
"06017","El Dorado","CA",2022,379382,893270,465387,81596,350442
"06007","Butte","CA",2022,754447,775041,376992,147873,122897
"09170","South Central Connecticut","CT",2022,669910,523428,290606,43819,253137
"06109","Tuolumne","CA",2022,269456,797588,269555,132515,349324
"04021","Pinal","AZ",2022,673770,778398,102879,244608,355556
"12075","Levy","FL",2022,883563,349658,247779,16074,8787
"12045","Gulf","FL",2022,292469,185429,373182,211591,266675
"16087","Washington","ID",2022,989256,852116,92543,232371,152601
"13073","Columbia","GA",2022,36761,626677,164238,297068,25397
"13313","Whitfield","GA",2022,615568,637409,214728,262116,313911
"13143","Haralson","GA",2022,578535,428075,21993,187398,71666
"16073","Owyhee","ID",2022,858189,752906,223470,55058,270027
"16043","Fremont","ID",2022,504388,624319,451918,99596,103004
"17003","Alexander","IL",2022,17827,41595,414985,96911,113453
"18047","Franklin","IN",2022,435507,123629,481853,236617,140632
"26089","Leelanau","MI",2022,231669,319648,379804,115934,90790
"18147","Spencer","IN",2022,600886,169118,214655,77658,191423
"18183","Whitley","IN",2022,982999,8429,235771,110172,92976
"08109","Saguache","CO",2022,659806,490081,450268,202461,103880
"26121","Muskegon","MI",2022,764598,430711,296335,205722,110785
"21133","Letcher","KY",2022,751302,142158,67316,195178,99967
"40125","Pottawatomie","OK",2022,8017,449918,62185,78051,294325
"08043","Fremont","CO",2022,738351,581992,387870,284270,91706
"26047","Emmet","MI",2022,634822,785724,121515,196524,227278
"08013","Boulder","CO",2022,49029,27520,170042,263222,381602
"08049","Grand","CO",2022,597985,785697,56236,288541,146713
"22045","Iberia","LA",2022,836889,120073,459063,256016,252350
"22107","Tensas","LA",2022,769103,365505,237238,296418,88664
"22019","Calcasieu","LA",2022,826625,593966,289853,49856,199655
"22125","West Feliciana","LA",2022,554850,191235,321144,147732,64506
"02158","Kusilvak","AK",2022,832440,561722,229996,13505,72957
"42029","Chester","PA",2022,810231,546397,432353,56256,12226
"45029","Colleton","SC",2022,862536,337313,485742,9432,306103
"16007","Bear Lake","ID",2022,764054,224751,463316,109431,373387
"17185","Wabash","IL",2022,366298,181358,344975,276003,55988
"17129","Menard","IL",2022,434686,876515,287461,56969,113862
"26163","Wayne","MI",2022,476028,490440,189982,112286,167797
"18083","Knox","IN",2022,184016,95721,366996,216203,279222
"19195","Worth","IA",2022,531967,881632,478531,33418,382205
"18073","Jasper","IN",2022,811025,895186,491,152315,231274
"36047","Kings","NY",2022,309216,128262,297433,17029,141138
"26055","Grand Traverse","MI",2022,577085,69204,289036,231781,100719
"40087","McClain","OK",2022,253031,694862,432257,132917,337420
"36043","Herkimer","NY",2022,264273,175154,217161,91444,151573
"21059","Daviess","KY",2022,652034,851217,363410,78929,138384
"26053","Gogebic","MI",2022,106962,815445,296455,159924,255877
"05041","Desha","AR",2022,593751,522207,7989,144195,277531
"06011","Colusa","CA",2022,398435,586220,327352,114972,44041
"12083","Marion","FL",2022,528165,781158,452544,94627,172074
"12049","Hardee","FL",2022,633045,695380,57132,254756,177685
"12125","Union","FL",2022,468560,693984,7628,130921,379644
"13311","White","GA",2022,347975,772322,493187,289650,232025
"13151","Henry","GA",2022,884688,94372,81208,15349,321183
"13105","Elbert","GA",2022,594560,391722,343408,42482,238712
"13303","Washington","GA",2022,714379,665845,354399,290532,373639
"13149","Heard","GA",2022,73044,467573,465689,235848,50035
"13229","Pierce","GA",2022,846089,207685,464501,34379,273413
"16041","Franklin","ID",2022,230955,1037,260051,193697,123326
"17175","Stark","IL",2022,612809,182727,28735,153229,167928
"18041","Fayette","IN",2022,87451,629174,125358,297858,370829
"19127","Marshall","IA",2022,88473,569636,223716,228042,345934
"19021","Buena Vista","IA",2022,252211,820399,473705,12234,36553
"20161","Riley","KS",2022,106390,254023,478797,155326,87906
"21151","Madison","KY",2022,445982,402840,298724,71611,101066
"21013","Bell","KY",2022,966688,370242,354356,203284,324232
"21125","Laurel","KY",2022,953881,204918,471407,182126,64410
"21183","Ohio","KY",2022,224465,515821,184415,254774,283597
"21055","Crittenden","KY",2022,733453,228720,38080,22669,327168
"21231","Wayne","KY",2022,960888,406181,453809,241698,280976
"21131","Leslie","KY",2022,891068,790894,214490,202223,213042
"21189","Owsley","KY",2022,907491,313032,471520,77319,9975
"22071","Orleans","LA",2022,83435,50517,84055,296525,340448
"22099","St. Martin","LA",2022,614380,89727,461670,173285,325632
"22039","Evangeline","LA",2022,859903,849012,32262,256082,161012
"23021","Piscataquis","ME",2022,57103,539093,439748,104940,368051
"26135","Oscoda","MI",2022,743476,473229,217472,50633,370849
"27015","Brown","MN",2022,788214,59805,97114,129039,137321
"27145","Stearns","MN",2022,844445,236442,290260,192332,217107
"28111","Perry","MS",2022,205967,73163,470789,298646,217898
"29041","Chariton","MO",2022,343305,828476,399702,28409,233479
"29027","Callaway","MO",2022,414161,577466,480309,259826,134374
"29075","Gentry","MO",2022,354828,788477,99235,298164,179614
"29029","Camden","MO",2022,951549,839526,499164,156980,16026
"30007","Broadwater","MT",2022,849583,693854,474769,191667,254866
"30025","Fallon","MT",2022,705308,382814,431691,176504,152871
"31171","Thomas","NE",2022,580222,642949,109516,198744,292779
"34035","Somerset","NJ",2022,726574,861861,411240,70015,168845
"37101","Johnston","NC",2022,919176,343616,210561,281337,165066
"37099","Jackson","NC",2022,640975,845421,199102,39659,349244
"38083","Sheridan","ND",2022,448379,354940,307598,272993,281494
"40145","Wagoner","OK",2022,746247,114189,77307,110484,55522
"40133","Seminole","OK",2022,486998,80487,54791,130970,18117
"41013","Crook","OR",2022,429085,263161,215784,247093,230861
"41061","Union","OR",2022,904159,11322,414033,159860,26761
"42091","Montgomery","PA",2022,875457,852517,265332,113295,151058
"42013","Blair","PA",2022,15007,655954,303547,56932,200530
"42033","Clearfield","PA",2022,161433,439617,485930,185110,341056
"42113","Sullivan","PA",2022,463524,363655,485537,9854,286772
"45047","Greenwood","SC",2022,370883,567139,379147,16612,63257
"45067","Marion","SC",2022,79351,796782,143288,976,310016
"46137","Ziebach","SD",2022,974344,435904,49481,220277,335896
"47097","Lauderdale","TN",2022,581406,499034,379310,133910,105078
"47063","Hamblen","TN",2022,872874,28062,116512,57388,170536
"47173","Union","TN",2022,188638,567324,15599,59857,334054
"47057","Grainger","TN",2022,549783,15855,189655,266346,276300
"48135","Ector","TX",2022,281575,417266,410284,278562,322769
"48401","Rusk","TX",2022,715359,262513,452502,118764,107356
"48103","Crane","TX",2022,906630,830769,118833,97381,61814
"48115","Dawson","TX",2022,279057,475615,291748,173991,320032
"48089","Colorado","TX",2022,206357,788206,396081,186915,115327
"48287","Lee","TX",2022,682686,46794,361464,130625,5005
"48347","Nacogdoches","TX",2022,949739,260431,193029,284733,159443
"48025","Bee","TX",2022,800397,363360,87996,164212,241792
"48405","San Augustine","TX",2022,237725,443867,152120,129044,295321
"48319","Mason","TX",2022,687916,862815,75744,148446,41133
"48173","Glasscock","TX",2022,756069,884605,200406,61023,351529
"49007","Carbon","UT",2022,114534,625846,181342,271386,349661
"49017","Garfield","UT",2022,121010,181228,213885,23256,366897
"51041","Chesterfield","VA",2022,322365,403549,61578,124159,234630
"51177","Spotsylvania","VA",2022,501395,553748,227155,214015,163011
"51163","Rockbridge","VA",2022,260820,223335,173261,246246,196690
"51023","Botetourt","VA",2022,476300,686470,79520,242344,236426
"51137","Orange","VA",2022,596207,590667,426429,29420,366067
"51063","Floyd","VA",2022,518992,899945,364314,230732,338294
"51125","Nelson","VA",2022,337300,431711,37242,121178,185826
"53037","Kittitas","WA",2022,858112,799286,299763,197561,101983
"54039","Kanawha","WV",2022,374248,794487,81578,71138,171264
"54049","Marion","WV",2022,48597,897318,190205,35203,28013
"54109","Wyoming","WV",2022,753800,337165,140183,275934,319987
"55001","Adams","WI",2022,433390,206509,434259,46434,17888
"60040","Swains Island","AS",2022,685541,23267,212423,283754,207807
"66010","Guam","GU",2022,440704,242958,425264,16668,138278
"69100","Rota","MP",2022,82309,637801,106588,252392,46746
"72141","Utuado","PR",2022,930948,847369,390249,262063,40029
"72003","Aguada","PR",2022,847933,16211,243912,245302,386568
"72023","Cabo Rojo","PR",2022,418983,46820,74743,256152,30010
"17097","Lake","IL",2022,896591,450070,107762,222137,111188
"17029","Coles","IL",2022,503800,437373,208048,244460,64996
"05009","Boone","AR",2022,745107,807468,380926,284607,388865
"06059","Orange","CA",2022,948803,37081,142001,275670,236041
"06041","Marin","CA",2022,286803,83044,402324,105000,238933
"06085","Santa Clara","CA",2022,987028,11243,394002,12960,338820
"06077","San Joaquin","CA",2022,308350,625811,10643,11048,132134
"06019","Fresno","CA",2022,194011,202723,74126,98031,2616
"09180","Southeastern Connecticut","CT",2022,101885,103065,189314,88125,42216
"40089","McCurtain","OK",2022,736907,330135,275604,143371,28956
"41019","Douglas","OR",2022,48368,15629,33253,76563,17179
"41051","Multnomah","OR",2022,655340,669341,53482,288491,188600
"42111","Somerset","PA",2022,287693,540989,148767,288744,62814
"42101","Philadelphia","PA",2022,314752,728409,331639,79537,207440
"30015","Chouteau","MT",2022,152770,216291,314495,106898,314403
"30073","Pondera","MT",2022,905196,890141,101070,219431,13850
"31155","Saunders","NE",2022,695862,200726,325605,281336,80014
"31085","Hayes","NE",2022,535086,654120,477885,19837,292932
"36111","Ulster","NY",2022,4345,382132,69047,280778,58217
"37167","Stanly","NC",2022,267762,304426,233066,70279,342419
"37193","Wilkes","NC",2022,409323,429843,443274,34465,25973
"37117","Martin","NC",2022,946507,568537,205467,252792,332896
"38071","Ramsey","ND",2022,132870,677015,410075,9078,389009
"39127","Perry","OH",2022,706868,836330,259317,279242,327320
"40117","Pawnee","OK",2022,287806,422886,74377,186006,104354
"41023","Grant","OR",2022,91663,847933,351787,50287,349845
"41003","Benton","OR",2022,257654,200723,357727,197937,360881
"45049","Hampton","SC",2022,496806,42955,471984,144563,369683
"46093","Meade","SD",2022,663336,410548,419189,117635,93398
"46041","Dewey","SD",2022,378538,11084,499801,40818,387855
"46117","Stanley","SD",2022,712151,658636,486249,209868,20444
"47059","Greene","TN",2022,717163,673162,464376,158378,97236
"47031","Coffee","TN",2022,925266,679549,38212,241357,13690
"47187","Williamson","TN",2022,270077,49685,1511,28246,385988
"47037","Davidson","TN",2022,655054,552277,381789,98668,340970
"48339","Montgomery","TX",2022,223824,699858,176987,57661,143741
"48227","Howard","TX",2022,107753,548961,313080,243116,28462
"48289","Leon","TX",2022,50055,704282,315961,162434,43170
"48241","Jasper","TX",2022,326873,480331,25091,25133,78394
"48449","Titus","TX",2022,796816,227602,327981,283969,183160
"51127","New Kent","VA",2022,525493,667434,459988,193344,30236
"51103","Lancaster","VA",2022,135265,46588,121679,277327,165613
"51139","Page","VA",2022,262353,295119,255350,292340,379121
"51017","Bath","VA",2022,530470,348673,207665,247320,349625
"51036","Charles City","VA",2022,332912,699768,218847,228190,16650
"53021","Franklin","WA",2022,814272,313196,112433,113784,40405
"53025","Grant","WA",2022,810013,697240,215682,135981,144980
"54087","Roane","WV",2022,277285,706300,291221,57857,395972
"55057","Juneau","WI",2022,587807,398128,450889,71137,210215
"56013","Fremont","WY",2022,624873,141978,183802,9547,20310
"05003","Ashley","AR",2022,148547,669084,73343,232320,284687
"06053","Monterey","CA",2022,528393,158718,85105,204,95576
"13027","Brooks","GA",2022,267793,867300,380384,64763,181719
"16079","Shoshone","ID",2022,493604,710943,398169,223049,305491
"17189","Washington","IL",2022,734618,688263,498229,88669,266910
"18089","Lake","IN",2022,422817,484070,448496,44575,151038
"26029","Charlevoix","MI",2022,861880,397180,211638,2558,76331
"36081","Queens","NY",2022,13460,690252,297527,250136,330254
"21007","Ballard","KY",2022,721273,392448,390978,197535,342498
"21089","Greenup","KY",2022,155199,845296,194633,231750,162487
"08005","Arapahoe","CO",2022,729067,643556,371498,176151,230041
"24025","Harford","MD",2022,497656,393740,372209,99514,66128
"01117","Shelby","AL",2022,136547,881588,168999,230199,100203
"25011","Franklin","MA",2022,974033,818388,280306,178521,5797
"29227","Worth","MO",2022,25217,41772,439187,42037,277972
"37133","Onslow","NC",2022,337213,894776,86960,73281,166723
"37131","Northampton","NC",2022,465061,201895,482566,273226,308136
"40141","Tillman","OK",2022,225909,87918,113058,19684,333635
"42125","Washington","PA",2022,538347,892179,361939,24605,38775
"45073","Oconee","SC",2022,257227,536203,475256,115845,102286
"48403","Sabine","TX",2022,611006,50929,117000,153934,177066
"22105","Tangipahoa","LA",2022,243296,138559,310172,143653,155780
"23027","Waldo","ME",2022,750772,857616,490817,290773,155249
"02110","Juneau","AK",2022,915757,159682,224718,201010,376387
"02180","Nome","AK",2022,148613,744952,352954,289624,243223
"24035","Queen Anne's","MD",2022,97279,382318,387762,137105,312239
"02070","Dillingham","AK",2022,272639,549502,285550,204447,23589
"24001","Allegany","MD",2022,979063,119525,95473,154592,147483
"27031","Cook","MN",2022,307414,894816,76003,234754,317243
"27075","Lake","MN",2022,249327,802508,255849,240135,286613
"27077","Lake of the Woods","MN",2022,120411,524454,371108,283144,110894
"28109","Pearl River","MS",2022,471595,137720,298267,74466,316987
"28103","Noxubee","MS",2022,385986,63241,397012,207072,302557
"29171","Putnam","MO",2022,985103,12903,209878,102085,341509
"30061","Mineral","MT",2022,691536,442768,44959,150141,283078
"30105","Valley","MT",2022,510266,721377,74280,30488,186811
"30035","Glacier","MT",2022,740535,348823,497635,264156,263242
"32031","Washoe","NV",2022,514270,537498,12402,150857,103905
"33015","Rockingham","NH",2022,274982,274203,43329,22472,139462
"33009","Grafton","NH",2022,911024,461829,102348,130785,17928
"34001","Atlantic","NJ",2022,442570,727563,396999,185105,183650
"37039","Cherokee","NC",2022,772813,581186,484636,31857,388407
"37177","Tyrrell","NC",2022,185202,799847,145880,27952,252669
"37053","Currituck","NC",2022,453755,503525,62887,292401,318148
"37029","Camden","NC",2022,294639,521908,373822,144956,262423
"37161","Rutherford","NC",2022,563971,385912,100299,22842,356446
"38077","Richland","ND",2022,541337,498226,174529,126687,389212
"38097","Traill","ND",2022,329001,44060,489059,273308,65405
"13315","Wilcox","GA",2022,150415,814941,334782,228038,131889
"13025","Brantley","GA",2022,667863,373431,401765,239270,231202
"15007","Kauai","HI",2022,488582,817532,164566,177127,257095
"16031","Cassia","ID",2022,866783,43887,123079,18513,195916
"19179","Wapello","IA",2022,338640,478737,344874,184932,120688
"19035","Cherokee","IA",2022,691800,747490,452422,150011,344056
"20081","Haskell","KS",2022,893579,795480,227767,98093,259470
"21167","Mercer","KY",2022,919144,363472,127886,158156,253106
"21235","Whitley","KY",2022,259510,384295,442084,293983,188936
"21239","Woodford","KY",2022,163851,717311,411735,175770,248641
"21217","Taylor","KY",2022,335080,378062,256154,189794,44750
"21099","Hart","KY",2022,358981,749280,68936,257810,328808
"47013","Campbell","TN",2022,966011,358435,356954,74029,15688
"47073","Hawkins","TN",2022,971297,54532,446017,281429,110646
"47183","Weakley","TN",2022,762247,414986,41473,92783,154574
"47123","Monroe","TN",2022,819926,127605,475402,208440,43002
"48215","Hidalgo","TX",2022,106256,11242,21918,145277,147361
"48057","Calhoun","TX",2022,151373,304711,178821,101705,4852
"48465","Val Verde","TX",2022,472175,595129,318596,26613,276996
"48419","Shelby","TX",2022,697542,707458,380409,247903,114962
"51159","Richmond","VA",2022,672052,823112,26292,255810,169514
"51069","Frederick","VA",2022,745197,898238,29883,58687,322999
"51165","Rockingham","VA",2022,434250,492538,101237,139531,78031
"53057","Skagit","WA",2022,472494,708513,16256,247121,363251
"53049","Pacific","WA",2022,484085,309807,343733,127190,167567
"55023","Crawford","WI",2022,39479,631424,382329,214468,136397
"78020","St. John","VI",2022,207654,590176,33210,79461,275637
"04009","Graham","AZ",2022,643079,882777,336783,13644,171260
"05011","Bradley","AR",2022,49594,459091,87125,23213,262710
"05109","Pike","AR",2022,694132,583102,404033,41744,331183
"05145","White","AR",2022,808558,421454,315996,139566,359377
"05085","Lonoke","AR",2022,230218,131588,209729,259644,229826
"05019","Clark","AR",2022,683300,563246,283586,286773,129243
"12105","Polk","FL",2022,36848,855058,293954,237568,36511
"12055","Highlands","FL",2022,486293,788077,353372,166839,351535
"12133","Washington","FL",2022,961665,206399,149717,189629,133464
"12029","Dixie","FL",2022,649608,815821,36403,252095,48135
"48507","Zavala","TX",2022,479620,620567,145472,136238,371100
"48349","Navarro","TX",2022,500468,784801,459553,44143,357329
"48051","Burleson","TX",2022,726046,619947,432768,26366,337793
"48473","Waller","TX",2022,892580,435840,9285,47461,155092
"48185","Grimes","TX",2022,202187,705967,208701,31946,155382
"48033","Borden","TX",2022,488631,656063,206903,22361,132556
"49049","Utah","UT",2022,562790,262209,155668,104339,192477
"22021","Caldwell","LA",2022,24745,225063,461527,51079,252515
"22063","Livingston","LA",2022,471594,520044,154407,191156,392726
"22059","LaSalle","LA",2022,799755,206940,388732,284304,213084
"23023","Sagadahoc","ME",2022,816339,289190,454993,189301,62872
"26071","Iron","MI",2022,910779,142239,32293,159908,344222
"27061","Itasca","MN",2022,730628,126024,430082,293361,108010
"28049","Hinds","MS",2022,918549,870327,428794,4870,124563
"28161","Yalobusha","MS",2022,431501,751352,354553,83908,198756
"28163","Yazoo","MS",2022,643108,551500,36359,20129,300782
"28053","Humphreys","MS",2022,361232,761649,68582,203308,255567
"12009","Brevard","FL",2022,205791,727766,154646,88671,349304
"04027","Yuma","AZ",2022,6416,818705,433528,165885,254247
"05131","Sebastian","AR",2022,683213,453103,393800,121790,3817
"06013","Contra Costa","CA",2022,156808,157290,44197,162125,57347
"09130","Lower Connecticut River Valley","CT",2022,56216,698382,95002,233040,261677
"41055","Sherman","OR",2022,564196,845751,181426,222512,221545
"16083","Twin Falls","ID",2022,20402,263171,188244,162254,364149
"16035","Clearwater","ID",2022,208151,344328,22839,221462,290347
"26147","St. Clair","MI",2022,507945,298577,165149,66346,150698
"19185","Wayne","IA",2022,451232,474185,353366,178576,155343
"36103","Suffolk","NY",2022,426714,561400,277472,246716,25405
"21003","Allen","KY",2022,801882,291345,276302,262208,7307
"08097","Pitkin","CO",2022,992745,156982,195551,24623,195352
"23005","Cumberland","ME",2022,785940,329259,422033,56449,344436
"01035","Conecuh","AL",2022,67506,18085,34517,20858,360258
"28143","Tunica","MS",2022,212031,145016,39523,151545,143126
"29189","St. Louis","MO",2022,89260,435114,263809,293576,73978
"30029","Flathead","MT",2022,80353,135319,483308,175501,131364
"37043","Clay","NC",2022,711140,661827,418906,4384,216301
"49003","Box Elder","UT",2022,315912,874402,368014,185551,230820
"51179","Stafford","VA",2022,702165,238821,315376,215944,83909
"02282","Yakutat","AK",2022,900291,764527,73275,62180,209240
"12129","Wakulla","FL",2022,407209,328951,359074,121862,363146
"13021","Bibb","GA",2022,704248,195946,94188,250875,196390
"13029","Bryan","GA",2022,855351,326311,281532,185002,173862
"16077","Power","ID",2022,281879,242748,91106,187575,239127
"19031","Cedar","IA",2022,643242,560648,493137,186613,171411
"21119","Knott","KY",2022,537007,521221,119794,260688,186676
"22053","Jefferson Davis","LA",2022,374317,893519,486999,153391,163227
"27021","Cass","MN",2022,269025,431386,3755,242115,160902
"30079","Prairie","MT",2022,183944,764917,317810,53428,140950
"37159","Rowan","NC",2022,711128,96323,62053,164564,216220
"39021","Champaign","OH",2022,608925,66030,467597,47633,115462
"45005","Allendale","SC",2022,655347,36390,490741,221154,82212
"46055","Haakon","SD",2022,568656,20075,179255,4577,50375
"48041","Brazos","TX",2022,616900,533252,31203,46802,108440
"48053","Burnet","TX",2022,969748,607480,204290,178502,174372
"48407","San Jacinto","TX",2022,534609,826069,259145,143433,23977
"51111","Lunenburg","VA",2022,305670,686143,396815,72644,83631
"51840","Winchester","VA",2022,301769,636193,431758,225348,35840
"54067","Nicholas","WV",2022,636515,195289,274734,276667,64131
"69085","Northern Islands","MP",2022,733629,879969,437486,129993,269518
"72127","San Juan","PR",2022,918758,844346,130897,294112,326298
"12057","Hillsborough","FL",2022,237468,731059,355136,217765,201578
"12047","Hamilton","FL",2022,679281,652683,158188,36435,116389
"13051","Chatham","GA",2022,919378,873112,106932,87787,85924
"01049","DeKalb","AL",2022,821644,20169,129298,52520,167715
"05091","Miller","AR",2022,110016,710986,13887,270382,115614
"08113","San Miguel","CO",2022,850025,63904,300554,52938,257353
"06033","Lake","CA",2022,672827,276987,455533,111531,303151
"39161","Van Wert","OH",2022,625579,467398,309067,49446,359434
"42017","Bucks","PA",2022,650182,315754,190243,247027,389851
"45013","Beaufort","SC",2022,184022,874936,357054,98549,396431
"36063","Niagara","NY",2022,686525,507522,450088,153373,140504
"36119","Westchester","NY",2022,228581,44477,53418,247520,319126
"36105","Sullivan","NY",2022,953925,699856,295876,241835,50885
"08001","Adams","CO",2022,811187,708997,345134,187800,98905
"22029","Concordia","LA",2022,821195,823951,442618,189442,53530
"22037","East Feliciana","LA",2022,841517,744753,284268,21950,103402
"02195","Petersburg","AK",2022,677805,35953,137406,211649,256604
"24019","Dorchester","MD",2022,972020,859358,327246,99128,223449
"01073","Jefferson","AL",2022,986407,290449,435133,117059,84338
"25007","Dukes","MA",2022,866433,526281,111327,68075,5946
"26141","Presque Isle","MI",2022,448299,734470,344854,205498,248038
"27069","Kittson","MN",2022,736012,476983,296576,230217,56454
"28157","Wilkinson","MS",2022,620115,641674,408014,159303,184822
"29037","Cass","MO",2022,216874,56825,329954,163419,205838
"34031","Passaic","NJ",2022,250081,794508,464758,244648,278087
"37141","Pender","NC",2022,626252,714132,384163,129649,83344
"37091","Hertford","NC",2022,442604,265157,316921,266050,21327
"13305","Wayne","GA",2022,842570,562707,72254,258914,360419
"13195","Madison","GA",2022,94748,625646,474685,86788,206204
"13289","Twiggs","GA",2022,490330,256024,316474,8931,189276
"16085","Valley","ID",2022,328617,226883,304168,285075,389292
"19075","Grundy","IA",2022,946230,748980,349743,290171,86188
"21179","Nelson","KY",2022,307233,63678,246113,251322,390815
"47165","Sumner","TN",2022,394181,724622,7973,180810,43975
"48427","Starr","TX",2022,904039,81814,439547,45547,122256
"48377","Presidio","TX",2022,857519,513938,420925,229120,351841
"51143","Pittsylvania","VA",2022,37653,147940,487347,176777,135576
"53015","Cowlitz","WA",2022,711438,637879,481370,276480,22084
"54057","Mineral","WV",2022,91142,393461,370939,248909,293984
"05045","Faulkner","AR",2022,800248,319100,473602,27186,179923
"05095","Monroe","AR",2022,535223,165437,361260,94664,133847
"12117","Seminole","FL",2022,160262,481318,307465,160099,340009
"12041","Gilchrist","FL",2022,355692,659624,74961,224080,66491
"48239","Jackson","TX",2022,20901,218118,155542,63765,189231
"48019","Bandera","TX",2022,918425,853274,107626,290516,343463
"21005","Anderson","KY",2022,33698,885785,95055,257210,361290
"22015","Bossier","LA",2022,627343,251917,25973,21548,379819
"29033","Carroll","MO",2022,689277,448927,295262,193522,301351
"30077","Powell","MT",2022,751570,865937,79338,145495,276593
"30069","Petroleum","MT",2022,222288,639462,57042,189535,279503
"37087","Haywood","NC",2022,474168,263683,369666,4535,165514
"37121","Mitchell","NC",2022,611563,894146,140824,196823,325997
"40101","Muskogee","OK",2022,82708,489518,124385,291553,207864
"42097","Northumberland","PA",2022,758494,307116,179234,263630,283027
"45061","Lee","SC",2022,525459,606105,274423,266811,160192
"45027","Clarendon","SC",2022,666668,291104,485707,16656,118756
"47001","Anderson","TN",2022,563228,800883,274457,34711,21245
"47081","Hickman","TN",2022,867357,881104,396813,154551,357820
"48381","Randall","TX",2022,856432,96036,371310,3678,2722
"48481","Wharton","TX",2022,224895,10295,46954,117874,359520
"51047","Culpeper","VA",2022,318307,592768,239819,92923,268986
"54013","Calhoun","WV",2022,222769,670352,23033,289166,307970
"54083","Randolph","WV",2022,425744,290446,7611,171545,170246
"56003","Big Horn","WY",2022,239226,237854,246565,222262,287468
"06079","San Luis Obispo","CA",2022,315818,216619,177842,17239,374286
"06057","Nevada","CA",2022,393970,298800,279038,93937,118854
"17197","Will","IL",2022,125095,181217,256029,285506,344908
"17165","Saline","IL",2022,56531,449794,185759,291817,102170
"26109","Menominee","MI",2022,492827,657205,379123,7170,348471
"36113","Warren","NY",2022,970814,577675,29504,142056,152762
"22031","De Soto","LA",2022,707953,630471,254982,259562,173255
"02013","Aleutians East","AK",2022,214532,447381,243930,248446,327703
"01047","Dallas","AL",2022,41181,510840,33618,185945,356346
"01099","Monroe","AL",2022,970601,191579,415466,194857,187668
"30057","Madison","MT",2022,785974,739537,478382,32528,6350
"36075","Oswego","NY",2022,102458,231035,277419,18785,240094
"40067","Jefferson","OK",2022,517706,219354,161736,68746,13361
"44005","Newport","RI",2022,955733,723021,206604,41082,355028
"48007","Aransas","TX",2022,22602,27638,53224,109492,388050
"54011","Cabell","WV",2022,157008,885869,194241,143770,205916
"55075","Marinette","WI",2022,905697,120409,167969,265710,106222
"05111","Poinsett","AR",2022,398041,604045,275625,231341,107580
"12121","Suwannee","FL",2022,645089,897724,314292,131367,76374
"13075","Cook","GA",2022,470451,455332,185305,135030,110346
"16005","Bannock","ID",2022,149953,530373,409807,245839,164012
"21109","Jackson","KY",2022,336711,697147,28695,257818,81836
"22079","Rapides","LA",2022,361555,178967,119440,28837,243636
"27129","Renville","MN",2022,261558,665029,149272,200459,67658
"29211","Sullivan","MO",2022,489724,100313,494648,129607,270607
"30047","Lake","MT",2022,381770,793168,363388,77149,393965
"35043","Sandoval","NM",2022,284893,418473,128206,103367,351811
"42023","Cameron","PA",2022,172499,659646,70344,122173,65268
"47149","Rutherford","TN",2022,8597,538169,279127,113172,49617
"48187","Guadalupe","TX",2022,196735,791797,437602,125084,315736
"48189","Hale","TX",2022,838331,779984,229012,59109,203072
"49015","Emery","UT",2022,42503,104770,272187,93106,139357
"51167","Russell","VA",2022,223927,216548,347820,294995,59486
"54019","Fayette","WV",2022,784570,321208,70356,112682,153829
"60010","Eastern","AS",2022,929875,814057,461754,275717,324030
"13007","Baker","GA",2022,294177,442006,301211,243515,331930
"12103","Pinellas","FL",2022,258451,345065,72333,157757,148986
"46123","Tripp","SD",2022,835670,547635,498034,31495,59667
"48355","Nueces","TX",2022,360232,232277,181224,39423,370915
"48043","Brewster","TX",2022,109130,373194,8053,198062,258441
"51185","Tazewell","VA",2022,539642,180596,365975,131859,207342
"54065","Morgan","WV",2022,724876,14686,95260,93439,43897
"12069","Lake","FL",2022,571514,435316,296325,189455,120778
"13107","Emanuel","GA",2022,582760,386154,83556,293938,326755
"13181","Lincoln","GA",2022,132774,291738,491841,21172,256144
"19029","Cass","IA",2022,929639,128871,434399,163475,108388
"21107","Hopkins","KY",2022,252393,891844,325431,162252,159596
"22083","Richland","LA",2022,342210,492718,69811,20547,313299
"27171","Wright","MN",2022,304354,843149,325222,51039,252682
"35021","Harding","NM",2022,868314,76346,256381,29467,254741
"39079","Jackson","OH",2022,472120,167663,221910,9387,317853
"41043","Linn","OR",2022,375760,398148,83999,120866,317961
"48029","Bexar","TX",2022,759804,296746,352281,97016,115241
"48423","Smith","TX",2022,180314,881481,302501,183820,161770
"48311","McMullen","TX",2022,860729,420699,201158,201468,40181
"49013","Duchesne","UT",2022,386975,45025,417520,21827,340389
"51009","Amherst","VA",2022,693055,881802,241522,61186,46069
"72015","Arroyo","PR",2022,434823,552253,471262,174778,22203
"11001","District of Columbia","DC",2022,233311,650541,427190,119053,36277
"12089","Nassau","FL",2022,973632,587168,329645,215848,235137
"06087","Santa Cruz","CA",2022,909493,129583,88946,132891,24255
"08023","Costilla","CO",2022,913551,881789,268032,33790,382301
"41007","Clatsop","OR",2022,443967,732228,419562,209140,113494
"42103","Pike","PA",2022,844684,156494,55272,98873,185491
"17153","Pulaski","IL",2022,514375,250799,486330,148326,218567
"18123","Perry","IN",2022,751517,627955,327940,186332,22088
"36059","Nassau","NY",2022,768850,23838,120996,184614,180566
"26097","Mackinac","MI",2022,247325,612300,128936,77958,286031
"22087","St. Bernard","LA",2022,686565,352400,16074,137338,74888
"22035","East Carroll","LA",2022,920312,737995,73346,122622,126242
"25009","Essex","MA",2022,613718,524100,373499,244372,158866
"28151","Washington","MS",2022,853027,95215,92994,54544,20387
"29099","Jefferson","MO",2022,47204,490867,473412,230526,379114
"34013","Essex","NJ",2022,268686,401950,230556,184831,4306
"13291","Union","GA",2022,339313,379643,88323,132882,391965
"13309","Wheeler","GA",2022,288562,859794,243419,255520,359179
"17027","Clinton","IL",2022,137019,712920,110959,181797,306125
"18157","Tippecanoe","IN",2022,89503,433866,488666,45949,155408
"20069","Gray","KS",2022,105849,60923,221820,254726,313946
"45045","Greenville","SC",2022,573483,636446,341989,93149,120793
"48061","Cameron","TX",2022,314574,541077,184638,124176,101463
"54059","Mingo","WV",2022,48132,671440,285128,154001,336339
"55029","Door","WI",2022,557353,540091,417936,233428,343821
"05001","Arkansas","AR",2022,77485,285926,445751,239583,247640
"12077","Liberty","FL",2022,661275,546975,70665,65565,148205
"13261","Sumter","GA",2022,300267,469912,414438,103997,168967
"48353","Nolan","TX",2022,314298,367013,165058,297183,192039
"21203","Rockcastle","KY",2022,838374,256310,206476,154520,63872
"22033","East Baton Rouge","LA",2022,759729,36190,233425,294040,129667
"29195","Saline","MO",2022,7051,814562,59251,226476,232688
"13033","Burke","GA",2022,968995,95362,25998,3636,364928
"13301","Warren","GA",2022,649296,226902,474159,226608,306863
"13221","Oglethorpe","GA",2022,222013,819000,441192,121967,93484
"16015","Boise","ID",2022,580082,745040,494101,1539,27575
"18125","Pike","IN",2022,18474,559746,382865,289746,299531
"20203","Wichita","KS",2022,126571,411996,53038,78181,124539
"21033","Caldwell","KY",2022,470192,545148,112196,150205,62644
"45065","McCormick","SC",2022,852629,867033,328629,188939,349648
"47091","Johnson","TN",2022,22760,866558,175999,18461,383134
"48039","Brazoria","TX",2022,407189,339110,313989,172265,83699
"51193","Westmoreland","VA",2022,292486,747242,188155,169109,723
"53035","Kitsap","WA",2022,598085,876002,447266,229806,200192
"54103","Wetzel","WV",2022,790408,107112,410638,16718,56004
"55043","Grant","WI",2022,638687,81767,32942,292690,134124
"78010","St. Croix","VI",2022,976927,61855,175770,148808,178939
"05147","Woodruff","AR",2022,484254,452261,30930,61650,359824
"08057","Jackson","CO",2022,779628,25110,443159,278915,14218
"48447","Throckmorton","TX",2022,438160,799842,201058,238164,369871
"48301","Loving","TX",2022,871845,840324,197716,35587,365612
"21147","McCreary","KY",2022,475667,473246,486257,33594,83223
"22043","Grant","LA",2022,766487,832460,46854,149322,365058
"30039","Granite","MT",2022,218059,609549,329145,61090,14185
"35019","Guadalupe","NM",2022,117177,36323,389216,191425,331198
"37065","Edgecombe","NC",2022,138299,725786,386294,246658,102870
"37017","Bladen","NC",2022,56625,244242,181909,14978,302252
"45079","Richland","SC",2022,327536,674270,156322,64807,54442
"45089","Williamsburg","SC",2022,864081,438264,406578,56144,117517
"46075","Jones","SD",2022,235239,824453,11644,161461,83046
"47033","Crockett","TN",2022,352915,357435,308435,61450,5990
"47089","Jefferson","TN",2022,920322,709112,395364,41829,360936
"48379","Rains","TX",2022,809736,747427,386571,39827,386774
"28033","DeSoto","MS",2022,630429,337673,151832,229496,51110
"38035","Grand Forks","ND",2022,977434,178989,431102,198235,80467
"45051","Horry","SC",2022,994854,225442,348825,213868,300484
"54099","Wayne","WV",2022,247540,196728,493319,42056,32600
"56007","Carbon","WY",2022,399026,621854,35465,249785,251006
"51145","Powhatan","VA",2022,158487,237054,159427,157204,319661
"51005","Alleghany","VA",2022,75871,755793,409738,105779,99900
"05017","Chicot","AR",2022,688375,390261,134161,18951,353943
"08011","Bent","CO",2022,379345,91774,412797,226368,224625
"13121","Fulton","GA",2022,941208,888127,441729,136618,347633
"15009","Maui","HI",2022,199506,456091,347943,68041,194254
"18071","Jackson","IN",2022,562505,283730,79409,44380,232109
"22055","Lafayette","LA",2022,664033,434621,3853,257670,76542
"28137","Tate","MS",2022,858222,447252,237638,99618,37119
"29019","Boone","MO",2022,982874,842450,199462,296621,326158
"35051","Sierra","NM",2022,590921,840127,461188,287647,312256
"48105","Crockett","TX",2022,263197,854329,456971,123009,200257
"49055","Wayne","UT",2022,589712,652567,70549,88322,333418
"51830","Williamsburg","VA",2022,542316,723100,180073,164662,137968
"06107","Tulare","CA",2022,130691,521024,359951,27125,280332
"41065","Wasco","OR",2022,302215,231166,277540,160155,389774
"37163","Sampson","NC",2022,654545,484204,405280,276908,359499
"42089","Monroe","PA",2022,486233,189307,95428,202642,143118
"48265","Kerr","TX",2022,506612,737459,408869,107633,5865
"56035","Sublette","WY",2022,168507,679887,159687,243983,95986
"24029","Kent","MD",2022,441890,654438,112611,76706,67540
"37047","Columbus","NC",2022,445366,147379,482350,14898,272393
"18069","Huntington","IN",2022,110202,649469,498710,75528,261723
"51199","York","VA",2022,991365,377919,80538,223542,315109
"53029","Island","WA",2022,51368,822815,176404,174193,290969
"05075","Lawrence","AR",2022,954905,839216,2265,4587,135302
"27103","Nicollet","MN",2022,493011,583320,150401,186479,292620
"05025","Cleveland","AR",2022,873349,746549,34774,139165,157048
"06113","Yolo","CA",2022,914103,690962,38742,37347,40537
"26035","Clare","MI",2022,8399,287836,253977,177571,9028
"21159","Martin","KY",2022,959023,271100,164618,101876,108068
"22057","Lafourche","LA",2022,191306,357945,79866,227244,245756
"26007","Alpena","MI",2022,342002,87993,366215,51042,251423
"27163","Washington","MN",2022,393429,707135,215229,57835,319387
"29069","Dunklin","MO",2022,994413,221895,268288,9586,190960
"39043","Erie","OH",2022,993235,424360,425549,4523,11008
"12109","St. Johns","FL",2022,298203,825445,217115,21426,82682
"12035","Flagler","FL",2022,474336,298019,455448,297285,164920
"37051","Cumberland","NC",2022,43975,891588,465698,15532,61727
"38055","McLean","ND",2022,529223,264661,469832,11875,286294
"39073","Hocking","OH",2022,146605,119885,137820,117914,130832
"41017","Deschutes","OR",2022,860223,893076,145425,71212,12522
"45063","Lexington","SC",2022,152752,453289,242231,247550,194612
"48371","Pecos","TX",2022,18465,898747,355366,178791,15477
"02164","Lake and Peninsula","AK",2022,399779,34156,194289,157712,208253
"26003","Alger","MI",2022,815100,408873,220195,63651,137147
"34007","Camden","NJ",2022,65400,211842,192159,26204,71128
"48361","Orange","TX",2022,171680,603952,458023,249319,280641
"54003","Berkeley","WV",2022,958555,57439,177320,69778,89213
"51187","Warren","VA",2022,630966,821611,499641,291890,133477
"51640","Galax","VA",2022,53811,147139,438595,97339,81596
"06069","San Benito","CA",2022,280181,890011,263874,29728,16340
"22065","Madison","LA",2022,860050,661883,457667,73270,185250
"08035","Douglas","CO",2022,766665,82453,379740,152997,315521
"06009","Calaveras","CA",2022,619128,633835,294239,256352,114157
"08111","San Juan","CO",2022,233925,705026,442018,179521,171441
"13189","McDuffie","GA",2022,102465,553612,342676,151985,222269
"16061","Lewis","ID",2022,681538,72198,305275,141432,269874
"19107","Keokuk","IA",2022,785521,561981,265220,127656,135215
"21011","Bath","KY",2022,396495,174692,331576,53756,337751
"22013","Bienville","LA",2022,697302,720917,411691,10328,94263
"37127","Nash","NC",2022,812639,326710,476159,232710,269315
"37057","Davidson","NC",2022,345244,793173,118089,44510,55946
"42129","Westmoreland","PA",2022,843924,399771,151689,58532,386880
"51087","Henrico","VA",2022,754516,179204,399617,206872,4724
"51175","Southampton","VA",2022,678253,692238,41769,279206,84023
"55067","Langlade","WI",2022,941806,116238,266894,9975,216623
"48155","Foard","TX",2022,83230,578408,302156,16978,309934
"13213","Murray","GA",2022,435606,249739,436972,248202,148953
"09190","Western Connecticut","CT",2022,927589,71895,18350,177795,86855
"37103","Jones","NC",2022,431944,857943,495491,208048,51309
"47113","Madison","TN",2022,484946,172019,5798,53551,255880
"48467","Van Zandt","TX",2022,959340,524863,422978,95831,157275
"54005","Boone","WV",2022,456727,104579,46506,119468,2321
"24009","Calvert","MD",2022,679277,642969,359284,10607,242646
"28001","Adams","MS",2022,324131,547199,280885,234301,62327
"20025","Clark","KS",2022,479765,210939,26030,204834,150729
"09140","Naugatuck Valley","CT",2022,926403,820201,168715,17057,240241
"13031","Bulloch","GA",2022,624784,346075,414493,224268,197881
"27127","Redwood","MN",2022,51837,210017,300059,31585,46848
"06095","Solano","CA",2022,517738,635037,19994,196191,236727
"29199","Scotland","MO",2022,324516,328728,243689,107253,52941
"13179","Liberty","GA",2022,913319,282785,498511,130657,360911
"01097","Mobile","AL",2022,788746,598636,129541,223236,344459
"01039","Covington","AL",2022,756388,326465,179358,64839,211759
"01119","Sumter","AL",2022,645038,303078,99224,234687,296295
"01075","Lamar","AL",2022,273630,279060,398842,57374,132861
"01029","Cleburne","AL",2022,520223,471178,178040,132420,199328
"04017","Navajo","AZ",2022,516700,826787,429343,50095,224523
"05035","Crittenden","AR",2022,788754,605316,272718,287309,171720
"06099","Stanislaus","CA",2022,301798,826535,244442,169299,14911
"05055","Greene","AR",2022,379343,888415,293140,28595,43535
"08081","Moffat","CO",2022,3551,358295,308025,140451,292375
"08115","Sedgwick","CO",2022,959929,398767,216878,142863,350764
"12087","Monroe","FL",2022,407497,605230,130851,268423,253280
"12081","Manatee","FL",2022,674391,800101,69471,279900,381851
"09120","Greater Bridgeport","CT",2022,487262,469189,391204,126609,384246
"17171","Scott","IL",2022,738859,630694,124441,133125,310410
"17001","Adams","IL",2022,704962,851096,75889,270897,247742
"17095","Knox","IL",2022,32024,209197,344861,295043,187075
"13147","Hart","GA",2022,160186,610740,468375,256958,388428
"17083","Jersey","IL",2022,956566,854138,418123,198385,285341
"17091","Kankakee","IL",2022,424314,481954,430019,146933,154963
"13285","Troup","GA",2022,455006,277110,475923,117714,355726
"16075","Payette","ID",2022,492482,577690,324839,95540,89495
"12051","Hendry","FL",2022,463776,137252,487237,113872,174560
"17135","Montgomery","IL",2022,623961,667787,67920,272583,35213
"17119","Madison","IL",2022,612805,138659,312939,22557,26272
"17037","DeKalb","IL",2022,51984,755470,226777,214242,166777
"17089","Kane","IL",2022,43805,869844,294338,228091,307376
"16057","Latah","ID",2022,254451,260748,173648,82307,86388
"17179","Tazewell","IL",2022,463347,669094,425288,11585,169704
"17023","Clark","IL",2022,526905,871715,10518,96699,199334
"13295","Walker","GA",2022,436756,540430,227508,144484,255753
"17073","Henry","IL",2022,565913,747282,440757,47490,155839
"13101","Echols","GA",2022,660916,613908,482460,235413,345854
"19133","Monona","IA",2022,113473,447959,332466,252967,49476
"18075","Jay","IN",2022,20575,21263,30837,293112,54043
"19061","Dubuque","IA",2022,824795,498739,208596,155615,208040
"26129","Ogemaw","MI",2022,620351,365068,105307,65043,158462
"18033","DeKalb","IN",2022,75810,754856,30514,16801,96278
"18087","LaGrange","IN",2022,174227,157300,155170,247694,319984
"26021","Berrien","MI",2022,448285,462747,230433,158265,53466
"26165","Wexford","MI",2022,141001,54262,340605,142205,213173
"19097","Jackson","IA",2022,494186,302051,181699,225311,171916
"26059","Hillsdale","MI",2022,426440,209309,326411,280880,95691
"26005","Allegan","MI",2022,12034,846633,245079,250621,347234
"19109","Kossuth","IA",2022,415345,855885,419,72321,307812
"26139","Ottawa","MI",2022,781763,532675,22778,250486,299671
"19119","Lyon","IA",2022,182582,289660,38497,179203,285637
"16081","Teton","ID",2022,904675,507552,202953,175258,194167
"17069","Hardin","IL",2022,869268,869009,18470,32996,321136
"17059","Gallatin","IL",2022,55089,13599,211973,90587,292654
"17147","Piatt","IL",2022,609560,646250,306387,60244,295488
"17121","Marion","IL",2022,703759,459789,274165,252430,119431
"26065","Ingham","MI",2022,199795,711351,203971,299057,355847
"19053","Decatur","IA",2022,197559,133830,363650,229081,200732
"26051","Gladwin","MI",2022,520285,835981,185661,55977,52422
"26105","Mason","MI",2022,275342,399380,5854,288211,163060
"18135","Randolph","IN",2022,338157,710691,141372,126769,353478
"40143","Tulsa","OK",2022,471427,856473,232900,33528,141875
"36079","Putnam","NY",2022,505017,653176,333960,50283,26792
"40097","Mayes","OK",2022,358504,768568,317837,221837,398622
"36029","Erie","NY",2022,153941,373084,370498,118153,342355
"26085","Lake","MI",2022,663999,597188,124096,31455,6348
"40021","Cherokee","OK",2022,12786,608333,361655,114848,230846
"21023","Bracken","KY",2022,265860,606798,352504,94458,259949
"26045","Eaton","MI",2022,708325,550742,108610,103835,216513
"40035","Craig","OK",2022,915347,119730,223665,85317,385667
"26155","Shiawassee","MI",2022,149872,725961,192407,17632,275065
"20119","Meade","KS",2022,701264,860332,54151,135581,253265
"20099","Labette","KS",2022,28602,718634,65114,222077,116831
"20077","Harper","KS",2022,828128,103532,69438,173714,312076
"20043","Doniphan","KS",2022,618680,392436,245345,274283,222958
"20157","Republic","KS",2022,943207,181295,273231,82947,130398
"20005","Atchison","KS",2022,96096,658351,375425,58400,269239
"21075","Fulton","KY",2022,769095,405493,173779,152883,251681
"08003","Alamosa","CO",2022,929789,631339,447879,224790,262327
"36001","Albany","NY",2022,513254,544673,54780,292298,118178
"40015","Caddo","OK",2022,167960,224133,36871,50173,266461
"28095","Monroe","MS",2022,663319,115619,242827,174238,255969
"21035","Calloway","KY",2022,741384,752215,114091,272056,34954
"26061","Houghton","MI",2022,820586,853567,338764,32661,356076
"40105","Nowata","OK",2022,390407,53725,455831,17312,193313
"08087","Morgan","CO",2022,507575,96416,366214,56865,272235
"08105","Rio Grande","CO",2022,484831,410122,487421,37467,28842
"08089","Otero","CO",2022,423295,394345,252187,192994,335403
"02068","Denali","AK",2022,442634,376338,133382,145417,78231
"02275","Wrangell","AK",2022,443753,785616,121128,15642,69389
"24023","Garrett","MD",2022,584113,427522,71557,94630,77579
"01021","Chilton","AL",2022,271926,786204,197780,165583,165583
"25019","Nantucket","MA",2022,678889,202682,383895,222451,310782
"01103","Morgan","AL",2022,506351,789990,387382,172282,214335
"26017","Bay","MI",2022,221169,336697,290964,118461,291523
"26151","Sanilac","MI",2022,261375,385424,315999,209646,329998
"01037","Coosa","AL",2022,635835,265897,23413,104965,332445
"27043","Faribault","MN",2022,922042,660485,207373,225019,23049
"27117","Pipestone","MN",2022,64257,516647,158693,217425,94141
"27055","Houston","MN",2022,180260,391966,10862,291688,337088
"27071","Koochiching","MN",2022,213470,873558,106393,112819,172392
"28039","George","MS",2022,881966,586342,369336,171252,280102
"28023","Clarke","MS",2022,340303,760368,277872,20485,92989
"41067","Washington","OR",2022,779357,784444,285889,108909,130022
"55081","Monroe","WI",2022,237396,416265,485884,120048,214087
"55129","Washburn","WI",2022,95132,499906,401446,296065,110341
"55085","Oneida","WI",2022,799410,341959,286218,249420,386986
"56025","Natrona","WY",2022,733866,806579,419810,210304,351728
"13239","Quitman","GA",2022,456352,549812,438244,218590,20751
"32029","Storey","NV",2022,743686,442698,92017,243712,173229
"51720","Norton","VA",2022,471571,687291,32692,211184,231965
"39013","Belmont","OH",2022,833055,817158,186915,171605,43705
"39135","Preble","OH",2022,449788,313348,430896,32603,369964
"41071","Yamhill","OR",2022,123510,222449,27063,144196,281247
"42003","Allegheny","PA",2022,770082,793280,169347,80873,297629
"42005","Armstrong","PA",2022,722024,225960,165709,98988,292554
"42119","Union","PA",2022,772316,244109,327188,257046,115261
"56009","Converse","WY",2022,395129,11080,191959,24370,119550
"60050","Western","AS",2022,453223,851830,123062,41865,314655
"60030","Rose Island","AS",2022,529515,289845,76542,115964,240158
"72021","Bayamón","PR",2022,707165,292060,145364,194262,233549
"08085","Montrose","CO",2022,160159,176259,499742,26238,89058
"12115","Sarasota","FL",2022,147759,800079,435026,180707,291695
"12021","Collier","FL",2022,78984,845255,320606,20109,191424
"39025","Clermont","OH",2022,370507,670825,458017,99143,283124
"39037","Darke","OH",2022,135464,190647,199516,46094,41139
"42077","Lehigh","PA",2022,147391,604808,395902,101395,65388
"42037","Columbia","PA",2022,859051,290384,278153,283764,227416
"72051","Dorado","PR",2022,3270,714664,23101,91597,237611
"72073","Jayuya","PR",2022,581697,528226,499193,174347,85878
"12099","Palm Beach","FL",2022,60807,113615,353827,148803,50535
"12061","Indian River","FL",2022,399504,330188,398790,164748,200950
"39093","Lorain","OH",2022,389630,501912,492039,101713,215110
"39007","Ashtabula","OH",2022,685112,681449,300966,142832,294050
"45023","Chester","SC",2022,528195,489953,444478,193115,316108
"45001","Abbeville","SC",2022,840160,653553,65372,59091,330826
"46035","Davison","SD",2022,346877,274916,493700,208364,206286
"72059","Guayanilla","PR",2022,691580,14283,79805,139617,171444
"72075","Juana Díaz","PR",2022,686124,540918,215282,129934,4436
"12059","Holmes","FL",2022,921808,569879,255169,31558,215928
"17007","Boone","IL",2022,316997,769079,286012,83546,35883
"17049","Effingham","IL",2022,74901,833001,99573,155182,348570
"31059","Fillmore","NE",2022,266132,652665,275211,261437,284467
"31121","Merrick","NE",2022,582972,50436,423196,65585,161718
"31047","Dawson","NE",2022,171645,182493,132241,53032,287151
"46097","Miner","SD",2022,388043,859343,93722,240295,302184
"46087","McCook","SD",2022,431639,451774,353490,140358,212368
"46015","Brule","SD",2022,821024,409470,161134,87311,18575
"46073","Jerauld","SD",2022,959195,307469,421622,38350,13508
"72131","San Sebastián","PR",2022,860285,425898,179440,74192,107368
"72011","Añasco","PR",2022,137035,335006,374622,21840,356274
"17019","Champaign","IL",2022,501904,173466,427502,46475,141708
"17013","Calhoun","IL",2022,993106,844403,383870,227278,173831
"31181","Webster","NE",2022,897136,516113,475575,291379,373144
"31163","Sherman","NE",2022,983932,563264,436306,293161,258241
"31007","Banner","NE",2022,233908,708540,32807,185824,280218
"31113","Logan","NE",2022,790757,420502,420896,41334,347679
"46119","Sully","SD",2022,248944,428288,125874,193762,191581
"47133","Overton","TN",2022,914651,129318,153454,119327,283774
"48157","Fort Bend","TX",2022,161484,185275,448695,169641,398014
"72099","Moca","PR",2022,980579,543326,287690,30843,323391
"72061","Guaynabo","PR",2022,125139,780723,162434,174633,172739
"17133","Monroe","IL",2022,892202,859659,24298,188005,9905
"17183","Vermilion","IL",2022,144210,144506,350887,73163,9310
"17107","Logan","IL",2022,681895,250316,257089,72741,3571
"33013","Merrimack","NH",2022,682675,162941,202973,17080,10255
"35005","Chaves","NM",2022,311743,419271,111569,30302,112108
"36023","Cortland","NY",2022,866227,74102,401940,102120,101354
"48013","Atascosa","TX",2022,63959,312014,491168,196724,337412
"48121","Denton","TX",2022,370275,290551,363095,270033,51376
"48325","Medina","TX",2022,722890,445856,189288,44443,12870
"72105","Naranjito","PR",2022,866143,886479,260934,159928,201051
"72079","Lajas","PR",2022,224340,161983,61300,90522,147587
"17199","Williamson","IL",2022,334384,683783,335870,24610,360099
"13111","Fannin","GA",2022,174609,462159,355865,229587,262366
"17177","Stephenson","IL",2022,406676,11965,21959,22455,223746
"36041","Hamilton","NY",2022,882170,814148,312178,13492,116409
"36097","Schuyler","NY",2022,97873,787257,211952,158529,62931
"36123","Yates","NY",2022,305917,853364,82624,78305,238726
"48027","Bell","TX",2022,422698,800010,335237,236461,343536
"48049","Brown","TX",2022,192489,821098,14660,249351,345723
"48231","Hunt","TX",2022,128845,262445,387496,258710,10369
"72057","Guayama","PR",2022,931295,288615,481246,283537,277960
"72025","Caguas","PR",2022,179319,184069,104582,240367,96849
"01083","Limestone","AL",2022,158017,614954,95891,111244,10247
"04003","Cochise","AZ",2022,483731,507099,436093,224708,187460
"04023","Santa Cruz","AZ",2022,756735,387326,436390,3708,87358
"37183","Wake","NC",2022,62062,311488,478478,211023,72787
"37151","Randolph","NC",2022,688264,772696,366182,98499,204436
"48259","Kendall","TX",2022,58073,495216,6572,27592,381458
"48233","Hutchinson","TX",2022,676904,277239,354376,59925,334118
"48207","Haskell","TX",2022,563053,359085,437553,23905,95138
"48099","Coryell","TX",2022,852980,399932,50630,75842,223027
"72029","Canóvanas","PR",2022,218926,806408,399803,161255,119554
"72041","Cidra","PR",2022,435674,633072,112227,280481,283892
"04011","Greenlee","AZ",2022,940666,47970,229782,187772,20258
"05113","Polk","AR",2022,156592,604784,245476,291893,311634
"37061","Duplin","NC",2022,632115,865535,401666,160662,162437
"37035","Catawba","NC",2022,426439,218373,244551,263576,633
"48183","Gregg","TX",2022,556884,756795,216348,73698,379586
"48101","Cottle","TX",2022,925129,599098,189846,17538,396129
"48193","Hamilton","TX",2022,811141,541953,136055,14306,7133
"48437","Swisher","TX",2022,540445,489105,54156,147860,388688
"48125","Dickens","TX",2022,776569,854241,301633,78790,100281
"72139","Trujillo Alto","PR",2022,804222,145503,255991,298225,154237
"72063","Gurabo","PR",2022,774197,856081,121874,201578,68716
"05005","Baxter","AR",2022,577359,837231,33459,169444,236938
"06075","San Francisco","CA",2022,499969,764926,333540,145353,348398
"06027","Inyo","CA",2022,340426,366409,62920,260026,238656
"06061","Placer","CA",2022,802757,195678,169358,263418,68996
"37107","Lenoir","NC",2022,612693,709558,235916,32336,174758
"38089","Stark","ND",2022,848375,791091,289280,56817,290342
"48445","Terry","TX",2022,753290,6978,223117,298121,348622
"48425","Somervell","TX",2022,519267,526746,499973,275278,65627
"48069","Castro","TX",2022,97063,772927,114879,151739,91945
"48175","Goliad","TX",2022,401210,37292,57470,212059,391309
"48235","Irion","TX",2022,460757,70896,149792,10795,224582
"48107","Crosby","TX",2022,171669,396084,298190,278554,165913
"48413","Schleicher","TX",2022,621894,213660,464928,298569,120532
"49041","Sevier","UT",2022,987884,180186,319904,287133,293
"72109","Patillas","PR",2022,625066,36939,117681,29802,259711
"72153","Yauco","PR",2022,912233,311549,412732,178762,117918
"06035","Lassen","CA",2022,510752,892126,160292,73379,221005
"06029","Kern","CA",2022,108641,49613,486525,11424,125320
"38015","Burleigh","ND",2022,958430,715375,441615,267387,185615
"38047","Logan","ND",2022,759491,522890,489860,51358,84889
"38043","Kidder","ND",2022,846163,383630,286506,139721,375147
"49001","Beaver","UT",2022,729980,477342,493655,252336,259070
"50023","Washington","VT",2022,390868,608582,229698,16442,164260
"50015","Lamoille","VT",2022,515200,722530,331038,110590,115619
"72001","Adjuntas","PR",2022,211670,512186,57207,282896,200120
"72145","Vega Baja","PR",2022,372308,279201,339214,117247,162097
"08007","Archuleta","CO",2022,187927,502567,465195,160215,243560
"08103","Rio Blanco","CO",2022,658125,435488,400538,48406,224614
"08075","Logan","CO",2022,831875,287066,43664,243531,287603
"39003","Allen","OH",2022,602861,60902,208798,147492,31007
"39137","Putnam","OH",2022,14860,408995,296624,186740,208524
"39139","Richland","OH",2022,83760,808224,252882,88212,256219
"39011","Auglaize","OH",2022,562274,308969,227306,92502,117336
"51135","Nottoway","VA",2022,465849,727848,444351,289235,319070
"51790","Staunton","VA",2022,57659,699391,62188,36985,275176
"51670","Hopewell","VA",2022,427591,846469,168050,104729,185845
"72055","Guánica","PR",2022,494309,378258,349628,29855,64893
"72133","Santa Isabel","PR",2022,245653,21688,286236,255074,161482
"09160","Northwest Hills","CT",2022,316450,490780,364816,99602,252933
"38013","Burke","ND",2022,557785,245596,354358,39335,393164
"38079","Rolette","ND",2022,286017,77877,496765,111566,271247
"38075","Renville","ND",2022,459637,692401,167638,240611,359340
"39133","Portage","OH",2022,784669,172140,205454,149820,388716
"39005","Ashland","OH",2022,383013,171713,407278,224152,46861
"39065","Hardin","OH",2022,399499,652769,337031,72884,301294
"39175","Wyandot","OH",2022,690229,85142,22206,166101,277294
"51750","Radford","VA",2022,411190,16221,256631,177978,352074
"51183","Sussex","VA",2022,154898,15484,251985,265225,48877
"51610","Falls Church","VA",2022,96916,775435,71889,201139,22367
"51595","Emporia","VA",2022,977093,401818,197628,88542,35456
"72121","Sabana Grande","PR",2022,253037,124069,438227,200771,365796
"72147","Vieques","PR",2022,312210,75866,144129,116111,118581
"39145","Scioto","OH",2022,361231,382931,170875,6399,308390
"39087","Lawrence","OH",2022,79936,634076,437496,75052,348025
"39115","Morgan","OH",2022,540211,774560,130688,249225,120328
"39067","Harrison","OH",2022,79762,553673,169024,127651,323163
"40061","Haskell","OK",2022,657143,367531,369639,295367,301610
"51620","Franklin","VA",2022,341534,115076,252699,223152,365824
"53001","Adams","WA",2022,337287,714316,17700,36322,198573
"54091","Taylor","WV",2022,528745,51288,74997,183575,177374
"72071","Isabela","PR",2022,434231,875404,55783,57027,348971
"72017","Barceloneta","PR",2022,973874,884774,489822,195223,35771
"39029","Columbiana","OH",2022,899506,50911,478524,241334,355727
"39099","Mahoning","OH",2022,847144,21571,868,67088,159400
"40011","Blaine","OK",2022,536816,105877,193270,186959,317046
"40091","McIntosh","OK",2022,312607,850318,300175,180115,315136
"55025","Dane","WI",2022,220959,204931,267948,189642,342419
"55103","Richland","WI",2022,630898,835448,455390,296366,49985
"55135","Waupaca","WI",2022,208146,778953,326403,47820,204594
"72111","Peñuelas","PR",2022,631950,110223,460374,39069,132285
"72093","Maricao","PR",2022,572336,79519,296153,77330,194786
"13231","Pike","GA",2022,796268,231411,357590,215609,237221
"13055","Chattooga","GA",2022,721227,309110,51035,126317,375311
"13011","Banks","GA",2022,143050,717125,343964,185497,10464
"13003","Atkinson","GA",2022,362170,646509,22476,262255,39412
"31025","Cass","NE",2022,443872,512203,389778,173865,61750
"31061","Franklin","NE",2022,253074,525114,322585,282259,273632
"31175","Valley","NE",2022,4165,120453,310217,81515,144327
"48337","Montague","TX",2022,839666,750070,240646,131580,273269
"48211","Hemphill","TX",2022,174752,807009,335481,118368,163153
"48111","Dallam","TX",2022,977880,707537,273958,234869,242975
"50001","Addison","VT",2022,478405,802202,419747,2204,253159
"13321","Worth","GA",2022,151358,415161,239811,218440,373302
"18181","White","IN",2022,949880,342645,141178,238885,20690
"18011","Boone","IN",2022,551660,736162,79582,242579,246198
"13125","Glascock","GA",2022,516759,701131,219751,249431,94780
"16001","Ada","ID",2022,40752,672146,203526,118680,322368
"32023","Nye","NV",2022,816753,2076,13685,273272,127547
"32005","Douglas","NV",2022,927609,87995,289762,271983,319400
"51740","Portsmouth","VA",2022,818109,707409,479639,72888,94103
"51800","Suffolk","VA",2022,111681,481833,212431,3382,63781
"51520","Bristol","VA",2022,221618,743255,343364,197028,203030
"18121","Parke","IN",2022,378369,45725,45445,230811,331668
"18101","Martin","IN",2022,641928,120269,8649,246438,16995
"20141","Osborne","KS",2022,749984,777497,499976,207508,20178
"21071","Floyd","KY",2022,637282,136304,247011,17352,142774
"21001","Adair","KY",2022,418010,671306,65196,253357,236683
"16011","Bingham","ID",2022,328928,500561,102382,117964,235370
"16065","Madison","ID",2022,542069,81518,76953,233056,326444
"33005","Cheshire","NH",2022,53451,654992,326258,208950,202836
"35006","Cibola","NM",2022,94086,561940,34784,271373,121744
"35015","Eddy","NM",2022,479768,670040,23205,261498,201416
"53063","Spokane","WA",2022,854349,167313,10608,130735,232925
"53023","Garfield","WA",2022,806486,543708,394915,239490,79699
"21227","Warren","KY",2022,837003,472452,19593,294373,304977
"21009","Barren","KY",2022,332805,890873,421835,293132,343037
"17009","Brown","IL",2022,882351,256888,456763,173015,326206
"18037","Dubois","IN",2022,152630,294242,152008,297338,94566
"18015","Carroll","IN",2022,359911,238797,179898,60233,385540
"36085","Richmond","NY",2022,394601,233286,15454,194951,24221
"36033","Franklin","NY",2022,778495,784589,305227,136890,217540
"54009","Brooke","WV",2022,859210,562893,482466,84677,184480
"55117","Sheboygan","WI",2022,233734,86848,382902,164627,297221
"21219","Todd","KY",2022,582731,209199,75462,11048,55925
"21073","Franklin","KY",2022,231095,246163,266102,273762,388290
"21173","Montgomery","KY",2022,820889,819056,272258,139675,317026
"29103","Knox","MO",2022,771127,459334,265857,33706,285654
"31003","Antelope","NE",2022,110270,78352,297029,174689,10328
"31089","Holt","NE",2022,544111,48355,341640,150417,187137
"37071","Gaston","NC",2022,568935,590659,33968,135576,51626
"37041","Chowan","NC",2022,304251,662436,454267,87026,22502
"55059","Kenosha","WI",2022,917893,761443,194722,13711,285199
"55083","Oconto","WI",2022,85726,321724,48237,26511,211415
"21215","Spencer","KY",2022,57479,271003,488810,247706,269817
"21045","Casey","KY",2022,842362,208710,50831,289755,309998
"21223","Trimble","KY",2022,643177,210975,121543,107610,373434
"21139","Livingston","KY",2022,734895,827405,423397,141951,315356
"29141","Morgan","MO",2022,479960,867219,199665,195599,169914
"29225","Webster","MO",2022,886152,734875,198437,130721,287611
"29083","Henry","MO",2022,424937,559908,9196,148474,395663
"30037","Golden Valley","MT",2022,905942,13077,292689,172933,16727
"37033","Caswell","NC",2022,428827,446991,349007,184348,380518
"37181","Vance","NC",2022,536317,461188,146824,105071,332311
"38051","McIntosh","ND",2022,523252,18242,39952,42200,330411
"38009","Bottineau","ND",2022,750762,633816,97477,114066,329761
"55105","Rock","WI",2022,867338,619971,5636,109687,236200
"55013","Burnett","WI",2022,212207,563770,144122,166443,113638
"21201","Robertson","KY",2022,23121,588366,182310,166518,399848
"21149","McLean","KY",2022,325593,184390,436439,79611,328629
"19019","Buchanan","IA",2022,17759,183475,117869,70128,82804
"19055","Delaware","IA",2022,638701,638941,149246,91617,23950
"19013","Black Hawk","IA",2022,62401,640904,375353,171333,115192
"19117","Lucas","IA",2022,238606,441322,37852,230281,71957
"19011","Benton","IA",2022,124814,452402,442688,118172,242622
"19025","Calhoun","IA",2022,625891,46726,428570,201579,201466
"38095","Towner","ND",2022,812564,890816,272214,232348,211338
"38019","Cavalier","ND",2022,386528,695367,417839,102018,97119
"39017","Butler","OH",2022,190728,152567,75442,277359,362699
"39107","Mercer","OH",2022,750943,892447,300593,230916,385295
"55095","Polk","WI",2022,938089,880388,414875,136845,377942
"55031","Douglas","WI",2022,478282,272786,107986,277089,124415
"22003","Allen","LA",2022,36010,870326,274482,204540,304075
"22121","West Baton Rouge","LA",2022,968838,848726,387777,7041,354370
"19027","Carroll","IA",2022,249768,75295,234644,267279,306346
"19069","Franklin","IA",2022,340934,210531,76130,229315,289380
"19157","Poweshiek","IA",2022,387765,801034,57446,252870,387951
"19147","Palo Alto","IA",2022,107544,571883,266376,86072,122757
"19017","Bremer","IA",2022,710016,79737,253435,173455,34074
"19041","Clay","IA",2022,832635,436649,329110,145548,305901
"40033","Cotton","OK",2022,398461,721207,175906,99670,333352
"40139","Texas","OK",2022,462247,412764,488510,156257,365160
"56037","Sweetwater","WY",2022,600773,47928,85869,158459,124185
"56015","Goshen","WY",2022,502424,870560,474904,209443,59144
"56039","Teton","WY",2022,431277,855002,154488,67398,315828
"22061","Lincoln","LA",2022,958912,581416,344594,28812,231023
"26137","Otsego","MI",2022,673617,613924,27238,24343,144161
"26143","Roscommon","MI",2022,271282,538971,36136,197204,257788
"27059","Isanti","MN",2022,777654,497992,139186,493,263471
"19091","Humboldt","IA",2022,279420,213612,181584,10818,49904
"20173","Sedgwick","KS",2022,749868,851540,14949,203104,69280
"20079","Harvey","KS",2022,288970,606716,64673,73614,243428
"20009","Barton","KS",2022,856762,694581,465615,135745,200489
"20145","Pawnee","KS",2022,144528,742452,357598,287952,305155
"40085","Love","OK",2022,220865,272274,215705,100638,161043
"40045","Ellis","OK",2022,684591,507214,400791,285126,128272
"05119","Pulaski","AR",2022,433744,332862,98480,281337,242962
"05101","Newton","AR",2022,169319,700592,331784,101576,242744
"05141","Van Buren","AR",2022,156350,586238,470389,256868,166963
"27153","Todd","MN",2022,136635,413527,259510,287311,200861
"27131","Rice","MN",2022,705729,832928,328095,222,296368
"27121","Pope","MN",2022,195310,426568,340562,97178,97639
"27113","Pennington","MN",2022,787027,225861,301356,286616,320790
"20031","Coffey","KS",2022,110197,716593,86245,62309,104455
"20059","Franklin","KS",2022,713600,730053,439344,105204,124012
"20165","Rush","KS",2022,709210,789430,344893,64839,397340
"20105","Lincoln","KS",2022,119446,75592,440898,235711,88441
"20097","Kiowa","KS",2022,383265,256732,5176,10067,5932
"20195","Trego","KS",2022,373307,384755,127011,97979,134338
"40003","Alfalfa","OK",2022,611781,368320,222208,267083,240097
"40007","Beaver","OK",2022,762008,350866,289119,46454,278840
"05129","Searcy","AR",2022,200668,601170,459980,126112,376555
"05065","Izard","AR",2022,508761,468363,61029,241175,229332
"05037","Cross","AR",2022,584759,401035,105757,13263,54979
"28079","Leake","MS",2022,550906,492906,195355,104419,80867
"28043","Grenada","MS",2022,774844,689574,214739,162338,244543
"28123","Scott","MS",2022,168399,405251,337159,139302,172265
"28107","Panola","MS",2022,242000,461666,319341,146279,196137
"28101","Newton","MS",2022,35622,804533,19314,42354,104928
"28011","Bolivar","MS",2022,719612,54950,260841,32630,265937
"29119","McDonald","MO",2022,543588,329750,136178,182357,278878
"41063","Wallowa","OR",2022,867650,887213,142109,95776,90031
"41049","Morrow","OR",2022,481649,751132,328618,27685,208125
"42115","Susquehanna","PA",2022,166491,540385,17298,74202,342193
"08021","Conejos","CO",2022,487801,677753,373293,167094,4132
"28035","Forrest","MS",2022,279337,811203,102363,14325,342748
"28139","Tippah","MS",2022,637765,281533,422879,67601,240662
"29077","Greene","MO",2022,570911,100958,373907,14496,181009
"29159","Pettis","MO",2022,691146,609897,447992,295211,34042
"29149","Oregon","MO",2022,586487,467911,234307,281574,394117
"29510","St. Louis","MO",2022,694126,600865,1630,76539,308472
"29111","Lewis","MO",2022,924871,152195,389551,240319,92975
"46007","Bennett","SD",2022,92334,659115,463513,6392,265792
"46083","Lincoln","SD",2022,794516,875480,184084,162191,229511
"46011","Brookings","SD",2022,200260,842084,176216,285192,345689
"48067","Cass","TX",2022,955413,171101,487365,184631,377212
"12067","Lafayette","FL",2022,607264,342231,80145,8668,84587
"13247","Rockdale","GA",2022,832260,827370,348467,279794,366681
"13209","Montgomery","GA",2022,212042,198182,225273,69959,352114
"29221","Washington","MO",2022,632392,140232,422539,85201,309538
"29055","Crawford","MO",2022,862121,568578,142417,208346,125413
"29065","Dent","MO",2022,573949,189439,205004,245844,316875
"29139","Montgomery","MO",2022,695984,854786,292683,60217,321239
"29097","Jasper","MO",2022,886853,849084,339859,71774,21848
"01013","Butler","AL",2022,172995,274691,479338,223230,119096
"30091","Sheridan","MT",2022,374104,65829,285083,246664,147851
"46031","Corson","SD",2022,719887,585124,43628,146906,7215
"47125","Montgomery","TN",2022,251183,516339,435112,35644,221791
"13115","Floyd","GA",2022,926327,42838,271240,180327,164574
"13199","Meriwether","GA",2022,601218,221282,254112,213397,206593
"29047","Clay","MO",2022,764901,101388,418800,38444,242570
"29025","Caldwell","MO",2022,667635,678878,17839,231743,134958
"29169","Pulaski","MO",2022,269071,383743,430526,86527,11474
"29085","Hickory","MO",2022,671537,517365,15539,92033,262312
"31131","Otoe","NE",2022,446098,724729,56491,193733,298676
"31043","Dakota","NE",2022,155806,141676,276337,246200,266496
"31165","Sioux","NE",2022,597502,392465,25314,229467,372136
"47027","Clay","TN",2022,239103,207889,411277,287204,306685
"47137","Pickett","TN",2022,961785,784024,161507,243292,195928
"13095","Dougherty","GA",2022,942870,815044,229497,217991,331291
"13071","Colquitt","GA",2022,593199,486811,393251,44550,292700
"29223","Wayne","MO",2022,909670,597848,234763,171580,115142
"29105","Laclede","MO",2022,192515,680865,293419,104739,258488
"29135","Moniteau","MO",2022,270196,16824,30770,59159,204147
"31173","Thurston","NE",2022,159718,221185,329924,288775,206960
"31027","Cedar","NE",2022,754371,875034,468987,81071,128782
"48271","Kinney","TX",2022,708458,466820,221849,298451,287370
"48079","Cochran","TX",2022,447762,687346,491702,113979,74421
"48369","Parmer","TX",2022,513832,710381,108674,126305,243437
"13091","Dodge","GA",2022,458124,705646,141914,294220,184638
"13299","Ware","GA",2022,758761,679024,294353,157075,369964
"13035","Butts","GA",2022,120901,272326,236690,225596,159669
"13259","Stewart","GA",2022,170461,404017,292631,243763,366174
"31107","Knox","NE",2022,724214,70602,40748,187450,272819
"31051","Dixon","NE",2022,792690,506003,214497,70493,187692
"31087","Hitchcock","NE",2022,957591,214551,70237,138655,151250
"48077","Clay","TX",2022,590301,113127,131577,74120,49324
"48097","Cooke","TX",2022,332120,846700,495696,129472,235150
"13297","Walton","GA",2022,488490,631642,155198,252908,252358
"13059","Clarke","GA",2022,857333,43827,9080,225667,103602
"18105","Monroe","IN",2022,631147,890265,290504,164696,396550
"18143","Scott","IN",2022,708663,294778,18157,207165,159189
"18119","Owen","IN",2022,525648,707604,139335,118942,4048
"18023","Clinton","IN",2022,61372,701488,231253,211839,364539
"47099","Lawrence","TN",2022,434750,786826,393183,196722,262808
"47067","Hancock","TN",2022,8550,590176,102304,57979,169832
"05115","Pope","AR",2022,681544,10923,209452,276106,361585
"05079","Lincoln","AR",2022,862230,398674,95669,124540,385124
"05051","Garland","AR",2022,761082,817925,52136,222411,226711
"27035","Crow Wing","MN",2022,100922,494839,269475,125277,246211
"27109","Olmsted","MN",2022,365516,462849,36366,113115,122262
"27147","Steele","MN",2022,469409,897279,389147,263172,1072
"18145","Shelby","IN",2022,699619,469811,499151,121325,116262
"18045","Fountain","IN",2022,529153,776055,377680,257187,17136
"18149","Starke","IN",2022,569783,383733,430016,294499,12646
"47011","Bradley","TN",2022,988096,445664,95878,217420,233805
"35023","Hidalgo","NM",2022,217254,294781,490056,269164,116357
"48295","Lipscomb","TX",2022,458665,827774,325623,257413,236618
"05123","St. Francis","AR",2022,56135,279062,461216,209928,106266
"06105","Trinity","CA",2022,729003,851189,366264,121419,392466
"08095","Phillips","CO",2022,447174,564829,258635,16065,242267
"08125","Yuma","CO",2022,511784,166047,102800,21809,219954
"08047","Gilpin","CO",2022,905077,152482,150530,132403,213907
"27019","Carver","MN",2022,806664,555424,203896,13406,347988
"27083","Lyon","MN",2022,349557,309574,434653,178135,342311
"27161","Waseca","MN",2022,202213,883992,341260,234590,266386
"18115","Ohio","IN",2022,896190,50852,309323,55425,90363
"19093","Ida","IA",2022,301748,704478,131214,64715,230287
"19067","Floyd","IA",2022,924838,796174,45538,248301,376294
"19165","Shelby","IA",2022,579593,744553,143120,96251,69004
"48421","Sherman","TX",2022,53348,746070,132256,126694,344693
"48357","Ochiltree","TX",2022,868507,626269,396225,217095,61609
"48087","Collingsworth","TX",2022,252983,189355,357934,238637,124750
"48495","Winkler","TX",2022,428343,771396,410062,157023,40592
"48501","Yoakum","TX",2022,104358,696591,119463,51445,263914
"08073","Lincoln","CO",2022,776283,871627,392340,160265,244505
"08025","Crowley","CO",2022,388416,280643,109627,164564,59781
"08079","Mineral","CO",2022,105918,655421,323475,23042,366772
"27009","Benton","MN",2022,122885,566916,491235,272886,2438
"27079","Le Sueur","MN",2022,473667,837150,368145,187441,390073
"19141","O'Brien","IA",2022,175209,612673,3689,166774,148165
"19169","Story","IA",2022,998178,312601,494599,144469,125678
"19099","Jasper","IA",2022,463954,110515,124123,65674,322540
"19183","Washington","IA",2022,539428,457836,289064,144071,317017
"19065","Fayette","IA",2022,313357,846012,399831,19600,43889
"49009","Daggett","UT",2022,614697,628845,481415,213083,258583
"12019","Clay","FL",2022,577790,562436,13187,78547,80009
"13057","Cherokee","GA",2022,488697,682938,148676,99717,181485
"41037","Lake","OR",2022,663221,12223,259385,217257,170531
"37005","Alleghany","NC",2022,815365,59757,37221,205790,60418
"38021","Dickey","ND",2022,823207,385297,388122,265529,165610
"19003","Adams","IA",2022,241247,770455,236843,214833,363280
"19137","Montgomery","IA",2022,883293,318028,4084,220135,33352
"19173","Taylor","IA",2022,909656,701643,406607,120056,220366
"19079","Hamilton","IA",2022,243749,381527,380766,117126,377121
"20155","Reno","KS",2022,855077,228890,395868,286950,90399
"50025","Windham","VT",2022,826024,8293,331675,214130,289325
"13017","Ben Hill","GA",2022,978807,74405,211810,109835,74770
"13233","Polk","GA",2022,144902,159171,180096,230426,169111
"38001","Adams","ND",2022,844224,333173,24172,285888,207623
"38011","Bowman","ND",2022,501751,886870,469155,220391,156689
"38023","Divide","ND",2022,615930,430812,494918,132255,335139
"20015","Butler","KS",2022,199922,338045,444755,92105,380451
"20051","Ellis","KS",2022,795540,356910,270266,89080,376724
"20053","Ellsworth","KS",2022,853378,450782,260847,139300,49234
"20029","Cloud","KS",2022,520361,678675,282070,175301,318655
"50021","Rutland","VT",2022,148654,848587,188983,88795,379793
"13067","Cobb","GA",2022,779179,88727,247637,135074,114552
"13235","Pulaski","GA",2022,696092,109523,366157,213603,145677
"48399","Runnels","TX",2022,237542,409526,362358,159228,291332
"13085","Dawson","GA",2022,290338,437010,455025,124804,205362
"13293","Upson","GA",2022,622869,470660,442009,13901,273249
"20085","Jackson","KS",2022,663654,694949,226846,229866,194464
"20177","Shawnee","KS",2022,85260,564651,15745,83782,175769
"20049","Elk","KS",2022,451874,425957,70430,237027,364268
"20139","Osage","KS",2022,874089,142063,135587,32224,118706
"50017","Orange","VT",2022,155564,342418,147280,140211,241833
"51650","Hampton","VA",2022,747807,770401,445471,128035,211364
"48363","Palo Pinto","TX",2022,140378,196445,371061,45581,51773
"48237","Jack","TX",2022,748634,653529,297503,66381,328857
"48279","Lamb","TX",2022,979928,714307,484346,242022,92747
"48255","Karnes","TX",2022,88009,514916,67231,203746,326102
"48081","Coke","TX",2022,100411,164302,442178,293998,399023
"48297","Live Oak","TX",2022,607478,604672,130450,214737,399533
"13015","Bartow","GA",2022,271457,399857,318325,242394,341279
"13177","Lee","GA",2022,210746,543119,6847,236621,192590
"20115","Marion","KS",2022,132783,164655,211767,124551,128043
"20057","Ford","KS",2022,365383,550078,87948,105937,278360
"20189","Stevens","KS",2022,118087,681832,305566,153031,194270
"20159","Rice","KS",2022,353214,265033,199740,158096,75746
"20151","Pratt","KS",2022,33981,384149,236902,41893,282885
"51710","Norfolk","VA",2022,691535,484825,219398,294933,269730
"51810","Virginia Beach","VA",2022,680578,398037,142738,173627,48170
"51013","Arlington","VA",2022,108860,564003,342362,28391,232288
"48191","Hall","TX",2022,611730,99874,266699,149439,16645
"48269","King","TX",2022,880240,468383,80096,98476,31488
"48171","Gillespie","TX",2022,302596,780127,123824,210143,351715
"48435","Sutton","TX",2022,217271,354669,407626,256641,109794
"48159","Franklin","TX",2022,320333,173997,123251,33038,233864
"13273","Terrell","GA",2022,346474,829956,74382,194249,289752
"13249","Schley","GA",2022,60648,623313,90342,4360,395779
"13277","Tift","GA",2022,338152,691248,112046,208149,109346
"20061","Geary","KS",2022,961858,209769,406088,209662,303828
"20193","Thomas","KS",2022,151527,672355,252300,104085,175783
"20143","Ottawa","KS",2022,351522,863453,265294,27297,157825
"20205","Wilson","KS",2022,486396,868440,142730,262724,33611
"20109","Logan","KS",2022,852758,543869,189052,229203,240366
"51550","Chesapeake","VA",2022,938849,319401,162290,49108,150140
"53039","Klickitat","WA",2022,312734,142957,406179,136896,321643
"53069","Wahkiakum","WA",2022,740779,489614,206181,286804,346786
"48131","Duval","TX",2022,186655,813475,392167,167248,46722
"48283","La Salle","TX",2022,936007,486744,71162,212053,333104
"48429","Stephens","TX",2022,14370,466707,350379,140594,359029
"48503","Young","TX",2022,760105,575953,370810,224857,294387
"48195","Hansford","TX",2022,4759,67551,135707,271298,132142
"48023","Baylor","TX",2022,547067,318530,388061,55572,121480
"48127","Dimmit","TX",2022,448933,396773,41447,223439,336580
"48169","Garza","TX",2022,570412,533173,364098,266534,372898
"13255","Spalding","GA",2022,767496,531368,493978,182512,316195
"13165","Jenkins","GA",2022,81060,99066,304748,201971,193727
"20067","Grant","KS",2022,511380,428959,236211,18025,68511
"20199","Wallace","KS",2022,345030,119354,307790,30992,233952
"20033","Comanche","KS",2022,104910,17237,78382,33780,86811
"20101","Lane","KS",2022,230269,97532,420403,264524,10485
"21157","Marshall","KY",2022,335756,809623,355236,196884,336329
"21083","Graves","KY",2022,321976,231942,19247,193252,193213
"21049","Clark","KY",2022,903490,214679,427696,245771,348206
"53051","Pend Oreille","WA",2022,122488,579019,71557,262093,67655
"54053","Mason","WV",2022,910276,789313,316808,277478,38458
"48137","Edwards","TX",2022,896523,786734,422068,113725,138237
"48095","Concho","TX",2022,710450,271739,413329,53655,354755
"21193","Perry","KY",2022,968920,44521,448325,241728,257843
"21229","Washington","KY",2022,431084,586495,314368,237632,208245
"13193","Macon","GA",2022,65050,253696,324045,273332,386459
"13175","Laurens","GA",2022,606502,296373,67663,82617,25004
"21087","Green","KY",2022,688928,367328,266350,213886,350747
"45033","Dillon","SC",2022,249226,194929,491581,72811,311861
"54035","Jackson","WV",2022,683342,567336,82977,106861,343266
"54051","Marshall","WV",2022,98142,424661,149213,145251,300255
"21137","Lincoln","KY",2022,194579,662416,174324,272719,244491
"21065","Estill","KY",2022,84841,243732,48799,177193,363124
"21129","Lee","KY",2022,670587,688224,785,89542,81565
"13257","Stephens","GA",2022,574477,805014,323477,262194,196744
"13005","Bacon","GA",2022,548972,623726,277277,19893,123138
"46135","Yankton","SD",2022,634729,583991,103218,151886,316036
"46099","Minnehaha","SD",2022,189300,419494,313086,9055,315382
"46027","Clay","SD",2022,247506,60508,168127,65684,57764
"54055","Mercer","WV",2022,223814,54414,10232,31144,118234
"54069","Ohio","WV",2022,454050,503481,267898,222068,20730
"22049","Jackson","LA",2022,771118,243574,349944,196835,187304
"22093","St. James","LA",2022,769953,3232,348862,150917,367992
"23001","Androscoggin","ME",2022,482213,218566,134580,252398,88293
"13161","Jeff Davis","GA",2022,801456,591186,295630,81670,27593
"13065","Clinch","GA",2022,342400,159321,326124,56437,324653
"46053","Gregory","SD",2022,719291,516324,176547,269639,62735
"46039","Deuel","SD",2022,458147,81675,116543,152399,25335
"46101","Moody","SD",2022,987240,302088,411797,238838,10543
"54029","Hancock","WV",2022,102657,296160,261027,241361,129562
"55127","Walworth","WI",2022,287823,356965,435402,63442,325991
"23011","Kennebec","ME",2022,499523,203449,227747,149921,267182
"26087","Lapeer","MI",2022,772180,206719,261186,76280,221486
"16045","Gem","ID",2022,572500,659531,439941,285877,280171
"17053","Ford","IL",2022,29899,758664,10641,194493,300197
"46109","Roberts","SD",2022,445415,278210,7267,290934,114794
"46091","Marshall","SD",2022,656633,449161,312218,107168,233551
"55093","Pierce","WI",2022,339530,396998,328049,285397,66532
"55063","La Crosse","WI",2022,361763,63698,300388,112476,51977
"27003","Anoka","MN",2022,280874,236593,334165,130186,153432
"27123","Ramsey","MN",2022,239015,387757,39932,102182,345109
"17169","Schuyler","IL",2022,238893,461561,375415,144890,209122
"17035","Cumberland","IL",2022,331691,205686,226448,79612,13142
"18107","Montgomery","IN",2022,261411,98597,46024,95435,50454
"18103","Miami","IN",2022,503925,246924,3894,12515,183458
"46102","Oglala Lakota","SD",2022,288555,330872,368311,94108,93747
"46019","Butte","SD",2022,949486,453359,387726,9080,186116
"55061","Kewaunee","WI",2022,72723,316771,17034,258896,341299
"55065","Lafayette","WI",2022,195338,699142,121817,13971,348675
"56011","Crook","WY",2022,822479,631805,191218,263655,191405
"56005","Campbell","WY",2022,327666,829221,75479,145363,383642
"27111","Otter Tail","MN",2022,215630,45644,415016,69823,177959
"27141","Sherburne","MN",2022,846279,159489,301094,270842,192047
"18179","Wells","IN",2022,337712,835613,17215,165900,123013
"18063","Hendricks","IN",2022,904809,213578,177111,94847,241846
"18035","Delaware","IN",2022,838639,214552,133384,134033,30208
"18005","Bartholomew","IN",2022,805521,481239,176578,75147,285828
"18021","Clay","IN",2022,800675,824952,416177,110792,34102
"47069","Hardeman","TN",2022,173117,688602,9841,53904,309249
"47103","Lincoln","TN",2022,777797,824731,165239,49140,376687
"02230","Skagway","AK",2022,208379,99075,350961,66118,44038
"05059","Hot Spring","AR",2022,552310,300589,10033,98007,266158
"05105","Perry","AR",2022,153948,788710,299455,214277,14584
"22027","Claiborne","LA",2022,278736,617872,69354,244664,245500
"23009","Hancock","ME",2022,514749,843606,197263,180153,343989
"23029","Washington","ME",2022,93558,809643,136538,88627,306712
"02150","Kodiak Island","AK",2022,493723,226588,91802,228930,140461
"24041","Talbot","MD",2022,752497,518086,334267,50785,294851
"24045","Wicomico","MD",2022,392001,266334,421551,260245,146037
"24003","Anne Arundel","MD",2022,305311,671577,309235,211216,156291
"01045","Dale","AL",2022,227442,257459,151160,119511,251275
"01105","Perry","AL",2022,969559,458457,216186,10922,130733
"17143","Peoria","IL",2022,241407,524931,403696,30793,137967
"17071","Henderson","IL",2022,957197,646312,273152,176408,229155
"19043","Clayton","IA",2022,118404,299055,181947,134893,143613
"18113","Noble","IN",2022,212327,444328,114704,288256,46990
"19191","Winneshiek","IA",2022,427918,405933,386625,27091,223495
"24510","Baltimore","MD",2022,974302,333877,439947,63411,79449
"02060","Bristol Bay","AK",2022,949663,170811,415360,218074,341895
"01031","Coffee","AL",2022,260892,24146,82357,174740,117754
"01011","Bullock","AL",2022,899956,450377,57397,248496,5061
"31083","Harlan","NE",2022,542286,824250,227477,96638,394648
"31147","Richardson","NE",2022,216794,396837,262969,113355,256499
"17193","White","IL",2022,60274,395652,192359,64368,207761
"17011","Bureau","IL",2022,373810,144017,170576,209072,17425
"19129","Mills","IA",2022,561298,498404,115176,93830,40339
"18079","Jennings","IN",2022,675015,769169,225148,71122,210706
"26093","Livingston","MI",2022,303557,883758,411204,165060,358514
"26043","Dickinson","MI",2022,126041,311146,321049,156043,223517
"26001","Alcona","MI",2022,739304,649331,242425,281977,350132
"31153","Sarpy","NE",2022,359060,546087,191098,141555,112543
"31161","Sheridan","NE",2022,244941,27978,122372,267740,121486
"17025","Clay","IL",2022,67380,352107,458281,138141,61481
"16071","Oneida","ID",2022,532073,30029,121659,75773,5628
"18095","Madison","IN",2022,350183,245712,369426,269635,224881
"20103","Leavenworth","KS",2022,147593,649668,144521,249852,5291
"26031","Cheboygan","MI",2022,566940,800991,181062,185481,173401
"27063","Jackson","MN",2022,507736,298312,309208,148570,249108
"27105","Nobles","MN",2022,714023,148393,287963,129892,168393
"33003","Carroll","NH",2022,988316,342238,373165,12975,75371
"35031","McKinley","NM",2022,354555,499606,11884,65342,254172
"16019","Bonneville","ID",2022,745773,403195,260177,53960,129821
"17145","Perry","IL",2022,225142,237899,237697,48765,70517
"26009","Antrim","MI",2022,438920,777179,248099,172748,91823
"20209","Wyandotte","KS",2022,702596,193635,261822,142707,304922
"27045","Fillmore","MN",2022,166897,36639,193613,64682,235296
"27169","Winona","MN",2022,532203,69623,66537,84968,112467
"35035","Otero","NM",2022,453629,123271,151189,240987,75720
"37045","Cleveland","NC",2022,959767,647528,326969,276238,91198
"37145","Person","NC",2022,628612,144615,175515,152131,254829
"16055","Kootenai","ID",2022,42201,370417,36592,114964,92672
"17203","Woodford","IL",2022,121098,94665,209807,21031,192919
"17123","Marshall","IL",2022,841408,794161,492968,61296,320373
"20121","Miami","KS",2022,784304,12322,363796,30701,99082
"20183","Smith","KS",2022,826517,417496,463421,269932,309219
"20201","Washington","KS",2022,284757,891154,318161,33138,190806
"27025","Chisago","MN",2022,740336,144191,403619,48469,319390
"27091","Martin","MN",2022,639845,191454,85757,125921,282545
"35009","Curry","NM",2022,508920,360506,351947,72873,41845
"35029","Luna","NM",2022,539165,407974,451907,104728,179162
"36073","Orleans","NY",2022,826620,489533,445062,132652,154016
"17101","Lawrence","IL",2022,435882,382397,248675,12291,9026
"17151","Pope","IL",2022,781420,602030,213918,34085,110571
"17131","Mercer","IL",2022,737775,793436,315444,254552,152828
"36005","Bronx","NY",2022,12640,236478,141650,251254,34014
"20019","Chautauqua","KS",2022,821442,499054,305689,269108,200407
"28059","Jackson","MS",2022,907181,53215,475586,18473,395733
"28045","Hancock","MS",2022,109786,96506,453350,185399,213724
"37179","Union","NC",2022,426778,705052,339254,187533,79704
"37187","Washington","NC",2022,196730,745637,201027,189524,177583
"17015","Carroll","IL",2022,308156,139868,3552,274020,128182
"26161","Washtenaw","MI",2022,961003,411652,207083,147168,138923
"36055","Monroe","NY",2022,995471,35343,437747,155248,232695
"20075","Hamilton","KS",2022,779450,243318,451519,111276,152331
"36057","Montgomery","NY",2022,636000,376087,87795,61141,288411
"28113","Pike","MS",2022,966006,895344,277278,133629,296640
"28027","Coahoma","MS",2022,65412,818809,142155,262011,338893
"28057","Itawamba","MS",2022,693750,846705,238126,291340,156484
"37077","Granville","NC",2022,653495,18931,187581,264498,129203
"37073","Gates","NC",2022,2013,513421,223817,213007,184776
"18019","Clark","IN",2022,611321,422398,76591,174838,367787
"18167","Vigo","IN",2022,431778,841922,168331,149622,229713
"21145","McCracken","KY",2022,241573,614971,328241,299064,73658
"40099","Murray","OK",2022,927748,337728,201061,95944,18546
"28093","Marshall","MS",2022,25283,187854,70983,288953,194913
"28041","Greene","MS",2022,15863,316727,443418,245675,233320
"34029","Ocean","NJ",2022,586354,699526,216071,240244,313859
"34025","Monmouth","NJ",2022,944485,688505,269671,210826,115720
"18097","Marion","IN",2022,300859,723124,25460,48985,147326
"18077","Jefferson","IN",2022,864736,610681,271233,52730,361290
"26081","Kent","MI",2022,385682,439519,85460,95779,64813
"40123","Pontotoc","OK",2022,483389,435023,149009,281890,144685
"08041","El Paso","CO",2022,425165,873195,357913,152448,311167
"29145","Newton","MO",2022,771902,134572,17537,15633,299946
"29213","Taney","MO",2022,986050,421594,128369,115543,279847
"29155","Pemiscot","MO",2022,490782,645101,443594,179965,343128
"34017","Hudson","NJ",2022,417195,183698,439499,38135,99591
"34039","Union","NJ",2022,451838,412358,361457,100180,53222
"18171","Warren","IN",2022,380927,541102,59907,163786,42427
"26125","Oakland","MI",2022,461870,755735,190981,18859,95870
"21105","Hickman","KY",2022,643788,376198,172120,178378,39672
"36087","Rockland","NY",2022,681478,449206,136330,252154,62407
"40109","Oklahoma","OK",2022,483778,498231,138446,173258,140922
"29153","Ozark","MO",2022,270368,257137,422957,206911,292833
"29091","Howell","MO",2022,150249,690223,441045,183491,285832
"29011","Barton","MO",2022,238613,272214,158888,292350,288733
"40115","Ottawa","OK",2022,436085,116856,80275,5172,365935
"40151","Woods","OK",2022,684476,826407,393978,228626,396072
"18141","St. Joseph","IN",2022,340721,872322,3306,247764,363784
"26027","Cass","MI",2022,71833,313142,34847,93010,365536
"26067","Ionia","MI",2022,969154,337871,223850,142696,289689
"21053","Clinton","KY",2022,759671,720853,435237,218231,47648
"36003","Allegany","NY",2022,615799,898428,470814,106564,57418
"29165","Platte","MO",2022,62740,868363,215881,251588,69697
"29163","Pike","MO",2022,897076,439845,185599,125991,218737
"41057","Tillamook","OR",2022,327048,730821,209385,125762,330976
"41027","Hood River","OR",2022,499582,555349,313745,111298,60860
"26069","Iosco","MI",2022,312523,798647,369750,279458,96148
"18155","Switzerland","IN",2022,336977,299117,32094,131752,50182
"18177","Wayne","IN",2022,689278,583853,496330,235283,332603
"21091","Hancock","KY",2022,657781,726139,332798,38041,11976
"21041","Carroll","KY",2022,860746,72875,91940,143545,297220
"29147","Nodaway","MO",2022,459265,239998,176654,125257,281514
"29005","Atchison","MO",2022,272443,353696,110140,202186,83280
"41059","Umatilla","OR",2022,880643,655514,370767,97564,306219
"42073","Lawrence","PA",2022,205937,35410,496087,210167,398158
"42009","Bedford","PA",2022,57178,869601,235154,91055,254726
"19155","Pottawattamie","IA",2022,528538,830358,337257,169883,69429
"19005","Allamakee","IA",2022,630638,360503,244563,186718,201429
"36021","Columbia","NY",2022,871166,473039,171242,11419,41677
"26133","Osceola","MI",2022,623624,70856,244910,197230,127945
"29045","Clark","MO",2022,129145,355198,317493,220504,131535
"29009","Barry","MO",2022,21054,492471,179527,156612,364887
"42085","Mercer","PA",2022,298450,438309,324984,50598,219542
"42083","McKean","PA",2022,634970,821758,476035,87186,190581
"42015","Bradford","PA",2022,295080,384870,271135,245528,146152
"42123","Warren","PA",2022,666865,267454,486132,1013,367084
"18163","Vanderburgh","IN",2022,150069,453577,463833,183098,115707
"26157","Tuscola","MI",2022,229900,701703,182643,180059,204285
"26023","Branch","MI",2022,301652,259788,80492,53557,292550
"21047","Christian","KY",2022,110417,277393,34424,224978,82066
"40037","Creek","OK",2022,591930,474283,411373,45928,53321
"29217","Vernon","MO",2022,729791,28360,491691,114358,70646
"30101","Toole","MT",2022,509813,591387,154211,37517,50865
"31135","Perkins","NE",2022,605184,364387,77644,77498,73222
"44001","Bristol","RI",2022,351736,335079,168908,10818,393321
"17195","Whiteside","IL",2022,190303,383610,59517,125516,112569
"18029","Dearborn","IN",2022,470342,876919,450521,187299,317634
"19071","Fremont","IA",2022,189734,841671,194655,140332,221109
"21185","Oldham","KY",2022,46873,59760,372646,278271,367074
"40009","Beckham","OK",2022,54497,57172,38986,241671,57186
"26131","Ontonagon","MI",2022,636425,841997,74985,151744,320151
"01125","Tuscaloosa","AL",2022,886255,637782,91750,256866,385023
"24011","Caroline","MD",2022,707130,479244,417769,195340,164282
"01015","Calhoun","AL",2022,412419,485066,214813,92471,272338
"17159","Richland","IL",2022,9948,278426,216802,74903,291023
"13119","Franklin","GA",2022,145420,833724,372958,292756,196837
"19145","Page","IA",2022,491151,98567,438595,6868,134412
"19167","Sioux","IA",2022,661634,532009,206704,148209,395688
"19189","Winnebago","IA",2022,100529,395108,46216,98564,4432
"26077","Kalamazoo","MI",2022,582090,452363,412676,104403,327913
"26057","Gratiot","MI",2022,856373,14164,412654,75904,286600
"26145","Saginaw","MI",2022,48604,730735,353859,193413,357924
"22109","Terrebonne","LA",2022,430766,517617,168889,257034,229055
"08119","Teller","CO",2022,73623,373001,156379,102810,117185
"22117","Washington","LA",2022,526637,275377,228502,191140,134086
"22085","Sabine","LA",2022,418082,32285,273487,408,96518
"22119","Webster","LA",2022,602875,761148,351666,173284,396296
"55069","Lincoln","WI",2022,76498,7484,116900,92684,302865
"55019","Clark","WI",2022,861947,891235,231130,289566,182335
"55123","Vernon","WI",2022,849396,665706,222177,239136,155059
"18039","Elkhart","IN",2022,207799,146296,120851,124371,170500
"18001","Adams","IN",2022,394238,428266,322624,261127,126771
"26113","Missaukee","MI",2022,788953,867042,48046,216889,257766
"17057","Fulton","IL",2022,516610,385911,21823,44233,323384
"40083","Logan","OK",2022,895987,525135,384831,12102,392805
"36069","Ontario","NY",2022,777072,93501,336687,78202,270513
"19101","Jefferson","IA",2022,48660,57562,339620,41423,320990
"19115","Louisa","IA",2022,376719,599697,397625,228080,256146
"19123","Mahaska","IA",2022,292562,190508,154775,287831,48662
"20133","Neosho","KS",2022,401249,249534,182365,44744,50103
"20113","McPherson","KS",2022,992506,50111,160504,59917,214735
"55053","Jackson","WI",2022,679874,127602,124156,185197,36959
"55015","Calumet","WI",2022,3408,710258,324740,196287,120560
"55027","Dodge","WI",2022,29063,307332,120401,203110,8862
"18151","Steuben","IN",2022,803588,775816,402500,19741,169996
"19139","Muscatine","IA",2022,4745,90977,432598,60533,299041
"26037","Clinton","MI",2022,278319,577700,487642,168414,291778
"19059","Dickinson","IA",2022,100125,394115,125753,44378,230569
"21111","Jefferson","KY",2022,838425,813457,174289,263666,124857
"21037","Campbell","KY",2022,260443,147983,202647,38658,107680
"20087","Jefferson","KS",2022,295356,49075,364907,252598,101929
"20153","Rawlins","KS",2022,500246,553429,155845,218200,77218
"20207","Woodson","KS",2022,112346,683425,48193,268256,229557
"20123","Mitchell","KS",2022,471097,360525,325590,14320,5196
"20179","Sheridan","KS",2022,949369,712544,370496,145384,218084
"55087","Outagamie","WI",2022,9580,49185,458273,266045,80527
"55033","Dunn","WI",2022,88860,197090,12102,203214,185300
"55017","Chippewa","WI",2022,320917,684730,63515,45700,149705
"20129","Morton","KS",2022,390347,151349,478706,15837,275359
"20125","Montgomery","KS",2022,291471,27078,332375,151431,153406
"26019","Benzie","MI",2022,158438,279347,240697,106490,154462
"18057","Hamilton","IN",2022,403017,807796,33373,18136,144037
"36083","Rensselaer","NY",2022,782833,365268,465157,259745,24511
"21225","Union","KY",2022,129718,801895,95399,118274,318926
"21199","Pulaski","KY",2022,79877,21135,84645,198003,227905
"21021","Boyle","KY",2022,272490,149084,368973,274340,53195
"55077","Marquette","WI",2022,869660,68438,345473,250486,169106
"55091","Pepin","WI",2022,337780,57518,20650,61003,309260
"55119","Taylor","WI",2022,438582,766656,188996,60124,237157
"20181","Sherman","KS",2022,884326,159716,41243,216086,86158
"36093","Schenectady","NY",2022,621109,363337,39571,34382,207444
"20035","Cowley","KS",2022,98590,614484,270121,50352,166216
"20089","Jewell","KS",2022,640585,220396,322209,213683,2225
"36035","Fulton","NY",2022,190728,21835,442085,230157,170389
"05031","Craighead","AR",2022,443894,275175,257863,20254,250621
"01007","Bibb","AL",2022,776333,756551,419613,101719,21936
"30041","Hill","MT",2022,976381,176938,234396,53146,396986
"47111","Macon","TN",2022,636612,90673,164820,257364,204736
"55115","Shawano","WI",2022,473182,776779,185075,171321,355810
"56043","Washakie","WY",2022,788771,351513,473342,57766,62063
"40131","Rogers","OK",2022,690749,146751,396395,197753,72097
"36007","Broome","NY",2022,220947,718438,125956,174625,281162
"05149","Yell","AR",2022,71984,774265,241771,254133,193380
"05087","Madison","AR",2022,970149,616908,255432,250600,78019
"54061","Monongalia","WV",2022,57524,774504,262811,221412,242995
"55079","Milwaukee","WI",2022,568627,338790,278588,16338,29834
"56019","Johnson","WY",2022,64016,713792,499751,171189,212643
"56017","Hot Springs","WY",2022,491803,334218,233689,143812,127275
"40017","Canadian","OK",2022,516107,80183,181172,223143,346622
"06031","Kings","CA",2022,342457,293872,282418,45443,99344
"08017","Cheyenne","CO",2022,87279,181869,374824,158854,276507
"08121","Washington","CO",2022,701921,488548,207366,60933,190542
"55101","Racine","WI",2022,519917,315115,473549,219310,31632
"55045","Green","WI",2022,874877,234059,32739,33231,54145
"55125","Vilas","WI",2022,460792,872533,351925,160579,165281
"01067","Henry","AL",2022,140876,298206,164809,256190,316802
"01017","Chambers","AL",2022,426729,370529,287935,229862,152170
"36107","Tioga","NY",2022,282232,867233,89043,98981,351052
"13253","Seminole","GA",2022,58861,415202,329230,279169,53068
"13169","Jones","GA",2022,544783,874793,157227,292344,366139
"56023","Lincoln","WY",2022,55432,817848,448210,127696,317331
"51011","Appomattox","VA",2022,226069,257869,208056,255970,10947
"01077","Lauderdale","AL",2022,757509,88628,460760,257684,346507
"04019","Pima","AZ",2022,881380,513915,411730,39115,146667
"36027","Dutchess","NY",2022,675945,635132,294855,201740,350675
"40031","Comanche","OK",2022,495208,515159,142879,49193,340782
"26111","Midland","MI",2022,768229,516725,342290,131336,241894
"13129","Gordon","GA",2022,116207,126381,422358,73102,344418
"13207","Monroe","GA",2022,337357,431510,266400,22864,17284
"13227","Pickens","GA",2022,180405,256769,182082,220852,166219
"51173","Smyth","VA",2022,146213,797797,314635,213264,11595
"51680","Lynchburg","VA",2022,452602,271046,395701,35002,113913
"05143","Washington","AR",2022,199308,179190,72346,189778,343703
"05089","Marion","AR",2022,565888,335831,129302,83258,68557
"06067","Sacramento","CA",2022,47875,692813,274181,171397,214265
"10001","Kent","DE",2022,510786,694627,441341,167890,239795
"12113","Santa Rosa","FL",2022,750352,584643,8375,267288,254176
"40051","Grady","OK",2022,116236,132349,351879,40826,106877
"26025","Calhoun","MI",2022,950646,161822,430312,293495,149109
"40047","Garfield","OK",2022,205585,225774,199639,84261,112141
"13167","Johnson","GA",2022,894264,75836,388432,128708,62016
"13023","Bleckley","GA",2022,978148,742328,257306,217317,143140
"51025","Brunswick","VA",2022,214742,867807,15136,189219,210206
"51630","Fredericksburg","VA",2022,687737,92482,138616,109946,37793
"12011","Broward","FL",2022,384059,40006,129889,41872,319044
"12003","Baker","FL",2022,260674,848935,396106,262321,121239
"08099","Prowers","CO",2022,790660,841673,23496,172761,347328
"02198","Prince of Wales-Hyder","AK",2022,496289,577672,201247,162675,366798
"42117","Tioga","PA",2022,815949,798597,377701,223490,147711
"13123","Gilmer","GA",2022,399608,181754,495507,32184,125207
"13243","Randolph","GA",2022,567913,897729,429814,10562,135304
"51760","Richmond","VA",2022,603781,848965,377614,158135,358391
"51045","Craig","VA",2022,901097,433884,351106,134502,264021
"17149","Pike","IL",2022,837509,317810,303927,208076,379816
"17077","Jackson","IL",2022,610939,31173,497528,120449,41523
"44003","Kent","RI",2022,276658,747645,204951,46045,248932
"17155","Putnam","IL",2022,780617,851303,423534,195648,244279
"17075","Iroquois","IL",2022,883559,525573,158560,190102,150296
"13093","Dooly","GA",2022,193636,176441,306715,218645,157164
"13053","Chattahoochee","GA",2022,909325,632689,65033,169038,352929
"51049","Cumberland","VA",2022,212272,13579,53544,138080,318794
"51540","Charlottesville","VA",2022,126450,687356,220905,40702,197156
"17079","Jasper","IL",2022,831031,419305,356752,169880,178834
"17167","Sangamon","IL",2022,28220,246158,433557,174390,48439
"13083","Dade","GA",2022,734303,28963,448996,69205,163900
"18173","Warrick","IN",2022,335558,895264,117024,202516,9821
"18043","Floyd","IN",2022,929297,223350,330260,220323,256350
"13173","Lanier","GA",2022,348347,839229,34843,49111,274237
"13037","Calhoun","GA",2022,749943,874592,199773,198745,233487
"51775","Salem","VA",2022,517489,772051,28047,232858,328002
"51770","Roanoke","VA",2022,74831,254442,64010,27532,79281
"17141","Ogle","IL",2022,108332,18106,243244,140337,322531
"17061","Greene","IL",2022,616567,542234,267700,64345,40736
"18165","Vermillion","IN",2022,985307,871826,302765,9996,22520
"26117","Montcalm","MI",2022,678527,690034,108569,263715,45571
"26159","Van Buren","MI",2022,598116,764532,199201,169234,202913
"16053","Jerome","ID",2022,402522,238484,443257,107390,374508
"18059","Hancock","IN",2022,295533,324025,123984,131487,87059
"18109","Morgan","IN",2022,338627,629789,338211,8691,357500
"51079","Greene","VA",2022,904517,460855,472109,261908,89765
"51820","Waynesboro","VA",2022,211489,463279,432998,298786,381965
"51678","Lexington","VA",2022,461250,291194,379574,241468,295680
"13061","Clay","GA",2022,341341,535268,337985,54629,27386
"17173","Shelby","IL",2022,956391,80772,130079,140736,328495
"17105","Livingston","IL",2022,915710,894448,314311,27370,76568
"19085","Harrison","IA",2022,701507,673545,308232,187708,22988
"20191","Sumner","KS",2022,224933,425188,444551,147624,47775
"20037","Crawford","KS",2022,882295,566341,26763,205141,2139
"18017","Cass","IN",2022,330118,337291,225432,39821,129601
"18065","Henry","IN",2022,552043,337218,340656,164193,121925
"18133","Putnam","IN",2022,365897,852527,120554,248713,230705
"19175","Union","IA",2022,421551,467721,143314,239892,131300
"19047","Crawford","IA",2022,366831,699095,447415,141892,152152
"54101","Webster","WV",2022,444150,720496,414698,238907,29561
"54079","Putnam","WV",2022,559979,608102,75713,127403,194015
"17045","Edgar","IL",2022,483470,531806,463573,213923,250027
"17005","Bond","IL",2022,605821,569884,445347,57754,333432
"26091","Lenawee","MI",2022,263839,616069,20339,124997,225509
"18031","Decatur","IN",2022,549479,142414,371281,199804,264408
"18117","Orange","IN",2022,184703,539625,323635,227574,210789
"20021","Cherokee","KS",2022,363055,471409,428005,109065,375095
"19081","Hancock","IA",2022,513607,891087,495923,120273,307089
"19033","Cerro Gordo","IA",2022,937070,107332,391999,60136,321834
"19151","Pocahontas","IA",2022,129004,144153,46404,233243,386170
"19161","Sac","IA",2022,548019,817778,375550,127067,388894
"19103","Johnson","IA",2022,43479,779078,172711,96163,364461
"54097","Upshur","WV",2022,891164,22107,432663,267427,349989
"54015","Clay","WV",2022,230615,81299,410126,240902,236605
"55005","Barron","WI",2022,310249,324714,456299,12394,70192
"26153","Schoolcraft","MI",2022,78308,837388,105385,75721,320142
"18007","Benton","IN",2022,703592,586721,181655,106161,273174
"18127","Porter","IN",2022,410723,311525,471052,292244,297702
"20091","Johnson","KS",2022,435698,566722,345517,220568,378115
"20137","Norton","KS",2022,669691,700925,250076,232740,97882
"20013","Brown","KS",2022,345106,162017,206780,154609,398510
"05063","Independence","AR",2022,78647,388667,255959,269952,33214
"46071","Jackson","SD",2022,124036,285174,226390,126268,136593
"47177","Warren","TN",2022,50616,665187,97217,3179,298879
"47169","Trousdale","TN",2022,562382,283310,174593,258681,258167
"29043","Christian","MO",2022,57183,379495,387485,134184,354449
"29109","Lawrence","MO",2022,226036,438119,45655,33200,303119
"29115","Linn","MO",2022,343503,482378,418958,2580,73743
"38101","Ward","ND",2022,744387,66237,301710,59533,183603
"38049","McHenry","ND",2022,167331,39344,415293,298555,269633
"38103","Wells","ND",2022,33580,825352,38929,247316,265964
"46065","Hughes","SD",2022,694188,347584,60851,182673,154340
"47017","Carroll","TN",2022,721430,411054,164830,215622,296529
"47007","Bledsoe","TN",2022,132809,168370,358249,259609,387998
"35025","Lea","NM",2022,550260,556560,64162,103901,366700
"29219","Warren","MO",2022,225074,805422,417912,197224,91906
"29117","Livingston","MO",2022,502824,374075,117099,25121,130338
"38025","Dunn","ND",2022,456152,95219,167002,186033,227554
"39157","Tuscarawas","OH",2022,446859,43939,276285,157969,60533
"39023","Clark","OH",2022,253623,784441,307041,65994,8229
"47015","Cannon","TN",2022,576803,296892,172202,142247,274024
"47061","Grundy","TN",2022,989331,360317,87186,175931,291325
"36101","Steuben","NY",2022,67083,725992,104558,92024,369279
"37185","Warren","NC",2022,436033,629100,432489,132257,82919
"38033","Golden Valley","ND",2022,590218,584677,96177,268616,275715
"29003","Andrew","MO",2022,951797,706428,160592,142253,280899
"29035","Carter","MO",2022,695938,835235,223937,228562,367435
"29007","Audrain","MO",2022,312028,78315,456227,61503,176615
"39109","Miami","OH",2022,325282,193947,13792,121888,39928
"39149","Shelby","OH",2022,597850,554837,237956,70060,370020
"39113","Montgomery","OH",2022,469479,208245,210771,203132,13056
"47075","Haywood","TN",2022,586158,357221,464690,261794,347025
"47023","Chester","TN",2022,728730,500408,218436,219085,31344
"39081","Jefferson","OH",2022,819629,619200,13645,217592,332760
"39039","Defiance","OH",2022,656963,25680,103534,89012,36834
"46121","Todd","SD",2022,385546,339507,357721,18090,96079
"29059","Dallas","MO",2022,210646,600933,148170,251499,294466
"29089","Howard","MO",2022,805916,792083,378051,218700,291539
"29185","St. Clair","MO",2022,206710,131094,233005,49216,139351
"39041","Delaware","OH",2022,624775,308905,232229,180243,227931
"39019","Carroll","OH",2022,153731,241666,357158,203775,32396
"39131","Pike","OH",2022,50353,217677,422127,254943,379455
"47153","Sequatchie","TN",2022,444708,316739,234064,239642,177470
"47095","Lake","TN",2022,967127,824331,288305,18620,79619
"47115","Marion","TN",2022,724562,242947,112305,145785,99835
"47161","Stewart","TN",2022,448215,728654,80640,169252,147531
"29093","Iron","MO",2022,309909,462367,96279,145576,230281
"29063","DeKalb","MO",2022,967662,70654,438111,54029,279945
"29203","Shannon","MO",2022,895959,128444,492041,173504,295016
"39045","Fairfield","OH",2022,968360,260296,304757,298251,12867
"39153","Summit","OH",2022,842716,535885,183471,142589,354036
"39091","Logan","OH",2022,22196,21532,494697,135518,154964
"48397","Rockwall","TX",2022,765971,98155,396134,144642,55430
"48123","DeWitt","TX",2022,332543,212810,215169,259412,76496
"48209","Hays","TX",2022,73387,591351,227249,133355,301691
"48489","Willacy","TX",2022,175985,308714,51848,75158,198260
"48017","Bailey","TX",2022,825912,619931,302273,192364,72964
"30111","Yellowstone","MT",2022,772359,876515,133761,254458,13042
"30097","Sweet Grass","MT",2022,910547,305406,172724,107054,131743
"39117","Morrow","OH",2022,600109,161477,398610,251893,207050
"39159","Union","OH",2022,730104,549266,87647,103937,383631
"39057","Greene","OH",2022,8743,886050,353987,78962,192952
"48299","Llano","TX",2022,114362,329709,360806,224120,127615
"48257","Kaufman","TX",2022,460273,375205,312968,224647,101114
"48181","Grayson","TX",2022,39647,636389,18430,276287,238829
"48075","Childress","TX",2022,549065,696300,318376,138316,27049
"48483","Wheeler","TX",2022,134509,130581,823,187656,95830
"51073","Gloucester","VA",2022,677311,287143,95180,146703,379715
"51735","Poquoson","VA",2022,720972,369388,269362,122561,39244
"53061","Snohomish","WA",2022,39560,303389,171566,285845,394032
"30065","Musselshell","MT",2022,502815,88815,23447,239362,373789
"30019","Daniels","MT",2022,550593,237601,261145,37406,98843
"31041","Custer","NE",2022,111914,712759,207268,218926,133987
"39151","Stark","OH",2022,233292,760352,152698,69376,234731
"39083","Knox","OH",2022,783882,440974,130856,144559,328017
"39075","Holmes","OH",2022,369601,52267,117576,289216,208251
"48291","Liberty","TX",2022,748291,125212,356808,273586,110547
"48031","Blanco","TX",2022,152604,598782,309468,251537,236591
"48219","Hockley","TX",2022,472952,701357,211262,115081,104620
"48149","Fayette","TX",2022,809115,783801,211085,69816,150625
"48221","Hood","TX",2022,843911,660899,209887,74548,109364
"51169","Scott","VA",2022,597081,114846,217562,206145,389312
"51071","Giles","VA",2022,470156,893884,203371,137742,333771
"31045","Dawes","NE",2022,176605,94984,69108,7566,76760
"31123","Morrill","NE",2022,140095,897742,476400,203105,154731
"31037","Colfax","NE",2022,582102,535885,21418,191209,394946
"31039","Cuming","NE",2022,461428,781372,289739,75946,329194
"39071","Highland","OH",2022,825603,697091,417429,54324,118201
"39173","Wood","OH",2022,141677,780859,414074,289428,231951
"39055","Geauga","OH",2022,613716,842614,183983,9500,159028
"48065","Carson","TX",2022,48792,389052,469066,248792,125667
"48143","Erath","TX",2022,212549,676769,7746,152698,399546
"24039","Somerset","MD",2022,161414,164733,405498,67238,161140
"02130","Ketchikan Gateway","AK",2022,206168,499018,440847,120033,158961
"25023","Plymouth","MA",2022,858707,177670,526,30555,68226
"01127","Walker","AL",2022,332730,293536,421867,210824,152433
"26033","Chippewa","MI",2022,378871,290189,217738,90879,304162
"39051","Fulton","OH",2022,780891,413067,128181,222434,16350
"40129","Roger Mills","OK",2022,848940,277013,81150,52905,207249
"40025","Cimarron","OK",2022,358439,698464,351619,209413,27402
"31023","Butler","NE",2022,48234,505913,295830,67516,87018
"31011","Boone","NE",2022,584063,528926,492163,138529,210550
"31117","McPherson","NE",2022,903896,372223,421549,52778,105313
"31079","Hall","NE",2022,760105,348982,410684,199700,381897
"39121","Noble","OH",2022,542917,516056,232995,186894,399027
"39031","Coshocton","OH",2022,893435,715187,494180,101869,83387
"40121","Pittsburg","OK",2022,319031,661678,230898,12107,178741
"01057","Fayette","AL",2022,448824,336620,42844,132907,327695
"27099","Mower","MN",2022,262256,209124,72109,108821,394740
"27157","Wabasha","MN",2022,803303,766128,290710,31895,295494
"41041","Lincoln","OR",2022,235027,592555,440246,230282,323660
"41009","Columbia","OR",2022,477817,207832,179544,135859,379147
"42105","Potter","PA",2022,523140,228618,427596,41780,300027
"31159","Seward","NE",2022,908768,530685,471838,134145,277004
"31019","Buffalo","NE",2022,154189,665943,217219,38731,314870
"31097","Johnson","NE",2022,465578,529933,276408,88215,294925
"40137","Stephens","OK",2022,15618,815202,4821,248512,97409
"40149","Washita","OK",2022,876656,441093,50004,164900,25603
"40077","Latimer","OK",2022,736054,549150,429563,273462,282004
"27135","Roseau","MN",2022,327582,361621,31371,136550,158327
"29021","Buchanan","MO",2022,787585,739130,328355,9792,213358
"27041","Douglas","MN",2022,997502,406796,57049,266301,366485
"27057","Hubbard","MN",2022,623350,638666,151356,131290,390029
"27029","Clearwater","MN",2022,194727,547092,392629,3734,353809
"27159","Wadena","MN",2022,575753,703501,46722,254437,162754
"31001","Adams","NE",2022,83977,725315,397595,155647,319932
"31099","Kearney","NE",2022,860230,776435,453284,203734,337002
"31017","Brown","NE",2022,520564,644391,333285,32054,81772
"40063","Hughes","OK",2022,665069,267018,217296,167465,252623
"40093","Major","OK",2022,696594,68746,85303,22168,217109
"29209","Stone","MO",2022,710387,646851,269574,202045,159007
"29127","Marion","MO",2022,335204,608974,165600,179638,239492
"31031","Cherry","NE",2022,686911,167223,410981,110813,252863
"27143","Sibley","MN",2022,534906,168896,323042,33511,71188
"28067","Jones","MS",2022,926140,576126,470075,282895,84871
"28017","Chickasaw","MS",2022,550173,550211,98120,23184,74472
"28013","Calhoun","MS",2022,487346,127517,276334,274232,164990
"31005","Arthur","NE",2022,969967,154589,444162,80561,65640
"32027","Pershing","NV",2022,915195,827980,421524,249655,93637
"32021","Mineral","NV",2022,74032,568124,245397,14644,374186
"33001","Belknap","NH",2022,64179,487694,23853,230228,124559
"40055","Greer","OK",2022,870182,503260,431714,44256,348946
"41069","Wheeler","OR",2022,29846,305971,30489,201089,138515
"31055","Douglas","NE",2022,494797,472811,370538,112195,325215
"28125","Sharkey","MS",2022,257854,827013,449428,49054,379860
"28159","Winston","MS",2022,474342,419028,429232,73573,19552
"28145","Union","MS",2022,712774,145716,126958,832,226323
"35001","Bernalillo","NM",2022,888603,771481,330059,55963,197894
"35047","San Miguel","NM",2022,786003,750538,363193,258177,76683
"35053","Socorro","NM",2022,260301,215753,487238,62874,263992
"42011","Berks","PA",2022,785384,186147,256169,138459,154079
"42087","Mifflin","PA",2022,275314,166562,179634,190415,162174
"31015","Boyd","NE",2022,782097,83848,331631,266241,274352
"31057","Dundy","NE",2022,326393,346006,357956,46999,93613
"31049","Deuel","NE",2022,592304,126904,208118,277885,43010
"28097","Montgomery","MS",2022,891725,649435,306255,5645,396658
"28007","Attala","MS",2022,368546,227105,325030,56055,383720
"28061","Jasper","MS",2022,620009,237158,461241,149649,146898
"28015","Carroll","MS",2022,374043,582176,139812,234164,29832
"28105","Oktibbeha","MS",2022,337351,296687,359135,288973,75628
"35057","Torrance","NM",2022,393619,79408,67869,63594,237130
"35028","Los Alamos","NM",2022,492723,688403,401872,280745,147102
"36109","Tompkins","NY",2022,68045,319305,13526,168306,323983
"42053","Forest","PA",2022,779151,282698,284188,214328,168136
"42093","Montour","PA",2022,211465,67958,141692,49317,149018
"42107","Schuylkill","PA",2022,635611,425669,444286,242397,201439
"31177","Washington","NE",2022,560002,133435,22592,141187,46916
"32009","Esmeralda","NV",2022,466838,722283,38230,64779,297284
"32013","Humboldt","NV",2022,460026,759092,144615,177706,186052
"28065","Jefferson Davis","MS",2022,268503,1989,275401,115823,38270
"28063","Jefferson","MS",2022,215965,18891,109669,58779,181164
"36121","Wyoming","NY",2022,76504,737930,65147,146053,399094
"37105","Lee","NC",2022,550724,426730,129467,86885,11661
"42065","Jefferson","PA",2022,211596,219290,234851,103219,37261
"42047","Elk","PA",2022,435771,884465,239316,244697,194848
"45071","Newberry","SC",2022,549157,146559,358812,109117,388812
"46077","Kingsbury","SD",2022,68971,741709,482491,96486,380501
"46043","Douglas","SD",2022,472037,383924,478367,25326,32812
"46025","Clark","SD",2022,832614,723648,377046,78365,308591
"46033","Custer","SD",2022,641765,97793,454493,151688,151763
"46063","Harding","SD",2022,492455,813072,167624,256622,255354
"28037","Franklin","MS",2022,497553,268140,400139,58779,205987
"29179","Reynolds","MO",2022,16294,146531,80627,43433,351122
"29151","Osage","MO",2022,987828,34645,73111,262814,216234
"37069","Franklin","NC",2022,239865,476422,477242,174304,265088
"37003","Alexander","NC",2022,617671,165621,457938,35254,291265
"46111","Sanborn","SD",2022,290267,262221,228847,225687,523
"46005","Beadle","SD",2022,284185,192925,380909,69077,10214
"46125","Turner","SD",2022,196269,705064,20855,161600,356241
"46107","Potter","SD",2022,131730,93365,169385,175782,119794
"16067","Minidoka","ID",2022,970399,504532,361598,111241,262792
"16051","Jefferson","ID",2022,24739,304787,200669,105809,248775
"27067","Kandiyohi","MN",2022,210833,307871,189081,60006,307509
"27085","McLeod","MN",2022,737729,503094,252367,47235,102743
"28133","Sunflower","MS",2022,644505,379246,368392,233262,59022
"39103","Medina","OH",2022,284406,434708,387143,15844,272883
"40057","Harmon","OK",2022,251445,544696,240388,295762,339208
"42069","Lackawanna","PA",2022,361317,537380,202147,59698,258111
"42041","Cumberland","PA",2022,877618,790691,352668,35922,340659
"51035","Carroll","VA",2022,770368,526881,11275,89488,204320
"54089","Summers","WV",2022,487699,6560,170141,18292,110379
"17033","Crawford","IL",2022,173212,735113,132753,249737,394652
"18093","Lawrence","IN",2022,254514,591063,223821,246549,88323
"19113","Linn","IA",2022,507585,435053,394025,177149,351707
"19087","Henry","IA",2022,949267,631789,478622,145691,271993
"28025","Clay","MS",2022,924188,640570,264661,152645,48400
"28115","Pontotoc","MS",2022,588127,775648,71730,42422,323910
"28009","Benton","MS",2022,275654,415326,278598,284254,174736
"47043","Dickson","TN",2022,144958,804382,58419,23388,159741
"55009","Brown","WI",2022,858361,99550,214729,200522,94840
"05083","Logan","AR",2022,133869,799062,485237,84566,361767
"19197","Wright","IA",2022,959479,647197,419881,118884,399439
"19187","Webster","IA",2022,691729,258067,17363,174101,272450
"19125","Marion","IA",2022,546373,432727,235885,255690,45944
"19083","Hardin","IA",2022,897059,443551,239442,170104,223865
"19135","Monroe","IA",2022,93511,91994,291295,145339,296548
"20095","Kingman","KS",2022,664589,498270,65892,240742,225173
"29073","Gasconade","MO",2022,321120,58465,12352,20944,240495
"13047","Catoosa","GA",2022,447167,752886,431671,43859,155326
"17137","Morgan","IL",2022,560381,632526,20142,153166,47021
"47087","Jackson","TN",2022,941999,609595,379869,253080,180890
"48329","Midland","TX",2022,144916,48116,51064,247622,364090
"48249","Jim Wells","TX",2022,870046,78003,113892,22702,387845
"48431","Sterling","TX",2022,489243,513013,287939,192766,25993
"08061","Kiowa","CO",2022,858627,669482,431056,77715,150980
"13287","Turner","GA",2022,311955,860796,139300,104820,370233
"20063","Gove","KS",2022,928155,490248,371079,92416,80151
"20065","Graham","KS",2022,531780,639881,78752,241017,7377
"21061","Edmonson","KY",2022,794658,443308,64713,61435,65338
"21081","Grant","KY",2022,751488,893101,192932,280151,80606
"39053","Gallia","OH",2022,444991,655427,235738,247983,160047
"39155","Trumbull","OH",2022,122747,238007,64013,114124,311945
"42007","Beaver","PA",2022,37866,402487,211497,29914,214692
"49039","Sanpete","UT",2022,533578,353553,324113,84222,340809
"51690","Martinsville","VA",2022,134325,264861,137080,189776,323191
"55139","Winnebago","WI",2022,973947,43225,83364,242149,347344
"72009","Aibonito","PR",2022,454602,579345,36260,155200,255177
"27095","Mille Lacs","MN",2022,304638,596485,489340,290346,315945
"31109","Lancaster","NE",2022,655744,674922,23281,50704,143737
"38069","Pierce","ND",2022,501873,674714,127880,47068,199877
"46029","Codington","SD",2022,401938,66944,302707,280697,107908
"21113","Jessamine","KY",2022,377687,746921,107760,179717,217110
"46047","Fall River","SD",2022,366816,30741,85431,26542,133821
"47047","Fayette","TN",2022,718059,403049,440034,138917,12452
"17067","Hancock","IL",2022,970224,616559,241225,148989,60190
"18111","Newton","IN",2022,282746,619023,468874,49655,63501
"19089","Howard","IA",2022,865601,150871,371814,5895,249078
"18067","Howard","IN",2022,319601,161873,481488,247219,279422
"72101","Morovis","PR",2022,819356,759544,24588,270775,293854
"72117","Rincón","PR",2022,732890,809450,411412,274588,295399
"72143","Vega Alta","PR",2022,479471,23341,334809,2351,114029
"01061","Geneva","AL",2022,645277,353501,381488,181216,163753
"21077","Gallatin","KY",2022,127518,716208,22488,261134,279158
"48365","Panola","TX",2022,914565,761271,166768,278465,127540
"51700","Newport News","VA",2022,887392,863092,235412,178337,163691
"20039","Decatur","KS",2022,688986,572138,278746,106407,30740
"21161","Mason","KY",2022,927962,654550,282641,299394,173440
"40119","Payne","OK",2022,759250,604670,130549,222514,40872
"02105","Hoonah-Angoon","AK",2022,21117,654098,151531,103582,56334
"72085","Las Piedras","PR",2022,426414,744600,118513,158237,150228
"12085","Martin","FL",2022,888219,379579,51580,189476,275209
"17063","Grundy","IL",2022,616019,864945,419490,285859,29928
"27011","Big Stone","MN",2022,502711,419989,51773,104563,94229
"28003","Alcorn","MS",2022,377273,290707,414876,238255,106723
"31065","Furnas","NE",2022,579694,54837,27389,231772,15892
"51115","Mathews","VA",2022,930525,755795,431431,169781,311810
"01079","Lawrence","AL",2022,187400,129373,63024,290897,18375
"01027","Clay","AL",2022,205272,598153,369818,2490,2584
"27133","Rock","MN",2022,185742,4355,492839,197262,25032
"05049","Fulton","AR",2022,641537,151298,8363,31657,5956
"39001","Adams","OH",2022,910565,698321,1338,97607,364848
"17117","Macoupin","IL",2022,826604,501689,172543,186986,398031
"32007","Elko","NV",2022,229768,650397,195321,109752,337515
"35003","Catron","NM",2022,218461,4116,330144,77811,379533
"39111","Monroe","OH",2022,289045,418704,286669,280398,256448
"22011","Beauregard","LA",2022,181717,353890,151513,22843,276735
"51089","Henry","VA",2022,775265,67145,121248,248257,277953
"29186","Ste. Genevieve","MO",2022,10811,41963,420175,105632,152374
"32510","Carson City","NV",2022,825713,708553,362341,194366,295076
"16017","Bonner","ID",2022,289294,27955,54366,263839,171787
"17157","Randolph","IL",2022,793591,526266,366681,73685,242893
"47109","McNairy","TN",2022,671042,388163,279796,259717,358783
"48505","Zapata","TX",2022,324696,654069,50964,250053,186413
"08009","Baca","CO",2022,346633,608451,297505,194335,90246
"02020","Anchorage","AK",2022,442775,518219,63454,195649,57088
"02185","North Slope","AK",2022,905443,278773,132162,295512,27025
"51077","Grayson","VA",2022,84948,48304,68045,165335,252574
"53059","Skamania","WA",2022,717070,416077,173250,294495,6328
"35013","Doña Ana","NM",2022,510571,656635,150022,152272,252170
"36015","Chemung","NY",2022,588259,780787,485765,115580,292327
"26101","Manistee","MI",2022,346698,859723,66680,112273,304648
"19131","Mitchell","IA",2022,630612,564470,126585,4581,342982
"19159","Ringgold","IA",2022,304002,151215,281622,152753,102465
"26127","Oceana","MI",2022,884778,547221,352355,93657,258963
"02220","Sitka","AK",2022,770866,843665,327929,226158,304771
"01087","Macon","AL",2022,30591,249494,19705,33898,148298
"27047","Freeborn","MN",2022,429354,57107,281801,237880,171380
"27049","Goodhue","MN",2022,501412,370485,220445,85567,377355
"53003","Asotin","WA",2022,260160,643209,8429,101363,321482
"55089","Ozaukee","WI",2022,123837,138194,141687,9822,291728
"56021","Laramie","WY",2022,32007,690075,411844,187206,133825
"48147","Fannin","TX",2022,559026,120753,407618,153303,326800
"53009","Clallam","WA",2022,805142,172501,312537,136109,383631
"54077","Preston","WV",2022,362724,263756,119585,79387,172606
"20107","Linn","KS",2022,204167,254624,89434,276480,350316
"20117","Marshall","KS",2022,851207,445769,30208,54273,204965
"40043","Dewey","OK",2022,716959,682373,99522,298470,259852
"27155","Traverse","MN",2022,693392,460789,113621,244099,269651
"27081","Lincoln","MN",2022,404596,316622,6790,221724,304967
"28075","Lauderdale","MS",2022,212384,382754,330990,176026,192056
"28141","Tishomingo","MS",2022,515611,723649,279755,298545,254567
"05047","Franklin","AR",2022,747292,401167,424081,76460,191789
"05135","Sharp","AR",2022,40272,204505,389849,113962,274475
"12043","Glades","FL",2022,418773,648987,480541,271523,239122
"55071","Manitowoc","WI",2022,866427,696194,233096,149878,65533
"56001","Albany","WY",2022,524481,348026,379072,160056,93192
"05097","Montgomery","AR",2022,69406,341497,325831,49883,85662
"22023","Cameron","LA",2022,812686,255492,330400,120197,9062
"31067","Gage","NE",2022,292138,87829,347810,77625,6214
"31145","Red Willow","NE",2022,388815,470608,419615,28936,174609
"28147","Walthall","MS",2022,193697,500509,354062,271182,239173
"29129","Mercer","MO",2022,665738,285322,136180,194489,349063
"30011","Carter","MT",2022,610337,42232,362706,210302,237975
"31129","Nuckolls","NE",2022,588068,321858,363850,230344,68832
"37049","Craven","NC",2022,973795,455021,45650,215144,334959
"37175","Transylvania","NC",2022,441905,318219,452959,37659,8430
"13063","Clayton","GA",2022,753444,601229,133312,175585,15648
"13275","Thomas","GA",2022,712740,608926,71806,34362,263798
"08039","Elbert","CO",2022,191129,287437,169923,281069,50395
"13069","Coffee","GA",2022,661880,332560,189673,157713,160570
"33019","Sullivan","NH",2022,452923,104902,191707,215370,77768
"35059","Union","NM",2022,696224,342158,346270,223012,39955
"38081","Sargent","ND",2022,627205,792249,453113,51574,203651
"18053","Grant","IN",2022,488950,118454,101027,119856,67187
"31021","Burt","NE",2022,14099,510064,328376,238441,378224
"36117","Wayne","NY",2022,523786,206365,92121,298528,25341
"13187","Lumpkin","GA",2022,833417,38926,57617,5551,148973
"13081","Crisp","GA",2022,38334,823427,463430,248148,197360
"13197","Marion","GA",2022,260300,584964,77044,141197,259247
"18099","Marshall","IN",2022,107428,520317,295976,34099,270754
"19037","Chickasaw","IA",2022,132754,314118,476533,149070,314857
"19095","Iowa","IA",2022,289576,649728,478339,87827,115951
"19073","Greene","IA",2022,370303,756908,273307,126388,74270
"18085","Kosciusko","IN",2022,130530,281722,196236,38204,109013
"18131","Pulaski","IN",2022,85068,475301,34335,295774,37551
"19121","Madison","IA",2022,323532,327057,380827,14150,307868
"20163","Rooks","KS",2022,171526,865922,53954,23464,209060
"20127","Morris","KS",2022,229696,581905,100383,26308,77027
"36011","Cayuga","NY",2022,975909,791393,68329,58856,280147
"13223","Paulding","GA",2022,69238,432441,128562,56325,170803
"13225","Peach","GA",2022,927189,78679,142093,267801,237611
"48163","Frio","TX",2022,705104,596842,496153,202128,392982
"20041","Dickinson","KS",2022,876489,575331,81150,229334,70587
"20187","Stanton","KS",2022,570385,163841,422936,48653,142798
"21169","Metcalfe","KY",2022,518186,646489,163679,54701,214889
"28091","Marion","MS",2022,908971,686512,454011,152450,221617
"28119","Quitman","MS",2022,721105,388119,382003,127100,296562
"20083","Hodgeman","KS",2022,745211,348537,272481,247495,151935
"21141","Logan","KY",2022,29535,771523,55493,19084,168358
"45037","Edgefield","SC",2022,160059,434054,383072,293267,287377
"37171","Surry","NC",2022,167882,455845,298022,186610,323011
"13155","Irwin","GA",2022,571072,722298,33244,175405,4259
"48307","McCulloch","TX",2022,524227,23919,333646,194053,2494
"48045","Briscoe","TX",2022,261884,233746,164083,19202,365807
"48003","Andrews","TX",2022,352542,533849,377527,131742,117564
"48463","Uvalde","TX",2022,256369,588649,128014,152732,343618
"26119","Montmorency","MI",2022,179361,661658,119952,206782,50110
"29017","Bollinger","MO",2022,475528,550205,416600,5091,203026
"29071","Franklin","MO",2022,826425,332009,96674,137396,171611
"30103","Treasure","MT",2022,860221,120351,175992,111639,125129
"46105","Perkins","SD",2022,762838,467557,449437,31467,327158
"48117","Deaf Smith","TX",2022,921444,566794,331323,158087,80349
"50019","Orleans","VT",2022,65125,337400,389222,249411,264707
"13109","Evans","GA",2022,396207,512545,212709,108409,214825
"13201","Miller","GA",2022,303810,134674,242142,142426,232034
"15005","Kalawao","HI",2022,852200,702690,184672,82980,285380
"22007","Assumption","LA",2022,95522,898870,335877,72816,164570
"23019","Penobscot","ME",2022,124973,102185,319319,121812,194384
"27065","Kanabec","MN",2022,27416,167438,170896,251949,256925
"31185","York","NE",2022,919110,91339,49828,79305,123713
"35049","Santa Fe","NM",2022,876453,458535,79373,246043,60148
"37025","Cabarrus","NC",2022,279205,642338,247143,111435,42739
"72149","Villalba","PR",2022,884957,157997,407878,241947,159139
"72049","Culebra","PR",2022,21628,239781,437086,54737,305632
"12005","Bay","FL",2022,281012,446568,348321,45754,217681
"12111","St. Lucie","FL",2022,159629,545734,181947,121927,227937
"29051","Cole","MO",2022,254587,136012,434587,252645,92498
"29137","Monroe","MO",2022,726827,209393,455722,281831,340248
"30017","Custer","MT",2022,468151,122148,114654,273953,11391
"47039","Decatur","TN",2022,467173,630265,200039,224049,321061
"72087","Loíza","PR",2022,749090,403066,455022,80117,327292
"17099","LaSalle","IL",2022,506818,216360,400392,251185,172585
"13087","Decatur","GA",2022,564158,320218,346998,265394,355604
"13045","Carroll","GA",2022,18836,676680,97207,263454,270509
"46069","Hyde","SD",2022,245550,470431,170557,10420,274447
"48439","Tarrant","TX",2022,958457,663689,60109,22409,138936
"30095","Stillwater","MT",2022,975991,223154,457589,207338,250814
"31137","Phelps","NE",2022,226187,571544,49311,222899,5824
"48113","Dallas","TX",2022,844311,5460,333758,107012,365751
"48497","Wise","TX",2022,822177,526566,43538,129513,85141
"17115","Macon","IL",2022,692006,437804,306501,160266,256087
"17181","Union","IL",2022,785909,105008,411619,100888,367198
"17021","Christian","IL",2022,1974,90815,353308,135280,188523
"48085","Collin","TX",2022,710504,668547,405739,78408,40046
"48375","Potter","TX",2022,255551,151344,303868,188479,46583
"48303","Lubbock","TX",2022,219667,196912,445820,46879,221441
"48093","Comanche","TX",2022,991613,718846,303046,48186,290974
"31141","Platte","NE",2022,707928,711093,136115,69915,276465
"31063","Frontier","NE",2022,631797,855072,85298,68847,362640
"31093","Howard","NE",2022,579695,716707,4754,13987,229876
"31081","Hamilton","NE",2022,680293,188586,408188,101807,262854
"48251","Johnson","TX",2022,541055,611558,399574,127198,192149
"48451","Tom Green","TX",2022,937423,43413,27419,173706,258674
"48309","McLennan","TX",2022,60419,801650,265548,293149,180480
"48059","Callahan","TX",2022,689919,764588,210163,126696,51123
"48179","Gray","TX",2022,571160,370062,457993,19819,114078
"17191","Wayne","IL",2022,483809,720857,450870,109510,97643
"05033","Crawford","AR",2022,493739,51590,391814,137756,30438
"48253","Jones","TX",2022,667936,554626,344450,246492,203307
"55041","Forest","WI",2022,960276,804566,61722,184917,392014
"55099","Price","WI",2022,441030,728399,328700,200524,210052
"01093","Marion","AL",2022,304611,608699,291850,143694,117158
"32019","Lyon","NV",2022,767192,679177,239677,263812,383791
"35061","Valencia","NM",2022,891773,787117,389110,281389,323081
"48493","Wilson","TX",2022,626369,512387,419296,137734,267532
"48281","Lampasas","TX",2022,869439,492620,404149,290276,245716
"48177","Gonzales","TX",2022,281721,399086,83500,245451,1319
"48305","Lynn","TX",2022,479694,342283,487513,299989,283142
"05077","Lee","AR",2022,343280,694246,338563,257626,133285
"06071","San Bernardino","CA",2022,304423,860782,155149,63740,167336
"06003","Alpine","CA",2022,741226,687443,173051,59460,103252
"06049","Modoc","CA",2022,373228,101752,41814,229144,235570
"09150","Northeastern Connecticut","CT",2022,234294,711514,277383,154956,204426
"08063","Kit Carson","CO",2022,130174,258131,148171,89747,12062
"26011","Arenac","MI",2022,429933,646225,129211,204069,41483
"36095","Schoharie","NY",2022,470641,890428,432693,53491,210188
"36099","Seneca","NY",2022,884003,822166,61497,172462,303460
"48151","Fisher","TX",2022,329424,583771,401152,97176,118446
"48327","Menard","TX",2022,288969,474487,155075,108584,345639
"48389","Reeves","TX",2022,757583,858895,135795,102857,289113
"48433","Stonewall","TX",2022,562574,861927,120261,28508,38904
"49021","Iron","UT",2022,438155,788988,344464,215758,386164
"49027","Millard","UT",2022,16141,744390,117188,228033,141532
"39085","Lake","OH",2022,268476,669295,394885,195913,269446
"41029","Jackson","OR",2022,747763,725798,431065,295568,172094
"12015","Charlotte","FL",2022,466354,872570,441399,262233,398885
"12063","Jackson","FL",2022,261926,202121,251142,184914,336360
"36037","Genesee","NY",2022,443605,259405,277661,83738,148150
"37001","Alamance","NC",2022,480929,809443,53778,164347,216159
"37063","Durham","NC",2022,423047,704668,371441,246378,39033
"49031","Piute","UT",2022,381635,98205,497550,278433,46353
"51109","Louisa","VA",2022,708067,47404,205438,40614,6276
"51091","Highland","VA",2022,16138,595590,332134,183675,92383
"51530","Buena Vista","VA",2022,9281,519955,238156,107093,50517
"54041","Lewis","WV",2022,985242,751642,411595,75315,72816
"55137","Waushara","WI",2022,24797,505106,66636,167451,103628
"42057","Fulton","PA",2022,833906,95798,84363,64630,225964
"42039","Crawford","PA",2022,170910,729378,325041,119146,230105
"29161","Phelps","MO",2022,501115,810976,208746,139234,41873
"17113","McLean","IL",2022,11279,429586,102704,199193,296852
"17051","Fayette","IL",2022,729884,310504,447876,292927,220249
"26049","Genesee","MI",2022,684666,84184,192258,31602,277230
"37191","Wayne","NC",2022,39263,395070,294128,101164,263334
"37097","Iredell","NC",2022,103889,661339,35157,148082,299547
"55021","Columbia","WI",2022,412657,63286,75314,54776,328015
"55097","Portage","WI",2022,243669,717615,93337,114780,126221
"56031","Platte","WY",2022,340508,445262,473350,169224,211430
"56027","Niobrara","WY",2022,666565,390136,177725,118343,188007
"29131","Miller","MO",2022,261798,821972,74240,31354,17428
"29229","Wright","MO",2022,387218,383744,253313,77391,34758
"29177","Ray","MO",2022,662702,781957,36843,191557,201430
"21015","Boone","KY",2022,683692,155140,420753,159025,37551
"36039","Greene","NY",2022,930581,589998,151326,70327,114744
"37109","Lincoln","NC",2022,387399,135484,65019,106768,134171
"37067","Forsyth","NC",2022,562965,861438,310473,120157,353148
"38027","Eddy","ND",2022,104969,284707,224385,273429,194382
"72119","Río Grande","PR",2022,774544,577702,21427,285058,140127
"72033","Cataño","PR",2022,267516,655749,351465,177333,217436
"29001","Adair","MO",2022,689415,878690,379248,83283,110
"30107","Wheatland","MT",2022,55493,549827,216015,198634,194904
"31111","Lincoln","NE",2022,905665,207678,26302,244860,214227
"51021","Bland","VA",2022,230038,820656,118345,258485,150122
"51600","Fairfax","VA",2022,709272,753036,243097,42780,297266
"51580","Covington","VA",2022,784684,433873,383829,144681,13905
"38041","Hettinger","ND",2022,979283,833527,217510,236040,10614
"38057","Mercer","ND",2022,25852,413123,397453,68690,283544
"72053","Fajardo","PR",2022,393583,432796,104707,32988,93242
"72054","Florida","PR",2022,835670,795588,232587,121662,245044
"31179","Wayne","NE",2022,183083,668564,385544,205048,301548
"31119","Madison","NE",2022,352675,31520,125243,11878,2989
"31139","Pierce","NE",2022,72413,578634,220597,272300,291622
"31009","Blaine","NE",2022,444882,95519,258133,153740,353550
"54105","Wirt","WV",2022,152595,99740,457722,270041,365802
"55047","Green Lake","WI",2022,20645,775133,344016,29057,160174
"39049","Franklin","OH",2022,597572,898537,36122,270676,342455
"39063","Hancock","OH",2022,331115,48449,76037,293819,296251
"39077","Huron","OH",2022,923361,191488,87160,39032,379931
"72107","Orocovis","PR",2022,519230,90549,65112,148908,167940
"31149","Rock","NE",2022,189748,295442,354078,119414,88006
"37081","Guilford","NC",2022,269556,244686,192085,151199,152277
"37195","Wilson","NC",2022,231920,797074,367594,89655,351315
"21143","Lyon","KY",2022,666967,450521,2529,268034,315089
"21057","Cumberland","KY",2022,555345,646158,424869,57542,13451
"39033","Crawford","OH",2022,846473,470957,2903,209238,340830
"39165","Warren","OH",2022,134678,691765,115877,194597,68941
"39129","Pickaway","OH",2022,495294,126615,255071,279551,95416
"72013","Arecibo","PR",2022,658125,407587,122586,144666,236397
"72125","San Germán","PR",2022,724291,18135,152561,196692,37740
"38063","Nelson","ND",2022,70013,739200,445876,166370,200838
"38045","LaMoure","ND",2022,510563,807841,107816,224942,155006
"38039","Griggs","ND",2022,98979,764394,70230,155119,351676
"38065","Oliver","ND",2022,299830,473394,4365,124042,76766
"21039","Carlisle","KY",2022,975023,779729,281198,285198,358120
"22095","St. John the Baptist","LA",2022,182894,7876,347967,269269,188009
"40103","Noble","OK",2022,126293,612812,139919,25818,359344
"40005","Atoka","OK",2022,627370,735727,80644,95672,238207
"72043","Coamo","PR",2022,349382,165735,404780,101305,129444
"72129","San Lorenzo","PR",2022,672656,476537,103724,2530,62037
"39097","Madison","OH",2022,971391,3742,102002,32848,288193
"39169","Wayne","OH",2022,980333,769933,476609,187725,174104
"40107","Okfuskee","OK",2022,4866,350552,436734,132519,246820
"27007","Beltrami","MN",2022,863960,520825,446878,266671,145652
"27001","Aitkin","MN",2022,959913,392356,285198,279323,347562
"27033","Cottonwood","MN",2022,764574,696281,401671,94354,148547
"27051","Grant","MN",2022,780033,739577,108755,278727,9803
"42079","Luzerne","PA",2022,687945,270850,148481,132571,56213
"42081","Lycoming","PA",2022,639664,625697,228939,9993,41087
"72019","Barranquitas","PR",2022,683690,690967,80136,76492,343540
"72027","Camuy","PR",2022,750268,370160,50507,8054,366435
"40039","Custer","OK",2022,831939,334044,320430,132843,285378
"40029","Coal","OK",2022,89275,468164,167003,75524,257727
"41053","Polk","OR",2022,875075,187097,383226,188757,397511
"27165","Watonwan","MN",2022,741619,412063,74401,267322,130286
"28085","Lincoln","MS",2022,703222,342077,109959,38844,40225
"28019","Choctaw","MS",2022,689000,463270,187485,131609,352965
"28069","Kemper","MS",2022,56752,198697,313271,4688,247592
"42075","Lebanon","PA",2022,38101,472696,255070,245833,296418
"42019","Butler","PA",2022,497990,810489,206738,117576,105361
"45011","Barnwell","SC",2022,235910,435920,124250,273127,147893
"72069","Humacao","PR",2022,603625,234449,156043,48068,299209
"72089","Luquillo","PR",2022,339180,559907,18607,16945,350188
"42021","Cambria","PA",2022,857660,89963,224054,123589,106597
"46017","Buffalo","SD",2022,29302,514068,148207,262199,200775
"46079","Lake","SD",2022,421783,409877,72281,146988,343902
"46049","Faulk","SD",2022,227132,213086,158478,61198,366483
"28077","Lawrence","MS",2022,233678,525173,170181,54378,243564
"29123","Madison","MO",2022,257490,523235,279764,184481,263595
"29187","St. Francois","MO",2022,3030,23462,239977,129886,251696
"29049","Clinton","MO",2022,407596,306555,349817,271494,21247
"45039","Fairfield","SC",2022,698014,329586,41487,69825,220534
"46037","Day","SD",2022,965167,762690,283380,175221,247163
"46115","Spink","SD",2022,339830,85601,268404,273311,82531
"72035","Cayey","PR",2022,171557,362032,110615,20784,129635
"72123","Salinas","PR",2022,483760,676228,208035,83597,174485
"72115","Quebradillas","PR",2022,504459,88772,256308,246866,264913
"13307","Webster","GA",2022,528774,200302,340375,15674,79029
"30109","Wibaux","MT",2022,774369,174530,397737,184683,381101
"29079","Grundy","MO",2022,544303,128312,157602,234436,211702
"29121","Macon","MO",2022,14952,762230,26838,156426,281085
"29061","Daviess","MO",2022,265626,337417,499782,267061,33418
"46021","Campbell","SD",2022,785897,707261,236971,105030,269974
"47141","Putnam","TN",2022,239571,536469,389420,234699,326043
"47077","Henderson","TN",2022,600133,786160,253914,7539,91071
"72103","Naguabo","PR",2022,73775,806303,22414,243310,379516
"72091","Manatí","PR",2022,440365,317208,316229,190350,243648
"18091","LaPorte","IN",2022,304139,830018,372744,287527,21476
"26015","Barry","MI",2022,786621,46097,399829,280338,278188
"20023","Cheyenne","KS",2022,6821,1815,269503,106896,330653
"40111","Okmulgee","OK",2022,839296,233334,286068,253570,252470
"48367","Parker","TX",2022,263619,28284,142811,101571,147330
"48385","Real","TX",2022,839307,260791,182311,10165,118236
"02016","Aleutians West","AK",2022,344224,853203,299572,102145,315820
"31105","Kimball","NE",2022,560269,209619,393912,189825,299878
"31033","Cheyenne","NE",2022,936491,658621,56785,165745,128750
"72083","Las Marías","PR",2022,196638,427167,19541,132369,37202
"72081","Lares","PR",2022,981213,670908,375158,160042,142193
"34037","Sussex","NJ",2022,401400,787833,199234,92161,317883
"31143","Polk","NE",2022,764735,339012,58218,145380,74267
"40069","Johnston","OK",2022,807469,709599,207468,149876,141312
"01133","Winston","AL",2022,972337,36680,499669,257727,185375
"37143","Perquimans","NC",2022,796221,168471,465988,162791,164178
"40001","Adair","OK",2022,462096,664665,4625,264326,246782
"40041","Delaware","OK",2022,826441,422356,439945,72506,62137
"31169","Thayer","NE",2022,243538,539101,198175,150747,127314
"38087","Slope","ND",2022,802802,870027,394344,104859,166374
"19171","Tama","IA",2022,231637,656452,201573,251409,261990
"31125","Nance","NE",2022,300761,151110,185234,141883,192689
"55039","Fond du Lac","WI",2022,424467,692535,42558,88172,86620
"51510","Alexandria","VA",2022,39055,379934,447765,196845,72146
"30021","Dawson","MT",2022,227082,90795,241409,285639,350392
"31053","Dodge","NE",2022,572276,648665,283572,233816,348508
"35027","Lincoln","NM",2022,115072,592724,281025,147369,16720
"16047","Gooding","ID",2022,731446,715343,483677,17017,377218
"47131","Obion","TN",2022,372685,56279,192541,113400,298548
"37157","Rockingham","NC",2022,990140,624515,153501,204716,19221
"29101","Johnson","MO",2022,14023,800221,381553,116316,326659
"31013","Box Butte","NE",2022,59936,88383,299660,94405,64777
"30067","Park","MT",2022,740822,322504,186788,236347,133742
"39027","Clinton","OH",2022,748380,689905,343512,135175,303056
"46059","Hand","SD",2022,291188,392699,187777,221859,229940
"46129","Walworth","SD",2022,118288,524591,363566,293836,369214
"51590","Danville","VA",2022,384456,331304,178667,298222,376129
"55109","St. Croix","WI",2022,631665,565208,102851,29323,389496
"48247","Jim Hogg","TX",2022,347690,6679,88000,58911,121076
"17081","Jefferson","IL",2022,917983,718765,19270,115914,111579
"26149","St. Joseph","MI",2022,575326,562089,207990,58579,112401
"13211","Morgan","GA",2022,18065,354273,441074,150973,268683
"47071","Hardin","TN",2022,155083,389007,313406,218526,21287
"47083","Houston","TN",2022,583268,482455,311834,4871,131334
"48133","Eastland","TX",2022,845796,593976,93168,24646,159762
"22047","Iberville","LA",2022,407455,345527,242254,268036,34739
"38031","Foster","ND",2022,256810,334951,361694,83148,225454
"20185","Stafford","KS",2022,299671,194133,459930,85496,381489
"21163","Meade","KY",2022,874460,279093,454717,69731,200448
"31073","Gosper","NE",2022,275144,858329,235695,78272,62471
"39163","Vinton","OH",2022,750063,867469,428740,125228,130404
"29181","Ripley","MO",2022,160921,48090,422945,140782,55909
"31133","Pawnee","NE",2022,943158,303167,42521,111674,3093
"37189","Watauga","NC",2022,935761,837975,421963,289222,257373
"72151","Yabucoa","PR",2022,861246,94781,352163,280793,139398
"13159","Jasper","GA",2022,827445,331839,169252,279189,324659
"42121","Venango","PA",2022,766553,394270,458119,86713,3498
"46057","Hamlin","SD",2022,875978,513501,303573,129645,283970
"48021","Bastrop","TX",2022,263214,435075,474766,250867,43922
"48285","Lavaca","TX",2022,922385,780664,159396,284066,282699
"40071","Kay","OK",2022,324899,880650,157589,109628,142399
"46081","Lawrence","SD",2022,16322,744806,106725,173481,338467
"48267","Kimble","TX",2022,961484,166942,152681,41174,54950
"29053","Cooper","MO",2022,64905,380830,197915,285983,106537
"01113","Russell","AL",2022,350803,379884,458853,188521,145402
"12079","Madison","FL",2022,878145,88269,18150,7103,326974
"18159","Tipton","IN",2022,130078,57234,193012,76709,83308
"24013","Carroll","MD",2022,210779,2951,346487,73203,24252
"37149","Polk","NC",2022,251106,22983,443485,187317,116275
"44009","Washington","RI",2022,280935,92752,8018,27511,309151
"54075","Pocahontas","WV",2022,992156,270325,461528,149207,179070
"56033","Sheridan","WY",2022,585501,217653,36578,44809,6519
"13077","Coweta","GA",2022,205780,620920,466325,199324,95314
"21165","Menifee","KY",2022,32822,708196,298663,197621,26187
"32001","Churchill","NV",2022,852571,617495,460077,216180,10134
"46085","Lyman","SD",2022,240983,95061,143435,134698,203701
"51037","Charlotte","VA",2022,665909,635279,422721,15096,318195
"55035","Eau Claire","WI",2022,590832,34370,455910,272934,135079
"72007","Aguas Buenas","PR",2022,132588,377040,291080,139895,154128
"72005","Aguadilla","PR",2022,595231,94212,205278,13860,283672
"50011","Franklin","VT",2022,27901,666252,369234,80999,257921
"05053","Grant","AR",2022,368914,599104,239492,284806,391263
"51683","Manassas","VA",2022,773863,40848,315515,221337,173488
"25021","Norfolk","MA",2022,119271,681753,49549,29672,207717
"12091","Okaloosa","FL",2022,870875,82168,270183,189702,365005
"17055","Franklin","IL",2022,507660,146444,454775,243602,89248
"31029","Chase","NE",2022,516011,595639,403113,131316,278076
"55055","Jefferson","WI",2022,930780,769557,339892,165575,210701
"55113","Sawyer","WI",2022,549178,3567,158691,101972,64522
"01081","Lee","AL",2022,653588,242589,251774,217639,260944
"39069","Henry","OH",2022,644811,238210,84258,232206,263235
"51570","Colonial Heights","VA",2022,947616,157360,213580,120670,170694
"28047","Harrison","MS",2022,810744,631523,45349,52507,343781
"30075","Powder River","MT",2022,373998,3422,461091,243921,308352
"17111","McHenry","IL",2022,928859,613346,239962,224069,371699
"17201","Winnebago","IL",2022,805526,448002,452777,243871,350226
"18003","Allen","IN",2022,229993,765526,348542,280200,48796
"13099","Early","GA",2022,264981,332376,417112,245173,17717
"20017","Chase","KS",2022,717416,704901,82007,193214,303107
"26123","Newaygo","MI",2022,505491,689157,166687,254678,184209
"08101","Pueblo","CO",2022,712390,733866,246132,200820,250058
"21117","Kenton","KY",2022,818570,678514,6408,196451,92851
"21103","Henry","KY",2022,125894,535683,142362,228491,297600
"48393","Roberts","TX",2022,859578,362851,211606,244574,8583
"28099","Neshoba","MS",2022,310100,742211,444989,1112,159081
"17127","Massac","IL",2022,456967,840909,145498,208472,201498
"19057","Des Moines","IA",2022,282205,875466,166800,166943,33381
"20003","Anderson","KS",2022,967662,466059,390521,172038,283509
"28131","Stone","MS",2022,100906,797659,181633,132256,55623
"01019","Cherokee","AL",2022,976428,465124,84961,88410,134092
"17187","Warren","IL",2022,168658,445243,212647,23494,128292
"29067","Douglas","MO",2022,637700,379410,8738,215626,198339
"31151","Saline","NE",2022,367025,591623,138934,22123,83530
"39047","Fayette","OH",2022,441367,529931,354711,293735,51912
"13281","Towns","GA",2022,638092,305743,117071,41632,202795
"16009","Benewah","ID",2022,961338,639664,384187,125214,316436
"47051","Franklin","TN",2022,845872,430445,228471,204380,45170
"47101","Lewis","TN",2022,522344,807294,154770,45994,301460
"18025","Crawford","IN",2022,672378,604280,216842,284488,284612
"19193","Woodbury","IA",2022,393998,191530,476135,109417,261574
"27115","Pine","MN",2022,536175,812237,59441,18209,165342
"29173","Ralls","MO",2022,246576,253888,289905,103738,214136
"31157","Scotts Bluff","NE",2022,210364,298896,179129,126433,286997
"47139","Polk","TN",2022,930192,153525,266280,191738,345122
"48217","Hill","TX",2022,494563,273429,307427,213810,182936
"51061","Fauquier","VA",2022,883332,741392,123913,56518,281775
"28031","Covington","MS",2022,967344,371204,272871,201596,277621
"29015","Benton","MO",2022,86045,866368,288371,30990,245019
"31183","Wheeler","NE",2022,875395,427392,35617,260533,376186
"37135","Orange","NC",2022,449923,19294,51696,281345,6004
"26079","Kalkaska","MI",2022,931271,616145,20421,67322,314821
"13131","Grady","GA",2022,687139,524539,408571,263045,244257
"17139","Moultrie","IL",2022,724787,178844,387150,93545,330073
"19181","Warren","IA",2022,117577,394430,167218,142180,95130
"36089","St. Lawrence","NY",2022,562077,759946,94293,146995,140935
"37169","Stokes","NC",2022,642271,312653,181439,146196,118420
"51065","Fluvanna","VA",2022,734358,187511,170971,231480,100007
"51685","Manassas Park","VA",2022,167564,689661,214342,185081,100766
"55049","Iowa","WI",2022,767839,500072,371605,275366,29608
"37197","Yadkin","NC",2022,822496,358306,214490,116020,248326
"38091","Steele","ND",2022,550284,365790,129150,181097,146098
"39089","Licking","OH",2022,381697,892821,92671,104531,365829
"20045","Douglas","KS",2022,490072,886631,335659,89309,283266
"20111","Lyon","KS",2022,277002,607362,211489,215154,174576
"21207","Russell","KY",2022,761786,664883,445847,197073,331804
"38029","Emmons","ND",2022,219148,482691,92438,293294,157590
"39141","Ross","OH",2022,673705,687520,132420,158576,309120
"55078","Menominee","WI",2022,826287,143522,47954,215045,383275
"01059","Franklin","AL",2022,245359,781980,188315,3329,147413
"01111","Randolph","AL",2022,729455,535093,443653,72105,257149
"05127","Scott","AR",2022,836409,826125,219313,14436,10217
"40127","Pushmataha","OK",2022,808788,50110,35077,93643,318878
"42109","Snyder","PA",2022,846343,499600,436237,128855,266100
"46067","Hutchinson","SD",2022,199450,566684,416107,166804,103910
"48457","Tyler","TX",2022,598931,284988,489715,166769,69651
"21233","Webster","KY",2022,642831,495354,118943,72462,167891
"39009","Athens","OH",2022,746069,850771,491447,78167,144056
"01123","Tallapoosa","AL",2022,437098,438878,199238,74052,36807
"40053","Grant","OK",2022,154552,847755,46790,209775,1594
"08045","Garfield","CO",2022,447213,405254,166056,206258,137235
"17163","St. Clair","IL",2022,886663,693071,178325,101423,97972
"47171","Unicoi","TN",2022,897404,275384,82639,248900,261724
"48129","Donley","TX",2022,183758,324952,79481,120629,209120
"48345","Motley","TX",2022,754336,878994,402611,282960,225644
"51730","Petersburg","VA",2022,689642,195142,108825,210849,135772
"47181","Wayne","TN",2022,392861,352347,328035,285276,330086
"49053","Washington","UT",2022,103100,268530,133520,55130,48302
"50013","Grand Isle","VT",2022,111370,203245,39159,158022,87330
"18153","Sullivan","IN",2022,364014,789918,371982,88741,227292
"17085","Jo Daviess","IL",2022,291261,260736,266479,110136,345611
"26075","Jackson","MI",2022,446949,758162,385492,44982,52259
"19007","Appanoose","IA",2022,641989,483302,280157,81892,102100
"55141","Wood","WI",2022,73276,164491,176754,260056,238343
"72137","Toa Baja","PR",2022,33283,284199,176336,114508,127082
"72077","Juncos","PR",2022,523454,404055,161565,264593,8139
"50007","Chittenden","VT",2022,791794,540054,266931,219328,333160
"05071","Johnson","AR",2022,40417,165666,486352,117058,83889
"51197","Wythe","VA",2022,612621,478733,278903,211579,197534
"53007","Chelan","WA",2022,839616,444088,424707,34454,99828
"55073","Marathon","WI",2022,707736,305153,199686,165475,231049
"55131","Washington","WI",2022,656096,458824,332776,196282,186289
"20011","Bourbon","KS",2022,223821,566575,296607,114197,397735
"21213","Simpson","KY",2022,622944,623959,259584,221212,76669
"40081","Lincoln","OK",2022,319399,347667,57892,248571,191296
"72045","Comerío","PR",2022,154788,374228,62186,78769,33285
"72135","Toa Alta","PR",2022,319936,259054,426818,27302,55005
"42001","Adams","PA",2022,360335,7768,15620,238181,76915
"08014","Broomfield","CO",2022,675114,47116,283671,236291,373312
"48109","Culberson","TX",2022,298816,607592,356848,222753,27919
"48047","Brooks","TX",2022,964661,691076,16601,30484,154827
"27005","Becker","MN",2022,357775,645803,111292,39696,242946
"01053","Escambia","AL",2022,173884,495652,391835,123355,46976
"17093","Kendall","IL",2022,640971,675363,468108,40738,113674
"40049","Garvin","OK",2022,611618,622465,473434,152256,352745
"25003","Berkshire","MA",2022,621649,282432,384860,291222,22709
"48165","Gaines","TX",2022,194323,111329,314298,256626,369906
"56041","Uinta","WY",2022,142691,256574,427142,22405,300055
"05137","Stone","AR",2022,541099,569947,482171,292793,67694
"27151","Swift","MN",2022,34459,738250,405578,152754,354724
"28135","Tallahatchie","MS",2022,600341,492408,423101,48735,214885
"20131","Nemaha","KS",2022,344453,257069,116146,1378,191355
"19143","Osceola","IA",2022,47126,168465,24602,127500,307988
"20007","Barber","KS",2022,257025,8356,487820,256968,236678
"21191","Pendleton","KY",2022,759071,385202,2200,103972,225948
"28005","Amite","MS",2022,644309,815713,487909,173199,184860
"29133","Mississippi","MO",2022,284417,166882,62340,153673,219892
"13145","Harris","GA",2022,989150,517629,458560,155862,112516
"18137","Ripley","IN",2022,899770,248595,57311,125833,205186
"20169","Saline","KS",2022,753504,207069,21762,44764,119765
"29107","Lafayette","MO",2022,105652,702792,281219,45071,32972
"18139","Rush","IN",2022,15417,101776,325370,211848,55893
"19015","Boone","IA",2022,520990,537540,171379,97951,378468
"19009","Audubon","IA",2022,571577,421981,40187,296270,127417
"40059","Harper","OK",2022,750327,681531,216471,144257,229222
"42025","Carbon","PA",2022,485179,775482,305026,51634,352182
"31127","Nemaha","NE",2022,735515,680788,459529,52600,103754
"33011","Hillsborough","NH",2022,649733,726765,378979,166999,103581
"21171","Monroe","KY",2022,284491,625031,310005,125591,323338
"28129","Smith","MS",2022,684047,166024,50573,86863,230714
"29215","Texas","MO",2022,422496,623891,312994,178113,248936
"29125","Maries","MO",2022,840232,769571,77436,77792,59729
"20073","Greenwood","KS",2022,220203,315332,440525,209770,134752
"20071","Greeley","KS",2022,814051,393847,497773,61063,314672
"46051","Grant","SD",2022,573528,236868,393529,203421,184655
"48485","Wichita","TX",2022,898314,808401,367152,145728,105364
"47175","Van Buren","TN",2022,375264,785696,394648,93042,316553
"48145","Falls","TX",2022,551820,93764,446049,46072,250599
"37011","Avery","NC",2022,219234,440267,372528,88033,56412
"39105","Meigs","OH",2022,997419,658427,444718,107827,378644
"37037","Chatham","NC",2022,820715,632100,485544,27330,249980
"38093","Stutsman","ND",2022,156790,597428,459715,16513,253903
"42131","Wyoming","PA",2022,20921,272418,263851,69192,35935
"50005","Caledonia","VT",2022,708553,735003,426115,45501,118348
"05043","Drew","AR",2022,571683,8994,164159,25425,361810
"12027","DeSoto","FL",2022,15455,392412,333917,117957,261898
"48487","Wilbarger","TX",2022,843403,171743,195044,20216,352492
"22005","Ascension","LA",2022,517211,519452,295160,252539,60076
"26039","Crawford","MI",2022,542602,499838,122839,111512,84476
"41011","Coos","OR",2022,213552,556863,412957,260172,8631
"46089","McPherson","SD",2022,111227,763362,109771,214872,179128
"45081","Saluda","SC",2022,957184,267613,353409,92309,298592
"13117","Forsyth","GA",2022,512746,94501,429711,155243,156621
"48415","Scurry","TX",2022,74077,346883,342215,113838,228426
"48417","Shackelford","TX",2022,773906,566597,209652,21321,363241
"27037","Dakota","MN",2022,137285,366288,354928,109854,366829
"27125","Red Lake","MN",2022,346463,33043,254661,144672,111246
"48197","Hardeman","TX",2022,505162,285428,133703,212761,65944
"50003","Bennington","VT",2022,80634,562883,38074,267586,89069
"47179","Washington","TN",2022,995228,87329,374440,211363,193209
"48009","Archer","TX",2022,363456,495392,182774,21265,171533
"48275","Knox","TX",2022,260601,123812,230136,242960,359158
"22089","St. Charles","LA",2022,494291,817984,204848,43521,143592
"28071","Lafayette","MS",2022,491030,457742,245183,160352,207032
"28117","Prentiss","MS",2022,197826,628619,244730,48193,145696
"29175","Randolph","MO",2022,737254,592624,212058,85014,13821
"51043","Clarke","VA",2022,12154,116321,79164,88758,156292
"05125","Saline","AR",2022,351649,151972,467014,245665,361378
"48331","Milam","TX",2022,789521,719465,160159,16823,7716
"53013","Columbia","WA",2022,137412,795771,197262,80706,196644
"27149","Stevens","MN",2022,249448,420705,185815,2635,45113
"27101","Murray","MN",2022,816023,754728,45810,131013,257511
"28127","Simpson","MS",2022,88355,182585,201002,51297,287721
"31069","Garden","NE",2022,593858,798812,421541,296914,83715
"31035","Clay","NE",2022,741821,360557,389672,270616,187426
"35037","Quay","NM",2022,63289,503659,498590,105895,168915
"36049","Lewis","NY",2022,368464,437372,383294,246355,225315
"13097","Douglas","GA",2022,745235,773204,417201,20217,118562
"13043","Candler","GA",2022,895330,731202,467881,34761,2774
"18169","Wabash","IN",2022,14687,222846,389039,91556,225724
"19023","Butler","IA",2022,782243,454135,374757,269464,81680
"69120","Tinian","MP",2022,682952,787011,349225,57207,101736
"72065","Hatillo","PR",2022,578301,635286,80796,205973,214269
"28155","Webster","MS",2022,659077,335461,481508,18316,329546
"29039","Cedar","MO",2022,365717,626346,212762,58938,358990
"31077","Greeley","NE",2022,795582,653150,149774,264333,44609
"38061","Mountrail","ND",2022,337228,409497,461181,194769,74703
"39143","Sandusky","OH",2022,172932,482996,105437,178120,95353
"19153","Polk","IA",2022,660451,569055,297525,235113,95049
"19049","Dallas","IA",2022,91349,673255,173140,274578,341215
"20001","Allen","KS",2022,240229,309078,269641,141161,199332
"72095","Maunabo","PR",2022,476816,698415,181577,140777,50926
"17039","De Witt","IL",2022,700356,698903,390096,88370,139727
"05027","Columbia","AR",2022,541161,399011,471055,12141,357492
"40019","Carter","OK",2022,176174,432954,341665,45249,199434
"21019","Boyd","KY",2022,184610,850435,126259,61213,390170
"02063","Chugach","AK",2022,448337,697660,323547,216711,69775
"39119","Muskingum","OH",2022,647584,762768,2304,125491,296517
"40153","Woodward","OK",2022,959252,101109,406488,193621,165768
"46061","Hanson","SD",2022,806726,319016,326407,119602,167309
"46045","Edmunds","SD",2022,973674,466561,498202,172533,342373
"20197","Wabaunsee","KS",2022,164446,638996,22207,278003,95814
"21211","Shelby","KY",2022,752430,207736,323162,36196,307497
"27093","Meeker","MN",2022,823073,694256,271414,177999,43385
"39015","Brown","OH",2022,4847,284354,200232,88214,272224
"17103","Lee","IL",2022,484578,637429,267203,238825,120911
