"GEOID","NAME","STATE","YEAR","TOTAL_POP","MEDIAN_AGE","WHITE_POP","BLACK_POP","ASIAN_POP","HISPANIC_POP","MEDIAN_INCOME","POVERTY_RATE","TWO_OR_MORE_RACES","NATIVE_AMERICAN","PACIFIC_ISLANDER","GROUP_QUARTERS_POP"
"01069","Houston","AL",2020,376322,32.3979145055637,261332,40496,174121,398007,97824,8.00590569968335,29144,4940,107,14864
"01023","Choctaw","AL",2020,625075,44.2751457542181,808317,429934,38527,301952,80688,18.4468592237681,40968,8653,4731,45890
"01005","Barbour","AL",2020,288493,35.1876953523606,802946,135666,854,386143,98630,8.00170839764178,3963,526,64,41209
"01107","Pickens","AL",2020,813638,45.4405316989869,594270,5129,180022,248987,78172,18.1377193436492,48596,4729,2187,3901
"01033","Colbert","AL",2020,826211,43.543955553323,852988,101806,62122,161510,30205,5.63091261545196,30878,5595,4203,40850
"04012","La Paz","AZ",2020,474491,33.353435290046,592184,429517,294496,280535,99013,13.886939677177,11434,1308,703,12529
"04001","Apache","AZ",2020,542016,30.8459536870942,457452,111801,67032,208689,50468,5.98760058172047,19476,8521,938,15877
"05081","Little River","AR",2020,595546,37.0214868802577,471618,166497,33654,327941,74900,11.8582375301048,18253,743,3778,33056
"05121","Randolph","AR",2020,414596,44.0609238855541,204202,79871,24947,77386,64260,27.5287558685523,1482,6428,3447,15832
"06037","Los Angeles","CA",2020,554905,32.2671498823911,207072,41036,151615,143784,78185,14.7668963426258,41634,663,1255,27128
"06097","Sonoma","CA",2020,428950,30.7455526199192,265984,214740,86516,54630,52668,7.95652647037059,36259,7133,1325,35730
"06001","Alameda","CA",2020,352410,39.6236995887011,65820,357523,291131,166619,79517,22.2546836081892,48872,6925,601,45477
"06045","Mendocino","CA",2020,314477,47.0160585828125,53756,108349,98311,67076,55509,8.0941846780479,21916,6429,3622,43627
"06015","Del Norte","CA",2020,128514,35.6753221200779,412287,321128,122112,14857,59977,29.1943942906801,4489,4041,3917,37601
"08077","Mesa","CO",2020,30066,31.5227961353958,334111,358034,161761,38045,52626,6.62956352578476,15102,1658,1152,14244
"08083","Montezuma","CO",2020,121399,39.1373413521796,641215,491317,154358,161462,81205,25.1718838827219,20040,9867,1717,26147
"08067","La Plata","CO",2020,201384,44.4615451712161,199743,257499,232896,356449,75538,9.16680371272378,12791,2222,2200,8600
"06055","Napa","CA",2020,573637,32.8742160880938,307232,224218,251136,32541,86406,8.8423492514994,18792,5570,121,32648
"10005","Sussex","DE",2020,401281,46.1571926483884,826822,251573,181766,305950,36601,12.3163103312254,24236,2407,3908,34790
"12086","Miami-Dade","FL",2020,571793,46.6814640443772,768781,115093,288280,196908,64691,14.029096539598,29504,8959,4785,25132
"12071","Lee","FL",2020,325238,45.5260758241639,849995,196249,121101,254266,73503,13.8256774528418,21922,1869,2879,49615
"12037","Franklin","FL",2020,454923,30.0975673412904,840436,370593,238624,136921,98105,26.1413598561194,6163,7968,4913,7357
"12033","Escambia","FL",2020,251307,35.5009674932808,861164,335399,121341,260641,37254,8.65063649369404,34573,6787,2701,4045
"17031","Cook","IL",2020,842061,33.8347251387313,725727,446235,115719,154431,51160,26.1581476498395,41101,660,2352,3964
"17017","Cass","IL",2020,911940,34.1627410799265,48650,55294,212538,345463,70370,5.13957497430965,29123,7506,1662,34405
"17109","McDonough","IL",2020,359580,32.9734127176926,245924,58092,181254,40520,66482,25.8762222027872,21971,1504,4968,16829
"13245","Richmond","GA",2020,809875,40.2248387690634,755432,391797,150766,7984,34255,7.97351707122289,27330,3914,1408,26135
"17041","Douglas","IL",2020,323487,39.8483836138621,544267,27749,79937,21643,99489,10.1120820688084,15202,2352,2395,43944
"13103","Effingham","GA",2020,407384,40.043960660696,452704,304837,288538,198280,74905,24.6184107800946,41568,981,4287,38550
"16027","Canyon","ID",2020,736426,47.4854429671541,218795,122449,221409,346336,30587,18.9440578874201,1028,5144,2197,34170
"26103","Marquette","MI",2020,833884,49.7540744906291,45599,111515,29267,128363,33315,9.59267498808913,27374,343,1687,25500
"18061","Harrison","IN",2020,119418,49.676030697301,656772,80114,113955,264629,62301,29.2411998915486,42613,3890,4443,45789
"19177","Van Buren","IA",2020,926335,34.7711114306003,801026,417166,248276,275648,70112,26.4309484174009,23512,2864,1757,30922
"19045","Clinton","IA",2020,488955,31.698880228214,584481,237948,160254,130092,97402,21.3784626696724,33854,3352,3539,49499
"19163","Scott","IA",2020,103036,33.9482156559825,701387,56161,2049,147731,88517,23.868538091192,322,1656,2724,42294
"18161","Union","IN",2020,5911,38.3309401152655,691641,26667,44501,13884,36082,11.1929821793456,42682,9318,4966,41608
"26107","Mecosta","MI",2020,122812,36.9301159214228,155846,362589,288012,128467,60750,11.0671839804854,21950,9834,536,27009
"26063","Huron","MI",2020,704489,39.4762812322006,824957,48686,112977,311419,70916,6.99505233904347,42831,5463,4697,9928
"36067","Onondaga","NY",2020,191364,49.2239091685042,32324,49072,180286,178499,96344,6.01225710823201,30884,4254,1142,45003
"20175","Seward","KS",2020,7941,34.4468766497448,171684,458830,276839,269647,61813,8.23696082341485,44757,4464,2591,18751
"36071","Orange","NY",2020,735621,39.8229346051812,670343,291726,287430,226337,45463,24.586595101282,5741,2095,4329,8495
"08031","Denver","CO",2020,822380,35.4407978709787,563950,168901,151093,323276,62354,15.471271345159,5054,1277,2616,9600
"36017","Chenango","NY",2020,422553,38.5139447776601,794866,319590,79225,308548,93283,25.8073646586854,2305,1591,2913,23903
"21101","Henderson","KY",2020,321370,49.0946743823588,95702,228871,120194,198332,48630,16.4609152427875,49818,3474,1108,17253
"21195","Pike","KY",2020,526975,35.8846891019493,645747,457560,292574,76869,68565,19.1156315396074,21413,9735,2824,2222
"08019","Clear Creek","CO",2020,130067,39.3322003260255,200185,153091,259108,198511,47791,20.5959100346081,38333,3485,4568,43216
"08055","Huerfano","CO",2020,510480,34.3504610937089,282709,242655,20207,137720,92182,13.5815764439758,37921,1646,4509,542
"21093","Hardin","KY",2020,841084,33.2843272993341,417098,13123,263865,60428,73140,24.467714021448,17144,2253,4562,48778
"21127","Lawrence","KY",2020,751279,38.7365236179903,824964,213960,185890,251532,55332,5.5321616132278,11668,8047,1093,7454
"26099","Macomb","MI",2020,244129,34.9570304295048,778564,274585,43306,363116,41425,22.9794210940599,33235,8382,189,7960
"21135","Lewis","KY",2020,629355,41.8035710090771,404365,315892,59364,135958,76486,21.1899889004417,316,1513,4061,4377
"22051","Jefferson","LA",2020,861748,45.789732048288,791367,139605,11467,136196,92093,15.0141339527909,30813,4245,4658,44894
"22111","Union","LA",2020,409092,42.0433053420857,546345,150181,53973,270823,47447,16.841952893883,44486,342,299,7045
"22067","Morehouse","LA",2020,293222,49.568504136987,844693,282547,227279,323431,96634,29.9605294025969,9228,8446,1957,42703
"08091","Ouray","CO",2020,979945,46.3222306221724,479492,296457,286503,248230,30294,24.6106922521722,1263,820,952,16753
"23013","Knox","ME",2020,97866,49.3020998546854,857571,284585,77246,57763,97212,16.0311146010645,38882,3929,2671,42288
"23015","Lincoln","ME",2020,994861,35.9307531779632,353311,249218,44287,354931,55779,6.08486068202183,37352,8279,4987,599
"02170","Matanuska-Susitna","AK",2020,904379,42.8262610035017,113828,165154,149646,13785,89630,28.6203815671615,37090,4162,4336,37014
"02290","Yukon-Koyukuk","AK",2020,16834,31.5875223418698,737907,330813,216763,238674,50663,12.6212124549784,37307,7737,3097,42495
"24005","Baltimore","MD",2020,13872,35.8194639114663,39207,240637,254028,316905,84472,14.7203438635916,19135,2193,4590,36183
"24047","Worcester","MD",2020,762050,45.2881415933371,794365,107936,297725,26575,73825,25.2672473562416,32167,1852,1740,40949
"24031","Montgomery","MD",2020,526326,47.4268529703841,314444,448597,127288,291226,64669,28.5580572392792,6205,5899,3352,19893
"01051","Elmore","AL",2020,195420,34.1668135439977,431939,5759,132385,338093,70248,9.7513909288682,26298,35,581,11067
"01009","Blount","AL",2020,701670,49.6524659311399,422518,467188,164600,304724,94303,26.3651730853599,33878,3957,4462,10884
"25001","Barnstable","MA",2020,127030,39.7665384085849,596771,465345,74221,307628,77150,25.9857066103723,27385,2838,4645,4133
"25013","Hampden","MA",2020,908935,34.3066389020532,655436,5227,82019,398327,77892,12.731091621099,43569,2570,2661,26732
"26041","Delta","MI",2020,93604,48.5850371513516,194211,3890,46531,47092,63194,12.5704380520619,26653,8405,2332,31841
"01025","Clarke","AL",2020,101154,34.2805039463565,702718,152363,137168,125897,95227,20.5893951130565,43140,9385,1284,11285
"01055","Etowah","AL",2020,837069,44.0021686954424,847461,349284,106649,346552,60523,23.3369767270051,43970,8398,4078,8791
"26013","Baraga","MI",2020,296144,41.6368874209002,257262,147260,160887,393018,67852,15.0072755420115,17865,8325,4631,9493
"01115","St. Clair","AL",2020,229217,38.6135487817228,440112,109200,50519,291865,64451,6.58878946094774,9124,3081,1030,42043
"01065","Hale","AL",2020,325141,38.9419874968007,881516,98894,28688,367090,74176,22.3729260044638,10777,4154,1712,45881
"27137","St. Louis","MN",2020,887271,31.841204627417,228307,258660,67897,23794,70169,13.9283231529407,49937,5258,1146,1442
"27107","Norman","MN",2020,481756,36.582429651171,591811,61852,63679,17303,82964,7.91012222878635,16278,2872,995,36652
"27173","Yellow Medicine","MN",2020,826828,40.1259195525199,890271,330254,49398,392064,52361,11.1760617478285,5469,7769,1300,48689
"28087","Lowndes","MS",2020,391101,39.7296502254903,295146,283511,76012,126594,37381,19.9871872563381,16688,5413,2373,20379
"29031","Cape Girardeau","MO",2020,497802,32.1925642201677,542319,329218,191917,235864,85975,13.2503317506053,21472,3823,4411,40976
"29201","Scott","MO",2020,427041,31.0802387213334,438329,449826,145635,372914,75105,18.67623921833,37554,2390,2475,41083
"29081","Harrison","MO",2020,877408,30.4394145403057,319606,194969,277224,156706,30064,12.6881210203283,6679,6569,1840,47410
"30031","Gallatin","MT",2020,435234,39.3437213776633,676884,44686,132811,385242,46386,12.7749619376846,27944,1798,4287,1789
"30071","Phillips","MT",2020,8733,41.5968103380874,392050,168180,61660,322113,85840,29.7043117880821,41007,2422,1614,5418
"30085","Roosevelt","MT",2020,878284,48.246101886034,242369,36667,232840,382139,41408,28.733327689115,28560,2785,2549,3840
"30089","Sanders","MT",2020,884833,49.7165145585313,533184,91918,276016,181348,51194,27.6358647865709,10412,828,3442,20930
"31103","Keya Paha","NE",2020,497036,41.2911854498088,528329,240781,203172,164829,60506,18.2175786420703,23999,5246,4854,29013
"34011","Cumberland","NJ",2020,937219,35.4263620777056,115951,476431,124423,225359,51258,11.169049849268,7577,1931,4979,6114
"34041","Warren","NJ",2020,171770,33.065397143364,824757,210813,177744,130312,59733,17.3851272976026,27329,9082,3508,32511
"34005","Burlington","NJ",2020,167698,45.9768458409235,478882,420848,199336,253692,44193,29.4267443311401,40065,6321,4757,27551
"34023","Middlesex","NJ",2020,20098,44.330117306672,654411,49001,25589,294440,40831,25.2173366502393,46993,8148,871,26879
"35041","Roosevelt","NM",2020,106405,32.9159326152876,577621,424185,252048,327904,96551,27.1098712063394,1219,6201,1349,35323
"37031","Carteret","NC",2020,416542,33.3982028020546,118807,211392,113361,119719,84795,21.4238796045538,20723,6033,2254,21548
"37165","Scotland","NC",2020,473681,43.7924314662814,24223,195036,197561,171297,87817,18.2931261090562,31400,330,2201,28046
"37009","Ashe","NC",2020,714238,36.6249000327662,803513,202569,283990,240366,61924,7.14578596060164,26859,7054,4829,36253
"37075","Graham","NC",2020,927745,42.6259852014482,263549,425349,60713,48318,68889,11.5544803335797,28867,8861,4470,48121
"38105","Williams","ND",2020,362871,31.5619543148205,680978,441811,267612,35294,43025,7.31767134973779,6667,2367,3371,34530
"38085","Sioux","ND",2020,54296,45.9493812220171,850388,137620,15045,100373,49857,8.9552504546009,12833,4151,293,41667
"39123","Ottawa","OH",2020,757093,38.9945714734495,500000,238600,72972,35801,47884,24.1258294449653,5396,9262,2452,18848
"39125","Paulding","OH",2020,392884,43.1218873942271,245922,319159,18050,170313,80703,9.68129302607849,32465,8088,3836,40254
"39035","Cuyahoga","OH",2020,935725,49.8783751949668,372002,67381,170606,228771,99891,27.3737756488845,47228,7274,4143,35249
"40095","Marshall","OK",2020,885589,40.8630383713171,36842,242036,215968,107296,36409,27.4839411792345,38247,1250,1968,17283
"40013","Bryan","OK",2020,825726,39.6303846128285,628902,248937,106920,369141,39391,11.9328590703662,42687,9556,2852,12662
"40023","Choctaw","OK",2020,291539,38.6472047446296,253848,301201,82272,194532,51251,28.9857564563863,40313,2561,251,1550
"41033","Josephine","OR",2020,256474,45.9927343670279,523405,48176,100015,140159,67059,29.1554487147368,42840,3181,3798,43205
"41045","Malheur","OR",2020,433981,40.8230976946652,345732,98027,244162,302817,34224,26.6984343307558,18763,8284,4638,4754
"41001","Baker","OR",2020,385904,33.88159384951,138484,391152,99002,378241,43591,29.1577563050669,47371,4140,4121,6776
"41021","Gilliam","OR",2020,682790,30.8361370535567,863250,92367,91958,339492,86510,18.5377628204878,15068,9014,926,29457
"42045","Delaware","PA",2020,627255,47.6218297285959,852462,266720,234298,49645,98648,16.4666682493407,11851,4303,3346,21171
"42049","Erie","PA",2020,354205,38.1917495420203,132103,234319,41562,287708,92067,22.3768592474516,3488,494,3006,27897
"42059","Greene","PA",2020,275479,32.385869640857,601938,53760,129803,60835,80782,16.9885862688534,13265,6514,43,43999
"45053","Jasper","SC",2020,673106,44.400533111766,810077,366732,255246,267852,94446,22.376459762454,42662,5751,2004,33593
"45043","Georgetown","SC",2020,20828,35.3638708777726,794293,351576,294934,283109,79289,27.4964875262231,26535,9903,1595,16951
"45091","York","SC",2020,687837,49.476815322414,604880,416515,64628,316293,86137,16.8113724165596,40122,6191,3372,34470
"45057","Lancaster","SC",2020,413863,30.0287759909406,495578,101200,50805,96864,42737,19.9865963787306,12477,2617,1635,1032
"46009","Bon Homme","SD",2020,260834,43.9785334747285,436533,197369,191464,392282,95692,29.4449806574266,24419,8805,3376,23343
"47065","Hamilton","TN",2020,364790,42.4545580567792,215502,164463,179080,364301,61337,29.6798297564965,45372,5916,607,16098
"47163","Sullivan","TN",2020,49268,40.7537771761417,485703,99798,34188,230158,85510,5.4403019847814,40457,1400,3803,13149
"47009","Blount","TN",2020,593178,30.0682667270303,840478,93846,101874,267803,73033,18.8746425101999,10542,7348,1745,17160
"47019","Carter","TN",2020,174799,40.982494642958,421743,136091,194194,49631,52768,11.8435079359915,3156,6376,3986,10218
"48273","Kleberg","TX",2020,457092,30.9606042224914,868265,1891,174256,395918,98994,26.6657322947867,49395,393,1536,18063
"48391","Refugio","TX",2020,276799,44.4691001530737,12133,492455,132142,18030,47796,16.9790855969768,1237,3389,570,45095
"48201","Harris","TX",2020,296533,48.0463781487197,743896,389048,202886,302400,59518,13.547927060863,4691,8257,405,49280
"48443","Terrell","TX",2020,414885,43.8523228047416,557930,162035,66185,123129,50749,13.3283990737982,30905,5001,4242,18751
"48229","Hudspeth","TX",2020,436601,46.4693226153031,531481,420006,7288,266537,85421,28.0578634422272,27775,9326,179,35173
"48205","Hartley","TX",2020,917657,46.657262952067,312685,473976,91903,193707,34070,21.783847543411,46071,5331,3860,32304
"48351","Newton","TX",2020,574912,47.9635987663642,5319,73591,135187,325121,99385,21.4248837390915,32297,4106,1668,24872
"54107","Wood","WV",2020,864629,31.9305909238756,488821,52480,256064,187090,42180,16.5903260069899,11051,8926,172,9629
"49037","San Juan","UT",2020,304608,43.729436933063,457744,373793,182847,222856,96205,23.9406956371386,4283,9461,27,18152
"49033","Rich","UT",2020,696325,33.0614447453991,220921,361794,230795,145594,91385,22.32787018409,9599,6989,5,36428
"50027","Windsor","VT",2020,181663,42.2273310413584,864330,195186,149204,246359,90060,29.0472964942455,43050,4136,1546,47214
"51119","Middlesex","VA",2020,488670,39.6733581926674,454111,13172,156039,15083,34818,20.9968817839399,37815,4453,2646,5628
"51131","Northampton","VA",2020,100157,38.2737660640851,432318,344205,146822,301070,39337,21.4552878879476,31819,9902,3787,4722
"51117","Mecklenburg","VA",2020,284809,33.7364743463695,455242,282601,9474,279952,88357,11.4431829086971,15932,8361,1204,36534
"51133","Northumberland","VA",2020,931221,36.541378875263,757961,171589,214677,48330,96247,5.44400084880181,29304,6450,4377,43423
"51051","Dickenson","VA",2020,50898,33.9030654588714,258478,435690,78761,83821,93324,18.9339371584356,16618,2882,1284,37643
"51107","Loudoun","VA",2020,254601,30.4868073062971,624891,148928,167738,360148,51752,16.8423131178133,44079,7774,541,43732
"51181","Surry","VA",2020,437874,48.4475316293538,131549,118685,256292,262278,50764,12.8874519327655,31422,9440,1378,37744
"53027","Grays Harbor","WA",2020,510693,39.528770763427,621799,21971,202915,102597,54940,22.3704967426602,47954,8106,972,14108
"53053","Pierce","WA",2020,773826,40.7653722120449,67342,457628,5722,86494,88913,26.3875518064015,7612,7803,2104,2996
"53047","Okanogan","WA",2020,692216,40.8568719634786,591920,350706,212237,392879,93456,17.574687669985,43039,3123,4307,36181
"53071","Walla Walla","WA",2020,753699,34.2630773223937,761433,64727,24144,107223,48517,17.844440783374,39183,8921,4522,10578
"02066","Copper River","AK",2020,973517,30.3887677658349,482638,466149,289926,219224,45478,7.2077995701693,47433,2292,439,42563
"54031","Hardy","WV",2020,729782,33.1097094621509,260990,275073,112712,119698,97951,10.9650847048033,37681,3437,826,19713
"54023","Grant","WV",2020,194507,37.7092378679663,469613,215238,23413,15416,92586,12.961074745981,6781,1836,2499,48536
"55121","Trempealeau","WI",2020,430315,45.624073878862,781304,4534,86300,307928,91923,7.32933027436957,15386,1333,4114,32963
"55037","Florence","WI",2020,553836,36.5788169624284,80958,136617,213886,2426,90596,6.89223964698613,20331,8952,1673,8386
"02100","Haines","AK",2020,97208,44.4365776702762,731572,322406,112198,135188,48224,27.5588182918727,23272,3200,1573,27689
"56045","Weston","WY",2020,840947,31.2780585279688,257486,280284,160565,227387,36827,11.6521897097118,32177,1501,4118,9239
"05013","Calhoun","AR",2020,412550,39.3537504132837,61350,400163,184936,1740,40237,19.7879925672896,12644,3703,3355,49019
"05061","Howard","AR",2020,436129,41.1364695802331,412952,234785,151654,306562,69286,9.50084597687237,29380,8730,1902,27420
"05099","Nevada","AR",2020,811136,37.426724769175,539430,189195,251130,246293,61884,12.5924318749458,35315,3197,3519,1315
"05103","Ouachita","AR",2020,363325,43.7378321681172,330814,176105,187146,292985,97891,29.4992661348078,27757,6188,4742,41259
"06063","Plumas","CA",2020,219236,47.4571540532634,192190,475014,41576,255563,67352,12.6346658519469,31230,9328,1169,25234
"06101","Sutter","CA",2020,944711,38.9596533123404,886581,9457,197411,55949,65145,8.44558015931398,36457,928,3337,14832
"06021","Glenn","CA",2020,40000,34.8969821259379,301244,269606,102273,381096,77881,12.4678692501038,21873,7167,1804,37223
"08015","Chaffee","CO",2020,781546,35.2754584699869,385811,133614,214669,173882,33804,6.93545744405128,32223,6466,3411,17218
"08065","Lake","CO",2020,416566,37.8663305612281,115515,139097,248911,200767,57093,6.21450845617801,44816,3273,4705,36967
"08027","Custer","CO",2020,487212,49.5265723811463,362536,186258,62078,214221,50909,7.79664556728676,26886,7047,2217,48442
"12097","Osceola","FL",2020,751786,32.1392580587417,118532,399830,7300,73297,96762,27.0222228264902,17721,6196,3876,46124
"12119","Sumter","FL",2020,105138,49.6872695395723,477323,241311,285667,338611,63856,24.7328800335526,47531,5767,1873,31558
"12107","Putnam","FL",2020,50253,46.3042590813711,765793,417567,263576,106299,77402,7.40787071525119,38292,8017,841,4671
"13219","Oconee","GA",2020,406874,33.3261434827,769477,303497,241293,10168,73783,29.6106508595403,11806,6163,3556,47737
"13135","Gwinnett","GA",2020,139747,41.1053856508806,627821,27082,79,163981,83277,13.9921266131569,31648,7301,2285,11184
"13009","Baldwin","GA",2020,278651,39.0601187571883,109772,232361,138582,46972,40915,29.5777114178054,15756,3791,81,12596
"13001","Appling","GA",2020,62374,32.031157487072,728080,420380,62557,172568,38081,13.2444942207076,40908,8528,2801,26793
"13271","Telfair","GA",2020,192378,40.9804827766493,81642,51315,292481,177791,91035,7.2617919719778,12026,1247,4647,30867
"13217","Newton","GA",2020,252375,46.2449764180928,825865,346474,226636,216514,79631,15.4617110919207,48743,7431,797,28590
"13163","Jefferson","GA",2020,578234,33.2783060101792,151386,165700,46468,248665,30001,9.03783611254767,12782,7860,1327,2203
"13267","Tattnall","GA",2020,454771,31.0193884698674,372640,442920,50787,203174,38172,10.2000004041474,2852,474,20,48379
"13317","Wilkes","GA",2020,966563,34.6465941797942,102761,226198,265754,274358,85592,17.027740868507,2896,4516,4064,19375
"13319","Wilkinson","GA",2020,900168,35.6457733782008,293077,407121,226194,372492,34479,14.7208590072114,26502,6389,1809,28900
"13237","Putnam","GA",2020,320224,49.3854340026155,839499,168462,280735,186826,33772,18.981603650609,27674,3047,480,16557
"13079","Crawford","GA",2020,678099,46.3785376958549,140904,8957,122459,20991,60759,23.7453873862978,35377,2042,1007,18834
"16013","Blaine","ID",2020,209000,42.8945023519918,117903,30471,194827,194991,79151,25.4785281384829,39906,7502,1276,4497
"16023","Butte","ID",2020,407414,30.050185113214,87771,364454,257124,338906,70704,13.9839497755747,27235,9080,2998,9804
"16025","Camas","ID",2020,421590,46.2484082765877,707809,165448,89172,105458,45200,7.83986800350249,45733,6816,934,8388
"17065","Hamilton","IL",2020,812688,41.8973924964666,667209,295699,75450,111004,52392,21.4407292031683,23723,8159,2051,44586
"18055","Greene","IN",2020,29942,44.7113039623946,483866,16600,39539,160791,72089,6.51855624862947,304,753,3594,25612
"18051","Gibson","IN",2020,681067,48.9224662352353,842565,82186,83646,339578,49845,28.7689095083624,17092,1448,1197,22625
"18027","Daviess","IN",2020,711513,33.7518975837156,740815,210632,2017,236769,31201,12.3203851759899,9614,9117,108,6377
"19039","Clarke","IA",2020,883372,43.1386943440884,247783,233915,165712,329210,42246,15.4357247357257,23489,5751,1482,23309
"19001","Adair","IA",2020,844035,44.5628708228469,879815,373666,249496,243478,58489,24.3526828603353,19604,503,3838,49404
"20027","Clay","KS",2020,611561,38.1988442735747,409717,346406,147585,196823,37613,24.0805548278149,38782,8780,1411,47097
"20171","Scott","KS",2020,467943,46.1992269847542,163024,459149,151734,21735,39875,29.0008805762045,25732,9236,2753,33960
"20047","Edwards","KS",2020,372019,41.4455451210961,894373,59170,21504,196889,98430,9.69554620794952,13972,1905,3915,13827
"21115","Johnson","KY",2020,158090,30.9348858054727,227926,265179,187686,275696,95760,21.7154556838796,28533,3300,695,18337
"21175","Morgan","KY",2020,194548,39.6385358506814,107882,182304,202948,235219,68210,10.1990209147334,15446,6020,3696,19005
"21095","Harlan","KY",2020,711505,43.6477049672976,883190,166684,175757,205106,86947,15.7417698716745,30374,2452,4474,1868
"21187","Owen","KY",2020,931807,32.1737382281572,134345,422670,204987,168323,39367,14.5240821130574,28940,4443,1509,49981
"21097","Harrison","KY",2020,981842,46.4475511945784,858814,208097,39685,241271,49135,20.2357904764358,5897,9958,1557,20865
"21197","Powell","KY",2020,491739,33.1589917419478,52157,468055,292560,361356,67855,14.5894941536244,11912,8676,1787,37560
"21069","Fleming","KY",2020,73976,43.8431048858911,170884,131441,86735,146824,49430,12.052235561423,40465,1910,2473,7227
"21063","Elliott","KY",2020,566154,33.1467773625627,196506,209077,5307,377591,79575,24.1314939991571,35843,6264,141,16030
"21079","Garrard","KY",2020,371933,45.2006579982117,712411,9827,110013,20891,86775,25.3534529835451,37958,7981,3587,18971
"22069","Natchitoches","LA",2020,380702,45.5808948073536,580081,381470,185276,219467,77234,23.600027600769,49368,5736,2844,7458
"22081","Red River","LA",2020,218609,42.8605672717094,85665,273338,121048,380396,57317,7.46609149035066,46340,7919,3283,6770
"22001","Acadia","LA",2020,219811,42.9149388009682,253329,126929,223220,347134,71002,19.7479801496956,16456,8346,4351,47568
"23007","Franklin","ME",2020,218058,38.0701892776415,296371,342261,189211,60656,52132,12.363657746464,17929,8060,202,39649
"25015","Hampshire","MA",2020,991058,38.7567213224247,205689,53129,146859,70548,76887,14.6423518087249,38514,1419,2334,30229
"26095","Luce","MI",2020,323620,44.1870462941006,202713,402239,26184,156795,77579,26.2713038898073,16701,3467,2374,11723
"27097","Morrison","MN",2020,708567,48.1012528389692,555830,86457,148490,159071,88378,28.7738183990587,37092,8806,377,1379
"27023","Chippewa","MN",2020,906305,36.9455522997305,254362,176184,147079,203022,30493,8.8252150057815,17300,992,3551,12159
"27139","Scott","MN",2020,904647,45.5385701917112,50623,477973,94022,96002,71745,23.7592251924798,46934,7280,4514,6190
"27087","Mahnomen","MN",2020,408150,36.5852943668142,747833,223831,223217,314016,73149,21.9056531682145,47479,6836,4596,35461
"28121","Rankin","MS",2020,29553,41.3684605248272,438713,154391,198023,399582,99808,12.4878695828374,44546,6520,2401,8592
"28083","Leflore","MS",2020,591346,40.0477506779134,159985,122287,120866,204184,98062,25.513094792841,20624,85,3426,13706
"29113","Lincoln","MO",2020,154691,37.3490968253464,560357,38250,80475,179445,55821,12.6526220829692,32835,3048,4881,44156
"29167","Polk","MO",2020,431751,42.8824123553932,769679,369382,176689,99313,89317,17.0371850673109,37600,1610,1240,35373
"29207","Stoddard","MO",2020,249449,30.1674810005352,805635,329589,170253,156882,34503,21.788577742409,43854,6371,1154,40014
"30013","Cascade","MT",2020,509073,44.2244718130678,763584,395542,292793,152612,81035,23.2337099511642,36654,4142,3716,3725
"30093","Silver Bow","MT",2020,619273,41.9684676127508,811716,331594,30703,119354,84941,7.5444271392189,3727,3713,1714,37830
"30055","McCone","MT",2020,649070,42.3304078076035,285288,125115,231567,108932,34776,23.7407203426119,22876,8008,3475,48770
"30059","Meagher","MT",2020,109053,46.769160637632,374599,86936,258441,141398,92142,27.4704136315268,39538,703,2291,39713
"30033","Garfield","MT",2020,22851,39.3884213641286,773126,311742,186692,266721,78988,12.0987741637509,19813,7935,3335,18214
"31071","Garfield","NE",2020,991082,38.1560499453917,399454,281670,278633,186140,37393,28.2263385842089,28099,6122,2614,42570
"31115","Loup","NE",2020,161623,36.0005059791729,898157,117674,280816,256704,61334,13.075924142031,6321,926,1235,36247
"31075","Grant","NE",2020,279329,44.0989464474842,111283,284818,199277,20692,83752,20.3817206446547,39231,4878,1531,23843
"36053","Madison","NY",2020,778325,33.0874969204888,145747,77795,280,399847,90935,22.3014023283031,37094,1087,3838,3982
"36077","Otsego","NY",2020,409833,32.8185208002105,573428,109894,26758,233563,80121,6.80149262305349,25295,3653,79,35421
"36051","Livingston","NY",2020,815091,44.0868099359795,797258,1091,105884,159887,37430,19.8310656135436,35765,968,4186,3529
"37147","Pitt","NC",2020,553730,40.7873848220333,376238,225791,292131,329492,91284,25.2776792633813,44875,6533,1327,7728
"37085","Harnett","NC",2020,414178,39.138126433827,272608,193244,239011,81852,69235,27.9063011822291,46825,7252,4247,5564
"37079","Greene","NC",2020,634667,43.8102921983227,832376,170440,70376,70747,86559,6.23987477272749,32905,9498,3152,7464
"37125","Moore","NC",2020,454843,37.6901762327179,877293,43382,7597,101648,84576,18.8799220672809,6991,1489,1145,28537
"37023","Burke","NC",2020,152091,39.8151052044705,389273,282620,232338,347474,52402,27.5603298225906,49908,9659,4038,21707
"37021","Buncombe","NC",2020,640189,30.1025493536144,495564,160854,58975,134992,63990,27.2634240344632,46571,7194,1178,49626
"37093","Hoke","NC",2020,87950,32.5995328603312,150396,113231,130128,4635,88248,27.4261891329661,43877,9965,1121,359
"38073","Ransom","ND",2020,395190,33.1535406177863,459217,442751,5834,100100,74111,16.8731676135212,14719,7339,116,36641
"38007","Billings","ND",2020,157741,47.928433297202,893411,464964,296554,87893,44890,7.47628204524517,17926,707,1045,33919
"39101","Marion","OH",2020,651859,41.0651554120705,311996,442265,132338,80192,82657,17.0957252045628,7929,8899,3150,41450
"40027","Cleveland","OK",2020,145733,45.6443871278316,535971,466489,88863,382110,76750,10.2861438016407,17269,3452,1748,20150
"42071","Lancaster","PA",2020,105521,46.7705148691311,140100,192686,99457,276073,86134,29.6522056229878,44372,2278,4072,49048
"42043","Dauphin","PA",2020,358769,43.6723451688886,174507,389272,239947,338250,65404,21.6543455445208,23109,2462,3740,38009
"42067","Juniata","PA",2020,771276,47.1829173713923,680706,122433,238944,180914,77625,20.4811537009664,32285,4007,1452,29556
"42027","Centre","PA",2020,168988,38.7147836899385,54320,434110,248697,129260,42113,18.353688881034,48973,6380,1692,6752
"42035","Clinton","PA",2020,184907,32.1560191502795,198111,40078,292288,187766,59285,8.23098592925817,14396,4202,3690,39066
"42063","Indiana","PA",2020,730020,47.4932724190876,734306,493298,213706,214299,62805,25.1665889355354,40257,9814,1523,49406
"42099","Perry","PA",2020,434170,43.1604248518124,420960,394070,222444,5365,77184,29.433510878589,36026,5024,1335,32773
"45077","Pickens","SC",2020,686101,35.5341072799638,10398,157900,234370,267959,48398,7.3571245605126,37928,6214,2110,7303
"45041","Florence","SC",2020,795351,42.7565091941506,842811,409296,258599,349845,84553,9.16775195044465,15457,6905,3347,38445
"45087","Union","SC",2020,161643,31.730879386887,399386,144214,230195,252434,58641,5.6961380073335,21593,1168,2697,16773
"46103","Pennington","SD",2020,470968,36.9611432449892,86780,72646,243215,29887,55882,7.24637764040381,25072,3611,48,36545
"46095","Mellette","SD",2020,718424,44.4778478052467,212534,139270,151707,229131,96763,29.4616871874314,1242,1041,3987,42111
"47035","Cumberland","TN",2020,616288,39.3205514550209,215321,460727,201304,16752,63205,24.7614894423168,19217,4757,2688,21410
"47021","Cheatham","TN",2020,600226,40.6110380962491,465464,197942,282852,7594,31856,11.9935170642566,2097,3202,1320,21973
"47005","Benton","TN",2020,46289,31.8312314664945,600818,13351,89843,288651,78720,7.31559382518753,11285,5572,4762,15007
"47041","DeKalb","TN",2020,662763,32.0521780196577,278334,422153,133768,339282,33825,23.5475120379124,24203,4488,3855,26145
"47129","Morgan","TN",2020,713675,43.8566229864955,312777,201198,143950,193938,94306,19.830223080935,32842,4631,903,1433
"47185","White","TN",2020,843055,45.7005372131243,462084,361554,181567,396725,83739,10.0553188775666,24770,9478,2507,4552
"47151","Scott","TN",2020,324461,45.524988276884,64756,305466,249544,23368,52106,15.2832998614758,25092,2085,1186,8576
"47107","McMinn","TN",2020,946702,32.1354092750698,366062,9070,41327,323385,98249,22.9513907060027,34226,8793,4787,17632
"47117","Marshall","TN",2020,954061,30.73904145509,68149,99800,111431,306273,50883,28.1905258668121,37824,9965,1620,41260
"47003","Bedford","TN",2020,620924,41.989234443754,607270,465026,76547,206573,82742,8.47842071787454,48530,6047,1759,20584
"48373","Polk","TX",2020,350635,31.2594075826928,293391,198261,180342,381209,52277,25.5567355034873,29208,5825,1969,35777
"48139","Ellis","TX",2020,249413,37.747954283841,465105,176464,32170,296527,55913,11.2197603809182,4287,7972,695,12819
"48491","Williamson","TX",2020,597609,38.8616731157526,883552,383203,107990,159060,51631,21.0297834547237,24156,7887,1581,42958
"48213","Henderson","TX",2020,68772,43.3128274418414,758264,321390,241080,339156,80376,22.9586743237451,43451,8647,2563,37043
"48005","Angelina","TX",2020,307125,46.1139431176707,639789,22763,102787,378061,33041,25.3891605953686,42780,8188,1086,4562
"48441","Taylor","TX",2020,371920,48.2276877900586,487961,274659,70167,77308,85421,10.8879457588773,30661,6502,3492,25259
"48199","Hardin","TX",2020,280770,44.8989781085402,354247,195554,14568,81106,84816,5.73667487013154,45957,8050,592,29007
"48055","Caldwell","TX",2020,259953,39.0596688725054,457114,489617,19061,200025,80719,15.6167671794537,4141,7695,2963,20118
"48063","Camp","TX",2020,519296,45.2951669413596,54319,249159,38037,124716,70295,26.6398978314828,46834,2764,2393,24505
"48395","Robertson","TX",2020,13190,45.629271492362,507234,287104,243775,145456,49991,14.1807820543181,2938,3738,878,41418
"48223","Hopkins","TX",2020,614006,38.4502504114062,5376,476482,245217,259853,38511,17.1718213544227,8647,4040,325,9631
"48225","Houston","TX",2020,559049,38.693213108927,108583,136064,225961,132023,51798,10.5638968013227,20511,5004,995,9183
"48341","Moore","TX",2020,964544,43.6785726668313,622436,396143,191902,176262,45284,12.7845262305345,49784,7240,4984,14861
"48461","Upton","TX",2020,429599,41.8640424450859,898237,312343,262156,259297,67929,11.8554291618057,16502,5986,1449,33643
"48387","Red River","TX",2020,617380,44.9232253059745,749735,434926,165781,577,88085,13.6455050040968,14477,2431,610,31953
"48383","Reagan","TX",2020,422692,39.4832245772704,348823,247224,39726,64992,80855,20.6270009174477,3895,4338,1122,45936
"48313","Madison","TX",2020,803232,42.4813525797799,576250,190120,51902,283817,72878,11.6035396885127,49815,3199,1614,49300
"49051","Wasatch","UT",2020,140483,49.5989077258855,202930,343662,66592,388080,64773,18.6860136291943,10673,9598,3002,17550
"49057","Weber","UT",2020,778118,35.1913829240948,639038,387834,124695,213678,48134,26.4987461396959,11483,2050,2040,18408
"49035","Salt Lake","UT",2020,674894,36.244669444859,297989,163935,251004,218706,89174,11.5247503749561,45415,7429,4028,9542
"51101","King William","VA",2020,661520,32.5755421165377,695125,418747,95140,341119,96139,25.9403773886152,43038,1228,3737,20178
"51085","Hanover","VA",2020,697759,36.1336325248703,796829,141700,203863,94287,58657,14.8607940541115,13265,1280,4269,30069
"51003","Albemarle","VA",2020,551091,47.2407492436469,72014,453436,190326,240135,90346,12.5159475323744,6319,7197,2884,3994
"51019","Bedford","VA",2020,851067,46.8385072285309,528505,220091,17953,246068,70569,15.1988584036008,41019,4583,4535,1784
"51067","Franklin","VA",2020,256728,34.2995354346931,634831,286759,70246,397300,35681,21.5142303390894,43783,9502,2160,19507
"51015","Augusta","VA",2020,634342,37.1335889678448,354402,231309,149057,242019,78059,19.6854981314391,38160,1734,2557,18724
"51113","Madison","VA",2020,681477,35.6576822139323,796839,441368,95120,239765,84826,17.6997595129069,20386,7502,4103,1199
"51053","Dinwiddie","VA",2020,227387,48.7320112111047,159189,366523,225319,277398,44604,11.7033174098469,49994,1848,1066,26077
"51121","Montgomery","VA",2020,442141,35.6210992252454,438991,218876,270223,233802,92778,7.37719195429236,19795,7722,1178,37938
"51081","Greensville","VA",2020,192679,36.1895470321178,44180,140182,37878,271700,60869,8.30884882132523,1863,5691,4333,5790
"53005","Benton","WA",2020,704691,34.4682592712343,176227,441000,107148,219857,57129,12.2693965921644,38983,9336,650,42780
"54085","Ritchie","WV",2020,409657,34.6734716556966,560083,67272,73997,260317,52274,18.165077753365,31928,1829,3064,1645
"54033","Harrison","WV",2020,872480,32.9999272339046,572556,27821,8485,384975,52181,10.5174562032335,36342,3102,285,12130
"54017","Doddridge","WV",2020,264247,45.5782554252073,133289,380816,265768,208980,63177,8.88889478053898,33927,876,2297,15954
"54043","Lincoln","WV",2020,738310,39.2792155453935,705770,129262,163861,6613,41080,22.9110914061312,5213,6065,297,18637
"54001","Barbour","WV",2020,99392,46.0774866817519,698274,65718,244056,369289,61320,12.2432061482687,43751,9687,3328,39133
"54007","Braxton","WV",2020,622116,40.1980379177257,446734,462894,22728,130370,62781,20.1167666597757,17509,8933,4855,40971
"55111","Sauk","WI",2020,666783,48.4243596019223,729093,488180,6008,90645,74479,25.9519312775228,2564,6718,470,31782
"55107","Rusk","WI",2020,771522,49.0246858680621,635813,68223,250016,382366,35399,23.8344824302476,32356,9168,4521,13674
"60020","Manu'a","AS",2020,448238,37.7613144926727,877352,248610,47767,198494,32795,22.4240999680478,4905,7701,3260,22086
"69110","Saipan","MP",2020,742989,42.3738812468946,358226,161035,243961,106018,51162,28.2771034177858,9112,5945,2067,32859
"72097","Mayagüez","PR",2020,663428,45.9407023666427,293565,285905,128676,390585,72654,5.4129599488806,27233,9144,3711,25869
"72031","Carolina","PR",2020,655045,49.9958528997377,697792,295280,182768,259907,80890,6.44477732828818,32006,1487,602,12026
"72113","Ponce","PR",2020,325332,37.9009575536475,770719,221434,30367,347106,32626,24.1550075658597,606,7477,2427,37411
"72039","Ciales","PR",2020,622339,35.5939047317952,56155,324662,58079,326424,61698,21.465843829792,12248,9618,4935,6734
"72047","Corozal","PR",2020,663646,36.1932435864583,886699,206526,29548,68878,34590,20.7355328847189,41171,2746,4925,4121
"72037","Ceiba","PR",2020,594582,30.9465461270884,496306,119572,88485,37812,67961,26.0288316302467,2758,9526,3748,48373
"72067","Hormigueros","PR",2020,91032,30.7198609784245,758733,138708,105669,164625,89846,14.0114396240097,26381,5964,2754,48493
"21237","Wolfe","KY",2020,789440,42.9725145036355,659118,178702,184187,42359,43885,8.32714833784848,8969,6965,3706,25859
"48243","Jeff Davis","TX",2020,838077,46.753294239752,175114,395657,96816,137330,86396,8.65498126484454,33131,7624,4619,9205
"10003","New Castle","DE",2020,889611,40.6502412538975,578359,441804,225349,58575,37242,19.59464461077,11595,38,2071,49406
"06005","Amador","CA",2020,419818,32.9664307367057,276491,403428,16092,78311,76168,24.9718715623021,30003,5729,1732,10645
"06089","Shasta","CA",2020,88405,43.7993723712862,83575,86018,110322,350018,35612,25.6265767861623,23832,9461,4298,33536
"04013","Maricopa","AZ",2020,99631,36.694412548095,335127,353240,153550,97510,31655,18.7711221876089,16097,2418,2436,5844
"12127","Volusia","FL",2020,919617,35.1677198568359,893730,288127,136888,243872,37769,29.3622161389794,24547,7720,1000,39660
"12101","Pasco","FL",2020,196629,44.0277507016435,43446,236769,178790,108831,49463,17.2689165989868,3501,1402,692,38592
"12123","Taylor","FL",2020,330466,41.3809535326436,48575,418572,221627,208925,73830,28.7581969879102,23003,5032,4712,10770
"12017","Citrus","FL",2020,839211,49.1342303296551,592923,196969,115396,353706,66355,13.8054588239174,35612,3919,667,28294
"12131","Walton","FL",2020,541023,31.5980510599911,10876,425810,131577,133650,33054,19.7076481080148,28301,3590,20,33083
"12031","Duval","FL",2020,116277,44.6142883365974,33315,488677,268930,209431,98440,10.6693099613767,21296,9259,4304,48058
"12053","Hernando","FL",2020,615599,36.8848806619644,85026,275153,212782,160317,67319,7.371082972968,6029,8693,1097,5479
"12065","Jefferson","FL",2020,21625,44.033952113241,66868,247294,216572,326618,40345,14.0164700581226,18321,9124,769,6636
"12039","Gadsden","FL",2020,399038,33.383157546632,355742,419378,219119,82103,31187,17.8293599002063,45467,5812,3390,2946
"17043","DuPage","IL",2020,812537,33.5558344982564,185634,94615,206104,355284,56862,13.8029505801387,12063,7701,2472,23949
"17161","Rock Island","IL",2020,767584,36.0006992379203,831633,98561,296719,178314,35044,9.34550991049036,45594,3798,4537,26733
"13215","Muscogee","GA",2020,648219,33.891458879225,362893,330930,127013,226220,39012,17.705902568996,11171,7735,2606,42305
"13039","Camden","GA",2020,645501,40.6475717294961,89811,433884,73447,239866,94043,8.29975191853009,47085,6680,3744,8266
"13127","Glynn","GA",2020,904060,33.887078021653,367727,462241,230922,313314,70697,6.21165969176218,41108,1128,4107,35005
"13049","Charlton","GA",2020,516644,31.5597460977733,550488,459588,139032,340358,65562,18.0725089926273,13804,2924,2645,45462
"13241","Rabun","GA",2020,180180,32.4710764130577,244737,416829,54982,337322,94129,9.0537831664551,24889,3382,3424,35372
"01089","Madison","AL",2020,31270,31.1203095829114,316142,119711,60905,385672,90524,25.3052699333057,3532,7675,529,2289
"01071","Jackson","AL",2020,602393,44.3861731421202,835348,475221,47777,78476,37897,21.5229860518593,47490,847,2235,28094
"05007","Benton","AR",2020,101467,49.1583953099325,669744,111086,199618,251704,47544,17.2698497842066,47912,1884,4471,23551
"04015","Mohave","AZ",2020,296459,40.8335086889565,584239,245357,211211,178983,42741,17.3770562000573,40570,8642,960,2963
"04005","Coconino","AZ",2020,706772,41.4310036320239,231450,292803,216098,106941,78509,5.2964309125673,18611,3805,2606,9079
"05073","Lafayette","AR",2020,605781,31.0663868114352,559688,419255,297148,88390,76823,21.3201476912946,21662,5109,4730,38775
"05133","Sevier","AR",2020,421489,41.537440046668,317156,298165,1199,345775,95627,8.04777167621069,23500,629,960,39463
"05021","Clay","AR",2020,213288,37.1449593920261,802283,328925,188351,378661,60522,26.2246882671025,1103,5784,487,40252
"05107","Phillips","AR",2020,766708,40.0136923743412,199318,486041,6883,383468,52247,26.048303891439,2886,5396,2510,11987
"05093","Mississippi","AR",2020,689724,35.5378330685198,568565,64841,25510,384409,44826,7.33065929496661,37605,6945,2081,19195
"05015","Carroll","AR",2020,881573,40.9018231509253,647626,178432,187950,310466,94369,7.17088261852041,14185,6596,2114,19369
"06083","Santa Barbara","CA",2020,717385,49.9489239603281,225125,253165,188471,10769,87141,16.9484124879818,44836,709,3185,34967
"06111","Ventura","CA",2020,296531,42.5474094599485,147802,247461,130524,273400,59272,23.0101340112742,334,3187,1360,29009
"06025","Imperial","CA",2020,551411,46.5836679935455,643471,344668,140192,284889,80891,15.1189723180141,14413,4832,2134,49653
"06065","Riverside","CA",2020,363600,37.5400228379294,21616,330784,155779,69711,79322,19.4411392393522,43296,5548,1881,36527
"06051","Mono","CA",2020,44738,32.133796219714,690078,381711,275613,73034,82733,29.4087186874822,46117,4838,4053,10307
"06023","Humboldt","CA",2020,983393,42.5111179379746,601175,239092,145961,3131,85556,19.6142963028979,17891,4374,4105,23758
"06093","Siskiyou","CA",2020,35601,33.8207815727219,385535,104811,198780,103095,36568,16.2089802336413,29114,6531,3165,21060
"08071","Las Animas","CO",2020,446862,37.7761428942904,602453,398749,295360,215731,83829,25.3591981669888,21266,7525,516,31198
"08123","Weld","CO",2020,98563,42.5922364555299,645323,394587,178406,181505,78894,5.40287662995979,2018,1425,1784,41645
"08069","Larimer","CO",2020,160272,30.7800010032952,164447,379449,50805,296573,77173,13.4468668617774,22099,4522,3495,30502
"09110","Capitol","CT",2020,681641,41.8878852762282,825022,47918,38952,115554,61099,17.6363565097563,30153,447,2247,9719
"38067","Pembina","ND",2020,378179,31.765494463034,740643,6077,233422,242728,70255,7.68940353998914,19552,559,3728,23256
"37007","Anson","NC",2020,441262,46.3290317496285,741995,205168,176168,113807,96646,26.5107001829892,40815,3044,2993,29460
"38053","McKenzie","ND",2020,379025,46.1468047276139,476081,225120,141616,4803,87036,11.3064128917176,15212,6744,203,48411
"39095","Lucas","OH",2020,651654,38.6755337985232,501743,90339,290151,315870,55266,11.7447615379933,14986,1399,3783,8098
"39171","Williams","OH",2020,399854,39.6790553350002,383287,11577,232385,105934,56756,28.151855065953,9527,8066,3714,34624
"41015","Curry","OR",2020,148917,49.2859064461663,424825,264767,184804,1656,65070,10.1309677539393,23916,7888,2439,10442
"41039","Lane","OR",2020,879831,40.8521182509139,614690,150792,277465,69534,61467,27.8757455479354,8958,8860,2699,9252
"41025","Harney","OR",2020,43176,45.1478489069268,807968,419179,156387,218079,69991,21.5645646164194,6513,6868,1654,47512
"42051","Fayette","PA",2020,723867,49.7677873214707,177368,462039,278074,103841,48070,13.2916524377652,16196,2949,4354,48605
"42055","Franklin","PA",2020,111584,47.1896282862872,888129,154810,213918,245894,55693,12.1256346185692,42495,1940,1275,35357
"44007","Providence","RI",2020,431260,30.8309885580093,540659,386004,62031,365799,39699,16.5087306301575,48387,9259,1852,13931
"45003","Aiken","SC",2020,501298,30.1358867343515,401420,78437,264717,310986,94101,23.2165502628777,14825,2348,352,48399
"13251","Screven","GA",2020,675936,33.4112724335864,366007,307872,277265,356262,46130,11.0817902442068,29125,5229,4723,37940
"12095","Orange","FL",2020,937149,36.664981492795,592961,207924,209408,8048,74544,26.6642035986297,32288,9806,1222,16993
"16033","Clark","ID",2020,513335,35.6681300979108,509649,378555,266109,2429,54431,8.40660598594695,36630,8444,4819,30720
"16049","Idaho","ID",2020,259767,38.8002609368414,435795,20731,18575,289204,92903,19.2260936147068,10945,1900,4834,35136
"16069","Nez Perce","ID",2020,99896,42.8703388432041,712161,415330,36981,253681,36717,15.9045716235414,41068,457,3799,16849
"16059","Lemhi","ID",2020,129478,48.2225970178843,252260,424080,158958,229896,91802,14.5215922105126,29386,8496,54,33747
"17125","Mason","IL",2020,829454,38.062780094333,632343,60549,120165,216547,54866,23.6801354342606,17008,2595,201,38159
"16021","Boundary","ID",2020,199129,40.797720272094,508178,88753,251292,204147,30745,20.3946947248187,23098,1699,4371,42465
"17087","Johnson","IL",2020,7446,31.6966697806492,720483,342449,269782,158078,91552,23.8782695215195,39301,5823,606,30493
"18129","Posey","IN",2020,429636,47.4250236153603,670139,79918,241257,119958,65977,29.7448052279651,7627,2579,4163,1650
"19111","Lee","IA",2020,290717,40.1088351849467,347366,305908,54186,119164,33802,26.8916492944118,9390,5010,4695,13544
"26073","Isabella","MI",2020,112921,33.1403828691691,387195,386623,283600,74411,42397,28.4159845567774,16270,6641,3705,36425
"26115","Monroe","MI",2020,142398,45.0020508887246,62713,95785,169091,117914,63556,24.7575750178657,22886,8196,4776,3287
"19051","Davis","IA",2020,235975,46.9330307142809,242088,470250,121130,9417,31120,16.1383970477618,27784,2128,2913,1872
"19149","Plymouth","IA",2020,738304,39.9728521984071,57001,397889,190489,93892,59578,17.2364733950235,24300,9763,4572,21368
"19063","Emmet","IA",2020,421205,38.5722984047607,115528,354215,246627,320712,43773,19.1432237403933,12314,3217,54,6468
"18081","Johnson","IN",2020,621224,40.2406988991424,466104,179533,213574,107931,54161,17.0034875930287,12094,4473,1376,47195
"20147","Phillips","KS",2020,255894,47.57610111963,52186,289475,92080,145301,67229,15.6823458278086,21854,9873,3516,2883
"36025","Delaware","NY",2020,827486,49.7675148257986,66260,330819,117566,146309,98331,24.4192783790641,17562,4541,984,24851
"36061","New York","NY",2020,332579,38.0602886714041,292879,467156,257460,263484,40850,27.796203912003,32587,4375,937,3376
"36065","Oneida","NY",2020,801106,49.570929184556,528411,380465,122713,78537,80062,7.3621502914466,15244,9168,2883,11919
"08059","Jefferson","CO",2020,693290,34.2574157845229,94961,427670,173383,203672,40726,15.5368308781181,36479,4341,1681,33276
"08037","Eagle","CO",2020,80598,36.1730680521578,2263,261079,100284,145974,96640,20.8012486062944,14358,9886,4422,49078
"40147","Washington","OK",2020,643946,49.5739946560934,592259,277706,287323,286833,70088,14.1725638951175,27852,394,2573,30549
"21027","Breckinridge","KY",2020,98096,42.4545904621482,364888,462063,175703,177868,85098,12.9349597508553,26066,2393,39,37144
"40075","Kiowa","OK",2020,940992,34.1372329974547,386561,280785,105411,218184,49570,27.4485881568398,7136,8618,2460,4639
"40113","Osage","OK",2020,990089,32.1345779905096,209283,315147,6154,223422,37884,24.9481579998974,37698,5351,2799,2852
"08117","Summit","CO",2020,747061,34.98353803996,295317,183717,119590,218451,84325,20.6975045043509,48873,5302,3818,2818
"36115","Washington","NY",2020,717207,31.8218834977597,823642,47401,263940,84946,94903,7.47305934899487,36148,7466,183,44855
"36009","Cattaraugus","NY",2020,426183,46.1236244533211,807250,148888,172346,151284,88399,19.3419490428641,44088,3957,3361,25944
"21221","Trigg","KY",2020,688549,46.179341240786,178500,110959,66651,73556,31743,27.3839406797197,2426,3196,1320,17714
"22075","Plaquemines","LA",2020,763259,48.2293220981956,104465,288644,1344,10613,79428,7.20308175776154,2032,8455,2760,6124
"08093","Park","CO",2020,28793,45.6054206984118,757468,381128,177941,132232,84554,19.9051861197222,43168,3699,4933,12210
"08051","Gunnison","CO",2020,357871,39.7996967239305,830052,462664,140507,334194,54980,29.0658964263275,19548,8350,1,10532
"22113","Vermilion","LA",2020,646377,49.9952088436112,483888,190315,147688,153019,92692,24.7812319616787,8666,7370,4328,35481
"22101","St. Mary","LA",2020,499387,37.8009331831709,425401,486982,259927,368932,98051,9.0041102503892,39536,5172,434,21588
"08107","Routt","CO",2020,449933,33.2820482226089,240380,158059,196390,23670,45844,9.79068617569283,41543,5690,2797,4225
"22017","Caddo","LA",2020,846288,37.7724606217816,391580,222121,276614,169343,70514,16.4552296989132,49461,9920,4570,34009
"08029","Delta","CO",2020,117294,33.6634077364579,380101,13291,96057,150896,80066,7.95122163952328,31739,4033,183,33723
"22123","West Carroll","LA",2020,986338,40.5679504247382,868517,421895,41195,274198,35502,13.8411889562849,21014,1830,347,20863
"22115","Vernon","LA",2020,706592,44.002533480525,159377,389163,237538,148733,34417,14.4229734968394,26481,9680,37,15200
"23031","York","ME",2020,947588,41.0848810011521,242102,295839,98179,183890,79772,25.3425530635286,31365,8222,4114,26502
"22091","St. Helena","LA",2020,851380,30.8305970672518,735250,435577,56302,206469,34792,19.7679868037812,17351,831,4546,21777
"23003","Aroostook","ME",2020,968590,30.370602668263,198284,277511,249308,175485,63647,17.9864159738645,36438,7574,2897,5444
"02090","Fairbanks North Star","AK",2020,461530,44.558616024442,809663,271465,221812,250779,44301,24.2126236855984,18638,9001,1639,45240
"02050","Bethel","AK",2020,596347,30.0288067385554,685248,169450,127603,136146,66790,19.6201726631261,41842,3668,1472,47781
"02240","Southeast Fairbanks","AK",2020,523097,33.5021833749488,635785,342412,54653,338178,68393,8.32537587964907,9666,6908,261,13079
"23017","Oxford","ME",2020,966218,34.037478659302,400243,285902,83389,209791,76576,7.2343042306602,41548,9954,125,1750
"24037","St. Mary's","MD",2020,593051,34.2305910913274,700684,56874,29998,9388,57043,13.318638743367,39481,663,847,35155
"24017","Charles","MD",2020,604964,31.3377271173522,784418,85680,108375,157295,67405,13.5673147346824,27433,6716,4420,26873
"02188","Northwest Arctic","AK",2020,496239,42.8788382839411,6461,169670,248784,360566,47358,18.3792466716841,15673,5715,2649,4057
"24021","Frederick","MD",2020,290183,41.1083856318146,170165,141911,285367,288571,63851,17.6308210310526,31535,2047,1133,38412
"24043","Washington","MD",2020,850939,46.6462975833565,829258,332554,111676,246235,54963,5.04061016952619,832,6629,1511,20560
"01043","Cullman","AL",2020,417709,40.454233372584,81797,94079,51850,338680,71275,23.7299875775352,35289,2026,2661,24436
"01001","Autauga","AL",2020,385181,47.8632432501763,361693,175376,168840,195718,64326,8.68252351181582,17146,2798,3474,13832
"01121","Talladega","AL",2020,83802,39.2238832032308,551562,310183,184569,132015,62052,11.2607642263174,6697,1445,2978,24176
"25025","Suffolk","MA",2020,292552,39.8692832328379,750150,405079,287953,317084,63074,23.3116259227972,41884,5292,4743,8081
"25005","Bristol","MA",2020,25572,49.0897638583556,807069,242645,152690,334886,58421,14.7805159748532,1549,3742,3279,46654
"01131","Wilcox","AL",2020,644444,42.3831701930612,823580,175148,240736,48618,97440,16.5104898810387,34089,4787,1409,45382
"01091","Marengo","AL",2020,821050,47.7303412323818,601,364511,82122,158457,96359,10.0098052364774,14414,8088,3489,8998
"27027","Clay","MN",2020,534675,42.109111789614,851774,231176,183761,70298,79166,12.2190538980067,17990,4471,2196,42826
"27017","Carlton","MN",2020,375328,31.5051726531237,21720,221087,201612,201614,43195,18.5161368525587,25496,1484,1972,25575
"27119","Polk","MN",2020,936388,35.9027818450704,587319,288136,182656,237190,61660,15.369055531919,16454,4869,1537,30372
"01041","Crenshaw","AL",2020,982490,35.8164925500751,188385,149675,295788,369995,30045,17.8002710116562,22742,8426,3893,39120
"01085","Lowndes","AL",2020,84196,44.6703725820407,337461,161964,147836,279437,79200,16.6761804150883,47692,3042,4859,18909
"01063","Greene","AL",2020,728943,37.0437591010705,25541,267920,143189,92532,48580,29.0549322101288,2435,7011,1634,5744
"28149","Warren","MS",2020,459593,32.9000559262931,30731,21644,107540,155540,58127,20.9013740660157,3485,5916,4769,24403
"28153","Wayne","MS",2020,186498,47.6954497303814,70430,164952,280703,36461,65075,10.7279923697934,14620,5824,3313,31450
"29143","New Madrid","MO",2020,447246,38.6074756085873,400119,415381,86867,125233,64288,12.3386424046475,29065,9499,1808,18927
"29095","Jackson","MO",2020,3751,49.7827854473144,723075,248014,6670,1262,47622,9.86040479154326,15781,2433,4897,33010
"29183","St. Charles","MO",2020,185207,44.5963931223378,102661,100986,224300,153698,72846,16.8178230419289,3776,9290,777,39785
"29197","Schuyler","MO",2020,84120,32.5550563028082,547429,65997,101721,112137,83336,27.4236876762006,47271,9659,4380,2279
"29023","Butler","MO",2020,699037,41.1145096318796,495562,375732,198450,103835,95434,26.6946635919157,14288,6642,434,40810
"29157","Perry","MO",2020,208442,48.2333593582734,101961,31710,119049,243912,31010,18.144317897968,33144,9344,4218,43295
"30003","Big Horn","MT",2020,6395,31.2841085251421,649407,423312,182219,157053,92279,16.500894697383,46754,7189,4773,24478
"30053","Lincoln","MT",2020,931860,45.5643176008016,874819,216510,224338,121527,70800,5.7491322234273,44565,1536,944,22527
"30051","Liberty","MT",2020,378608,45.3039213037118,630523,125048,79839,67165,79242,25.8246393536683,41950,8890,1151,21273
"30005","Blaine","MT",2020,359346,33.2983896834776,307622,487023,297244,351394,51737,19.3233767012134,4527,6229,255,17270
"30083","Richland","MT",2020,711006,34.9545367993414,728762,261810,155334,108016,61737,29.1863837465644,17270,9329,4460,4130
"30001","Beaverhead","MT",2020,806397,32.2495574969798,693516,137505,126760,34279,92196,5.84453448653221,8103,6990,2073,47886
"30009","Carbon","MT",2020,116442,34.0863172989339,284816,305765,107157,181012,38408,25.8447160024662,7786,9473,1711,45198
"32017","Lincoln","NV",2020,481072,48.1173274340108,527908,306490,183952,51393,72786,14.2048291349784,30347,1787,2413,13642
"32033","White Pine","NV",2020,423048,30.7868787460029,460599,156935,280306,96026,59755,20.6582361028995,14524,8332,2622,44012
"33017","Strafford","NH",2020,374145,45.6254931306466,596516,14016,299092,255297,36509,15.537876340095,33367,8070,487,45589
"34009","Cape May","NJ",2020,251907,36.5751129388809,131924,34238,192212,194337,99436,16.2398199853487,35246,2919,4833,46075
"34015","Gloucester","NJ",2020,432428,42.336512687616,64036,40010,159260,393152,96615,23.5197980841622,8204,9310,2823,10902
"34003","Bergen","NJ",2020,543716,39.0355351613835,72885,287094,14870,153329,43480,5.64712319872342,28611,4663,878,24864
"34019","Hunterdon","NJ",2020,543968,30.7636619918048,343406,103326,90352,240118,98471,13.1675868597813,15220,6133,3041,13953
"35017","Grant","NM",2020,264468,36.1998708499596,477648,187432,287476,130234,62633,14.6586235275026,8904,4174,2635,17457
"35045","San Juan","NM",2020,774038,40.2856511855498,623078,43469,159264,393835,35371,12.0961347664706,33928,1541,3919,9018
"35039","Rio Arriba","NM",2020,68760,36.8242111150175,507886,439420,183798,58164,72296,13.5498508240562,29889,6472,917,47285
"35007","Colfax","NM",2020,904417,31.6581428842619,619096,44748,274729,113833,68391,17.8441891341936,17439,8586,2088,2493
"36045","Jefferson","NY",2020,267304,36.5377361513674,486979,447305,75282,367775,43935,21.0525530169252,18599,9674,4385,46806
"36019","Clinton","NY",2020,973467,33.2171564409509,716261,390915,280479,10345,56037,9.80975373648107,20629,7824,4319,34832
"36031","Essex","NY",2020,907631,40.7368183461949,405069,336387,219307,192335,31302,17.3957679141313,24617,1042,4740,9628
"37095","Hyde","NC",2020,700384,45.5726841604337,273149,154111,107213,209513,32827,13.1040448218118,31679,274,4233,12014
"37055","Dare","NC",2020,926318,48.2721395371482,59050,322275,257914,83794,73996,12.3654105421156,1102,4457,2789,8
"37129","New Hanover","NC",2020,491655,40.4284058045596,244109,483509,271049,283620,50256,12.6991503301542,11068,7857,1595,32656
"37119","Mecklenburg","NC",2020,940162,31.9749429961666,73518,136697,139650,288098,62461,21.4529938658234,43280,2277,3513,9518
"37137","Pamlico","NC",2020,668881,46.9722591433674,131082,96521,270561,133620,82652,19.4660078862216,43905,1344,4860,39247
"37089","Henderson","NC",2020,691603,46.875975439325,684946,33652,184054,172747,67265,11.8263595749158,379,2260,1479,35435
"37115","Madison","NC",2020,457965,40.280866632238,144709,224732,202543,371216,78637,18.1565067567863,10754,7812,4941,30928
"37155","Robeson","NC",2020,848241,48.2852984266356,488886,196267,234963,136814,60510,26.675392385805,978,171,2311,17372
"38017","Cass","ND",2020,849687,30.5830870894715,488256,114778,168366,286965,55351,26.3368449534755,5635,4252,4231,11857
"13185","Lowndes","GA",2020,213354,47.166171502322,393393,124288,289062,72154,64401,24.6870313258842,28981,3117,4874,12419
"13171","Lamar","GA",2020,610937,30.6601673178375,408259,181891,75191,51853,56142,12.2300454194192,18794,8278,416,27550
"13133","Greene","GA",2020,122253,48.7148357136175,463958,5652,35558,48324,34614,17.3134723457042,13635,4876,55,40943
"13183","Long","GA",2020,794659,48.8906258856878,372283,104892,132598,49852,90356,20.6097886327188,47375,8965,3629,21829
"13019","Berrien","GA",2020,348366,35.1854139147326,562642,390844,293997,107720,82828,12.5822887185495,17469,9780,1,45171
"13263","Talbot","GA",2020,98398,38.3913341350853,306503,179463,285566,103471,78629,22.3803252691869,27947,4453,4556,48866
"13191","McIntosh","GA",2020,869752,45.0160543993115,731857,171267,252284,264768,59961,16.8610384408385,42481,1888,3900,9295
"13205","Mitchell","GA",2020,768382,40.6765596009791,885142,297631,173054,16774,59499,26.2512737314682,7380,4705,3999,11776
"13141","Hancock","GA",2020,972392,42.3686717543751,873482,244862,202777,325007,60989,12.2168513492215,1153,7361,2330,24304
"13283","Treutlen","GA",2020,210739,46.3116513099521,55767,95923,27915,246427,57935,10.4855997557752,43362,3113,3789,45762
"13265","Taliaferro","GA",2020,396745,42.4587984383106,34367,420689,193428,108140,98385,21.6087484336458,13039,4947,4435,45984
"15003","Honolulu","HI",2020,411682,35.9098183456808,169118,297169,70716,271947,31896,12.0512335107196,32384,7428,2583,44991
"15001","Hawaii","HI",2020,542403,48.7777725048363,169082,239376,21873,182078,31255,9.89598588901572,28111,3961,955,40650
"16063","Lincoln","ID",2020,693569,32.528194678016,237611,167219,58952,132199,34299,14.6953920903616,19400,4043,3491,1971
"16037","Custer","ID",2020,556710,37.9905406478792,421881,4928,159217,148486,85534,13.918573934352,48796,4703,2955,37071
"16039","Elmore","ID",2020,139947,36.5025321906433,484071,332276,215838,277557,37678,17.1663974248804,22060,8835,729,5306
"16003","Adams","ID",2020,275561,30.7755888812244,684646,155995,299697,27998,33465,26.0081891855225,19177,5201,1435,1443
"16029","Caribou","ID",2020,137883,45.5297345435247,386345,75718,56325,315737,48882,28.6600155360065,39960,1651,630,13228
"17047","Edwards","IL",2020,686404,34.1924785636365,562248,291259,31925,380898,56671,12.1317839145195,22880,3144,1194,17914
"18049","Fulton","IN",2020,472289,32.2311905957758,413260,66250,266968,210093,47290,28.3574938494712,23908,5970,3839,49054
"18175","Washington","IN",2020,602577,36.9355337275192,688513,424885,134768,128058,54802,29.2863218532875,41500,9320,3533,27401
"18013","Brown","IN",2020,638165,37.7707123151049,560653,373495,221948,163808,94388,26.036509674741,8794,3695,691,4292
"18009","Blackford","IN",2020,256637,47.0857195882127,476434,159143,143224,89241,33612,12.3953927028924,44320,7962,4723,38031
"19105","Jones","IA",2020,531277,41.0324551723897,631777,495529,232327,54328,48385,18.3025537303183,1200,2331,287,41157
"19077","Guthrie","IA",2020,932309,36.274692742154,669232,447134,28537,277736,70641,10.523584317416,4767,5118,4519,27162
"20149","Pottawatomie","KS",2020,256936,36.2291869986802,136808,341784,98915,361089,67250,23.1967121665366,23001,6243,2939,21037
"20055","Finney","KS",2020,959076,31.7456400254741,707095,378857,93036,310395,58274,28.230593407061,27101,3771,455,9969
"20167","Russell","KS",2020,440327,46.2957351980731,676050,488248,6870,108819,38904,25.7055315026082,41050,9455,2495,28062
"20135","Ness","KS",2020,489679,30.9509479254484,263771,470757,17976,390321,89162,16.8826935766265,16583,1284,4493,41104
"20093","Kearny","KS",2020,672785,49.7991470061243,681925,253949,142463,148509,49260,27.8671951394062,42714,3142,3105,24105
"21029","Bullitt","KY",2020,729331,43.6030404036865,485685,94010,133316,375564,66857,9.96276380144991,27056,4238,1127,18562
"21067","Fayette","KY",2020,778018,39.480819995515,838045,464942,202445,189615,89770,10.227978999028,13297,8639,4198,6990
"21209","Scott","KY",2020,450314,47.7301286440343,282266,414920,182311,179683,50740,23.564401299227,43108,3806,4593,40744
"21031","Butler","KY",2020,402611,38.9566077804193,16596,74436,59568,214769,36893,22.5031071063131,34306,8441,3148,1459
"21025","Breathitt","KY",2020,284951,37.2624438256025,530930,461720,181650,115458,95850,24.1543148481287,10397,5831,3042,5601
"21181","Nicholas","KY",2020,107769,47.4385941028595,516016,165646,91449,16950,85235,28.4349896665663,41530,3391,873,41863
"21155","Marion","KY",2020,463565,45.0144051015377,825502,56233,153844,395256,34757,25.7104329077993,38667,6754,3817,42964
"21085","Grayson","KY",2020,192967,31.3608863996342,547311,67607,182413,385499,80835,17.7468146267347,32528,1532,3092,15003
"21177","Muhlenberg","KY",2020,958245,35.7524919928983,756708,56156,91804,111854,41157,19.0817520499695,14581,9821,2928,28247
"45069","Marlboro","SC",2020,767989,49.9923558579758,241049,377335,197115,35988,92937,20.1963229931425,20353,1594,2982,28716
"45007","Anderson","SC",2020,670295,32.3904585745186,407071,216857,240166,5357,55967,15.5483135906979,19288,8900,2075,26258
"45083","Spartanburg","SC",2020,85769,31.6020898846909,330656,457780,184873,127562,76692,22.2598622215446,17494,3055,3527,15873
"46127","Union","SD",2020,786890,35.2536654938012,695765,304529,161356,35451,96378,13.5570008668583,2726,1961,4630,33204
"46013","Brown","SD",2020,865271,35.2695573167875,460906,166609,154549,378016,97524,28.4310979838483,763,1212,1458,8878
"47079","Henry","TN",2020,662135,43.8348051626235,806277,450518,134883,343396,38689,26.8479392060544,1436,6227,1506,21378
"47029","Cocke","TN",2020,905297,47.2842595120892,608874,336135,112623,376612,62946,12.0182212861255,5632,2445,2226,23897
"47155","Sevier","TN",2020,947184,35.6788351433352,223353,259299,129184,59335,80291,26.0758879547939,15471,2797,1469,46609
"47167","Tipton","TN",2020,936400,38.5919239325449,374398,357010,290554,186862,75013,7.53641295130365,42098,3387,2167,39346
"47147","Robertson","TN",2020,542878,30.109885991551,728459,373538,278306,387082,62599,17.6281849574298,14351,9292,3752,13910
"48167","Galveston","TX",2020,807380,45.4789219098166,285256,199629,234271,80718,95552,24.7942851984408,21343,9412,3144,41560
"48261","Kenedy","TX",2020,763345,41.620993828401,218857,467638,234250,264299,88414,15.0869374233298,42539,4261,90,21924
"48479","Webb","TX",2020,570859,31.0939669329673,542613,359177,29542,24242,47503,23.4837740263902,42618,3030,3688,42260
"48409","San Patricio","TX",2020,414314,30.8448363514617,16376,291295,253171,50584,92889,13.3347044244874,29476,5774,2806,17022
"48141","El Paso","TX",2020,914065,48.5433197021484,268779,239672,62367,219850,86255,12.6584850088693,29957,865,3321,49690
"48321","Matagorda","TX",2020,299194,31.1516942223534,79442,234852,154258,391010,38903,5.3900843905285,48500,730,4250,15222
"48245","Jefferson","TX",2020,794029,33.5748800169677,356998,293594,118568,258400,34619,14.4042950076982,22370,5112,287,3997
"49025","Kane","UT",2020,578156,32.1876760618761,362887,2933,240091,376679,38959,5.18165609799325,19736,5752,873,2225
"51141","Patrick","VA",2020,532798,32.1241990476847,764999,489875,122622,26217,98498,18.6130425438751,41101,9075,2266,44928
"49005","Cache","UT",2020,953765,33.5093573015183,776763,229378,241213,158463,96213,24.4651876343414,6910,9812,1163,2170
"49043","Summit","UT",2020,882855,46.4219825016335,868401,13255,234528,230392,95019,18.0398407927714,6629,6739,2978,26314
"49047","Uintah","UT",2020,351268,32.7825429616496,772657,343226,46968,16527,78819,12.9294232069515,40902,9952,1563,22885
"49023","Juab","UT",2020,172676,46.4698359137401,237991,360781,125234,247721,33468,7.71622046129778,13944,7168,352,48578
"50009","Essex","VT",2020,862235,37.1777665941045,874894,163014,70839,86887,44081,29.0746663010214,30827,5727,4771,839
"51001","Accomack","VA",2020,605504,41.8752202391624,36797,193775,199823,223045,82047,11.8380629294552,32512,5911,1982,45879
"51095","James City","VA",2020,142329,46.9914173148572,309300,378247,83251,390495,37009,15.7955683313776,9411,6514,1582,16110
"51093","Isle of Wight","VA",2020,650719,49.8996908497065,341390,204136,134884,35788,32444,20.2588502096478,15304,8794,4840,7774
"51153","Prince William","VA",2020,942275,38.0131653230637,280465,215396,112825,97997,38803,10.2140608779155,47287,5753,520,27718
"51057","Essex","VA",2020,412297,38.0795720871538,624616,400061,33646,235126,83482,18.6574026430026,17399,6228,2529,4228
"51105","Lee","VA",2020,616262,35.1406468590721,433551,123573,114116,8186,71543,11.1003744369373,4741,2175,2692,37235
"51195","Wise","VA",2020,702293,35.2096498338506,666735,230707,63791,49624,78435,21.2675957835745,34605,5706,3512,8694
"51191","Washington","VA",2020,583434,41.0180241987109,335531,183464,224337,331447,94533,17.5753449043259,7623,7071,264,27170
"51083","Halifax","VA",2020,594198,30.3961868397892,147946,343561,67869,369696,76391,22.22646447015,15362,3407,2642,45847
"51059","Fairfax","VA",2020,272834,45.7595426868647,738451,238429,236913,243443,88679,29.2084560741205,34429,2890,389,38521
"51171","Shenandoah","VA",2020,979225,47.400822294876,70714,287743,131406,214193,96753,5.44630072661676,43793,9721,1150,1122
"53073","Whatcom","WA",2020,858182,47.8228982444853,831985,276727,120975,10870,36939,17.0297698420472,48652,5928,336,38273
"53067","Thurston","WA",2020,801045,43.0511237634346,395728,280580,71817,76430,43839,7.95289643690921,47870,2317,3502,40656
"53033","King","WA",2020,947901,32.3072486324236,524254,312674,9375,28687,58754,15.0282344326843,36734,1353,1086,41700
"53075","Whitman","WA",2020,338295,36.1960269883275,782312,142256,141568,84416,42646,24.3298255035188,15768,3139,4132,8830
"53031","Jefferson","WA",2020,667750,32.8975772112608,11021,219364,245349,371620,55385,23.6712345050182,25166,8897,688,33902
"53065","Stevens","WA",2020,719822,36.1249548848718,423918,23488,101172,350198,85725,18.2263699139003,707,2304,429,40524
"54063","Monroe","WV",2020,836957,48.4021314466372,660139,173535,123509,190708,76504,28.2692177814897,19553,5786,4097,40112
"54073","Pleasants","WV",2020,895405,33.1206679530442,195361,185759,4629,340475,70536,12.7485244662967,7067,8644,2844,16618
"54095","Tyler","WV",2020,327620,30.8628405723721,116192,160318,66250,319859,35721,20.8740459533874,37213,3870,555,23738
"54047","McDowell","WV",2020,350706,42.9989759484306,143791,159107,4405,78049,43753,9.0863623493351,46665,5089,4376,4446
"54025","Greenbrier","WV",2020,771504,49.4816807331517,494728,331909,52958,136716,47558,25.1216164394282,25421,6675,69,29642
"54027","Hampshire","WV",2020,298498,43.8710155850276,702846,167524,251207,351672,64045,27.9002296575345,36297,5734,4715,32067
"54071","Pendleton","WV",2020,534452,44.9742505373433,797440,250195,65157,35297,74016,8.46561101032421,42699,2503,151,23313
"55003","Ashland","WI",2020,487678,42.865500585176,76666,380228,249669,215974,97485,27.3149911500514,22504,5181,4323,35922
"55011","Buffalo","WI",2020,163759,34.9282054556534,609737,278637,109548,393984,92882,19.2394862661604,49244,8108,1999,3148
"04007","Gila","AZ",2020,566918,30.4390788264573,309546,690,169099,375283,86672,5.60298124444671,28638,122,3670,47417
"05023","Cleburne","AR",2020,639122,37.2110423026606,245832,454327,156019,33244,40986,18.2473513833247,37082,1446,3902,39915
"05069","Jefferson","AR",2020,875033,39.0835129329935,865788,11185,39413,13155,93554,28.9465367863886,11798,9254,3453,3950
"05029","Conway","AR",2020,715469,32.7873942209408,72570,90109,44525,309004,95607,12.6655398705043,45661,1920,1458,32918
"05117","Prairie","AR",2020,694297,49.3349763099104,449704,397080,25279,5644,35284,8.3491684938781,33694,5210,12,23348
"05057","Hempstead","AR",2020,54291,40.2487495075911,160485,427851,141991,81787,82798,20.5792423000094,3018,5029,2495,35520
"05067","Jackson","AR",2020,309202,39.0846438147128,893440,288043,208577,358112,95223,10.7073808682617,37237,3155,3410,17301
"05039","Dallas","AR",2020,82135,43.233260428533,139810,205323,260582,219513,92850,28.938319971785,25119,3730,3139,162
"06039","Madera","CA",2020,741492,43.7958833063021,649844,352413,100218,310520,35909,8.36599574657157,8164,1790,348,11776
"06047","Merced","CA",2020,918735,30.0678099412471,75617,484396,282103,398629,42361,12.1194066782482,4692,9512,4659,48184
"06103","Tehama","CA",2020,324364,35.2049506781623,295676,183506,50836,34814,81588,14.8258760175668,30815,6565,3410,40726
"06115","Yuba","CA",2020,728149,45.40037100669,568506,189374,108085,305554,92070,18.7579950038344,10255,4549,263,33237
"06043","Mariposa","CA",2020,633265,49.3221453344449,4265,168010,78871,88565,89411,5.69903796538711,23599,9638,1089,14380
"08053","Hinsdale","CO",2020,681855,44.525422253646,536808,168373,5797,209667,36636,25.676865481073,46834,6873,4453,14511
"08033","Dolores","CO",2020,944863,30.6495748413727,571892,322926,219921,252970,48865,22.2414887114428,8660,9573,3504,5486
"12001","Alachua","FL",2020,735105,30.8926317794248,8923,417110,206297,259910,63554,5.84257439593785,1861,6568,2489,6075
"12073","Leon","FL",2020,192454,34.0946125099435,437971,83520,171019,304554,93807,29.4100313109811,18809,2784,2815,34463
"12093","Okeechobee","FL",2020,94345,45.7860741531476,129248,254976,151987,60985,38482,11.8525060836691,13058,5624,164,33537
"12013","Calhoun","FL",2020,211364,46.8002267926931,316829,456053,146049,28167,69825,19.506842114497,6711,107,2007,6405
"12007","Bradford","FL",2020,669139,48.3773071458563,243308,272800,96645,277264,37031,11.4261745428666,39574,3049,521,8123
"12023","Columbia","FL",2020,752240,30.265012034215,660626,312594,143070,64674,85723,21.4962304290384,10352,8614,4409,36716
"13089","DeKalb","GA",2020,606623,34.2138156387955,257149,227121,230923,11957,47720,24.5377297350205,13856,3039,2979,29735
"13139","Hall","GA",2020,922069,39.8676737118512,528432,237794,291925,299169,78648,23.3047786529642,12716,8832,1677,22800
"13153","Houston","GA",2020,365176,48.2685060799122,871923,432646,142036,315376,44054,11.8219709326513,44239,303,4608,23324
"13137","Habersham","GA",2020,109753,37.3747143009678,383411,103376,141669,20123,82310,19.6487534511834,2854,9396,4472,10537
"13157","Jackson","GA",2020,342086,44.8117999127135,628294,15299,297543,382689,73742,16.495114385616,8721,2424,1648,21745
"13279","Toombs","GA",2020,469347,41.9801091309637,147566,428735,281977,68956,63042,28.4757503669243,13489,7692,1429,36042
"13013","Barrow","GA",2020,104243,31.3591581210494,723440,138343,157899,232885,57266,6.77363886032254,27721,543,2164,14347
"13269","Taylor","GA",2020,597741,41.3605689629912,635890,20393,23716,131885,31807,15.4381559998728,45467,2975,1084,13626
"13113","Fayette","GA",2020,242179,31.9223832571879,667509,192749,176173,18926,30402,8.31251616589725,43753,2721,3587,25777
"48455","Trinity","TX",2020,633691,33.048409963958,425799,242723,20556,364258,30651,14.8978852154687,37338,4870,4835,18064
"48015","Austin","TX",2020,28034,40.7170900329947,563826,315289,192000,216616,77054,25.6250562041532,37113,9284,786,37004
"48035","Bosque","TX",2020,158301,33.0056809447706,685193,374418,60043,203385,83885,5.06439102580771,20381,3036,431,16454
"48001","Anderson","TX",2020,852347,44.8040245473385,862646,97614,229945,130105,37160,28.2067776028998,6101,3611,4928,14042
"48119","Delta","TX",2020,457460,33.3483986184001,374298,37444,85354,292115,72491,26.7559890181292,27474,3909,4410,5914
"48469","Victoria","TX",2020,517211,40.7133409008384,814768,396412,200260,345715,32253,27.3441590962466,14718,5273,170,21308
"48411","San Saba","TX",2020,591853,43.0406482890248,720910,266739,94797,220016,92414,23.4841051930562,14585,6440,3867,4390
"48459","Upshur","TX",2020,919104,49.2426183680072,750782,271965,96994,372129,98089,25.6512897450011,13422,1680,1491,14362
"48083","Coleman","TX",2020,435142,36.1475287657231,159571,385124,160163,235347,47898,11.7499716649763,11540,6875,144,47859
"48153","Floyd","TX",2020,827885,40.019968803972,441598,167286,9780,274784,81600,13.8849523162935,41981,886,1800,43078
"48471","Walker","TX",2020,798698,36.1164816003293,123358,35343,21995,319874,92438,22.3106682894286,30929,8231,4148,12839
"48477","Washington","TX",2020,814154,34.8308129888028,355158,94928,239335,252515,32991,5.63755376031622,34524,9683,3733,48866
"48335","Mitchell","TX",2020,468136,38.4383743489161,587277,459783,297337,350406,76903,16.8799978168681,28534,8980,4307,5678
"48343","Morris","TX",2020,253287,36.4097372209653,620631,285039,97000,367576,67277,23.0176422931254,29590,338,4582,9831
"48263","Kent","TX",2020,698497,35.9931460907683,342823,60651,185684,369623,42717,18.1854811508674,12622,7103,3594,4235
"48011","Armstrong","TX",2020,545787,30.4007358523086,765493,225357,103138,312370,94143,26.3659153087065,41794,7077,4098,14195
"21153","Magoffin","KY",2020,210594,49.5275534363464,863994,9626,238643,331538,96830,10.9516144101508,25001,4454,1167,12464
"21121","Knox","KY",2020,435709,34.0033448766917,550436,403083,160492,105532,80803,14.1490394202992,36617,577,1056,20429
"21017","Bourbon","KY",2020,915740,32.2111444408074,207150,369294,285878,116324,65596,27.3647393635474,11525,5223,2510,27318
"21205","Rowan","KY",2020,564470,34.38720414415,809076,467152,200032,371237,37099,11.2800208863337,24347,1199,3177,29195
"21051","Clay","KY",2020,769341,38.2186657143757,294202,471578,242987,84116,41112,24.4427797279786,36428,6525,2804,35869
"21043","Carter","KY",2020,593313,46.3744829501957,427685,293800,225814,195882,78512,22.6919755176641,22285,8357,872,24792
"21123","Larue","KY",2020,468102,43.8142430083826,117196,348864,143063,188688,80205,17.5095648923889,6279,3389,2384,1934
"22103","St. Tammany","LA",2020,167010,46.0575026553124,748712,296775,137765,210054,86060,10.4041257302742,48726,9199,4830,44194
"22009","Avoyelles","LA",2020,345924,38.6938097607344,49536,494610,102143,32033,41542,16.5433061902877,4041,5694,4973,17501
"22073","Ouachita","LA",2020,541772,41.8967894092202,132243,105722,66558,267704,39392,16.8605800671503,45647,1881,4708,48003
"22127","Winn","LA",2020,680744,39.7882865043357,399479,217431,238278,277455,34837,10.9057685837615,42857,8694,4068,1207
"22097","St. Landry","LA",2020,721546,36.5188746480271,870498,254242,131758,223322,68861,11.352173833875,23712,9238,472,5842
"22025","Catahoula","LA",2020,732191,44.0695888316259,211653,383973,19562,246970,57568,16.1822496401146,27805,227,2279,20681
"22077","Pointe Coupee","LA",2020,455888,32.8617570735514,618355,245191,109306,6025,81720,7.60609108954668,36070,1667,454,42789
"22041","Franklin","LA",2020,228611,47.0940530858934,693906,414950,92235,92918,51937,25.322409569053,17631,4954,2789,18331
"24027","Howard","MD",2020,391041,36.0428724205121,126285,4454,231765,347432,50426,5.70502280141227,29884,5581,4538,59
"27053","Hennepin","MN",2020,879074,35.5542796896771,271491,253274,288942,193746,43025,20.8419417741243,16580,912,1022,40961
"27013","Blue Earth","MN",2020,431342,42.0272469194606,191581,153550,297357,213271,88376,22.4426127399784,6891,8580,1669,2499
"27039","Dodge","MN",2020,462197,36.1906463233754,410753,63434,170151,20339,63475,14.3531576916575,32615,205,1392,14270
"28029","Copiah","MS",2020,506545,34.2765921447426,256685,356599,128438,202440,41279,20.9367944695987,1564,9583,4966,10844
"28089","Madison","MS",2020,601872,47.5901863072067,356467,79446,223087,340734,30755,20.7093707006425,2996,810,2283,41729
"28081","Lee","MS",2020,828196,33.431070074439,897938,268414,237237,389191,98938,6.9094540446531,4410,9387,237,34069
"28051","Holmes","MS",2020,920278,34.8160020634532,190499,328371,136521,373579,39297,24.6014470187947,46130,5235,3867,17150
"28073","Lamar","MS",2020,338414,48.8820165582001,28070,52404,161686,397579,80422,27.6675419718958,20891,761,4746,30110
"29057","Dade","MO",2020,683222,41.2192911654711,766409,458554,22330,384157,41228,5.21570344106294,25493,999,4549,30200
"29205","Shelby","MO",2020,816326,30.1183872297406,543057,176620,210160,212830,94267,14.6297386102378,34032,4122,4793,19310
"30063","Missoula","MT",2020,195740,39.2359038488939,571424,293048,71912,329043,80251,17.0047058095224,20611,7257,2635,3874
"30043","Jefferson","MT",2020,340202,30.7610908243805,877396,231737,87373,303516,42871,13.8623365329113,49686,8458,192,14584
"30099","Teton","MT",2020,875677,40.6402345746756,821627,249590,137530,96445,52828,16.1181933956686,30923,7882,1751,31290
"30049","Lewis and Clark","MT",2020,680391,31.9808678748086,90844,492248,75702,169902,81145,16.568053526571,45931,7461,1068,8664
"30087","Rosebud","MT",2020,202202,40.1706903753802,760983,100195,5114,39328,93756,25.8425308635924,15734,2403,1515,5418
"30027","Fergus","MT",2020,649302,48.4700853703544,822371,132126,172407,218008,39172,14.3146498315036,36743,3439,1143,30535
"30045","Judith Basin","MT",2020,682180,47.527789613232,212391,219462,224037,215359,81822,22.517105845036,27112,745,1218,29594
"30023","Deer Lodge","MT",2020,10027,32.8155271569267,573772,236697,257528,35865,51004,26.4132414432243,49953,1149,2254,18932
"31167","Stanton","NE",2020,983762,46.323850415647,263212,485589,284939,147294,93178,26.4619547652546,31848,3628,3249,39321
"31101","Keith","NE",2020,34904,47.0096760708839,773515,142844,149078,256170,47274,21.8503313092515,18089,6083,1899,23674
"32011","Eureka","NV",2020,207393,39.6902757324278,249492,314487,226220,308523,82920,12.2556011728011,8068,9832,2965,2696
"32015","Lander","NV",2020,673214,38.0543127981946,55279,494356,136679,379144,67047,12.7861973957624,39051,523,684,22580
"34027","Morris","NJ",2020,632321,49.9368889303878,584998,426419,127442,306863,88104,9.46863558026962,24736,6085,4337,8105
"35033","Mora","NM",2020,467062,48.1056465860456,253998,323560,97244,252414,68242,25.3914102516137,30737,2860,3841,48056
"35011","De Baca","NM",2020,485579,32.464908817783,809976,187143,170727,194167,55748,19.6680005942471,26404,3161,4392,16699
"36091","Saratoga","NY",2020,432494,32.8004046296701,80073,415597,99509,86197,63662,29.3581863644067,25014,4328,4518,48586
"37015","Bertie","NC",2020,706640,34.124852605164,486804,368038,13072,218446,91759,19.3050066020805,14888,2991,4798,48522
"37027","Caldwell","NC",2020,528958,46.7817335436121,396341,10788,240219,368610,78697,7.07610019715503,28269,3330,389,43667
"37111","McDowell","NC",2020,202252,41.6748642874882,891104,318073,155587,249920,77156,18.1804643722717,36848,8326,1289,29314
"37153","Richmond","NC",2020,533442,39.4446486094967,812695,430485,2078,257814,97282,22.5661483721342,44088,8696,3070,3253
"37123","Montgomery","NC",2020,696013,46.5811233315617,533253,211993,271377,191848,63116,12.7599875046872,28880,6600,1440,32294
"37083","Halifax","NC",2020,308688,44.6874793525785,169371,328435,207569,387404,88657,14.9100352905225,4022,7693,4863,48354
"37059","Davie","NC",2020,867794,34.2026613792405,373785,396089,93993,177351,47045,21.1206396704074,40865,2342,3939,45071
"37199","Yancey","NC",2020,407086,38.1339364452288,746916,495564,41665,354663,49065,24.311149668647,26187,4800,4772,9936
"38005","Benson","ND",2020,631791,42.8688288573176,204016,188820,266193,193133,49532,5.21271905861795,25597,8776,1262,26894
"38003","Barnes","ND",2020,498135,45.9330266853794,885046,181093,94866,259012,59057,21.2043134856503,5086,2197,4458,11779
"38059","Morton","ND",2020,256026,49.0899860206991,519698,54912,84619,378891,39344,15.652113246033,40954,6022,2787,17331
"38037","Grant","ND",2020,112843,36.739293592982,502329,181509,226469,263967,50369,6.73691903473809,32602,3865,4407,10509
"39147","Seneca","OH",2020,936381,34.6650540456176,505356,51343,95610,246452,47756,14.1058790043462,36642,7182,442,35354
"39059","Guernsey","OH",2020,492071,48.8858630973846,739943,32132,65877,23692,87891,11.0984647134319,49074,671,1703,27178
"40073","Kingfisher","OK",2020,447519,43.8226454472169,541711,105154,266617,307536,37747,8.15059612621553,12958,4173,3639,15061
"41005","Clackamas","OR",2020,151496,43.1454575341195,40259,492060,9656,300792,40000,11.5934910613578,17478,9951,3691,2641
"41047","Marion","OR",2020,905193,46.2246608361602,583862,21905,36702,204353,35841,9.84045978519134,46096,7761,1203,23926
"41031","Jefferson","OR",2020,966012,39.881041822955,898306,422060,158485,342661,40836,28.182031547185,5257,9349,4221,963
"42031","Clarion","PA",2020,848743,31.1449624132365,622139,286420,232419,150672,70802,10.4846427112352,8315,3476,3604,2627
"42061","Huntingdon","PA",2020,799739,40.8296842640266,601577,206156,241393,314048,40540,24.767467235215,26282,4683,3220,23186
"45085","Sumter","SC",2020,137385,48.2815007911995,191420,383718,38187,273047,41277,27.1911964414176,1027,3922,1997,44474
"45031","Darlington","SC",2020,507923,42.5132814934477,789745,77978,256739,35701,79494,20.298406855436,10586,1304,1006,12551
"45035","Dorchester","SC",2020,243774,43.511357572861,25121,298289,171948,300574,81170,21.2014697387349,47950,8256,2522,38946
"45015","Berkeley","SC",2020,4515,38.5704517038539,860250,271063,50497,18870,36810,19.6954059717245,18170,9837,4309,49349
"45025","Chesterfield","SC",2020,541632,37.1352776838467,305036,412109,104092,382019,49478,24.9762435571756,21031,6607,2987,43537
"45075","Orangeburg","SC",2020,993120,34.5837508514524,299416,138189,156243,25403,95598,25.270997431362,27613,2335,2590,208
"45055","Kershaw","SC",2020,208267,43.3562902593985,420624,47422,214504,235678,44696,20.5388485291041,36500,2809,1324,5563
"45059","Laurens","SC",2020,875961,45.1115470426157,543813,162640,16529,64750,91921,14.0866777638439,18689,8451,1322,11239
"45017","Calhoun","SC",2020,569123,42.2299401881173,298049,179088,168041,370643,70773,29.4016655080486,797,1288,3313,30894
"45009","Bamberg","SC",2020,528685,34.6383794071153,775586,483868,101174,373319,35111,12.5193381984718,43382,5467,1993,48574
"46003","Aurora","SD",2020,800173,49.3349906150252,480816,23894,142987,38297,78760,28.4996147686616,4912,6863,3436,18745
"47045","Dyer","TN",2020,946813,35.8241180563346,146329,443634,286741,7042,69485,13.2143148349132,29460,7120,3994,2859
"47093","Knox","TN",2020,491654,43.3613923657686,528498,165771,85675,312988,72780,16.3936632173136,41880,4255,159,239
"47189","Wilson","TN",2020,860341,34.9259220855311,432531,39370,57967,190686,51036,20.9837716200855,46257,4958,3571,26902
"47143","Rhea","TN",2020,223769,47.0440992573276,563607,87323,40416,123312,33147,22.8489117883146,37808,4350,42,40248
"47053","Gibson","TN",2020,942821,43.2699491595849,305923,256309,106555,107412,66753,29.6232928941026,19119,9355,3850,554
"47085","Humphreys","TN",2020,113008,45.5201833322644,323383,106694,244147,51821,56767,22.9170278657693,39214,2377,68,38226
"47159","Smith","TN",2020,745131,43.6853870609775,135003,414669,35306,71312,79681,28.1243634189013,2857,7700,4345,1666
"47049","Fentress","TN",2020,906435,46.4942828798667,663244,48381,41449,223341,32829,18.6655268201139,38727,7807,2781,35424
"47145","Roane","TN",2020,627261,47.8582884697244,412557,487304,2688,171,30631,22.559405893553,376,5422,4275,28845
"47105","Loudon","TN",2020,201059,42.008132012561,600011,281884,282203,132437,31490,5.30430123442784,48403,4875,2465,12927
"47055","Giles","TN",2020,473293,38.5007673548535,139456,417573,203451,388264,59410,14.3256816093344,21409,1623,1694,16385
"47119","Maury","TN",2020,429782,45.3042644774541,88952,188583,68717,35783,72418,24.5717448310461,9768,6309,1252,3773
"47121","Meigs","TN",2020,312846,30.3151831915602,799569,385089,187338,95860,54203,29.5038433466107,33698,398,3537,3403
"47135","Perry","TN",2020,682977,41.2646196223795,468276,114971,164759,154985,58042,7.21654339693487,8507,6202,4025,26120
"47127","Moore","TN",2020,527816,41.0104306973517,648708,645,164620,385375,76486,8.2907540386077,39237,1892,3531,24742
"48091","Comal","TX",2020,329417,40.6726961582899,765202,168723,209394,383395,30054,25.2947933459654,16696,8845,246,39001
"48453","Travis","TX",2020,46244,46.6261323867366,722122,56614,289634,15676,44382,19.729542110581,10876,1191,2476,2114
"48475","Ward","TX",2020,832549,46.9343011500314,524459,71121,36924,24425,93289,28.6388114048168,45356,9712,183,3625
"48161","Freestone","TX",2020,66347,47.0351619971916,732707,87614,76562,310007,95097,21.55160060036,24706,2552,4540,34742
"48073","Cherokee","TX",2020,83078,46.5084656560794,30076,229801,217206,288540,55705,12.1794092364144,25835,6323,56,45876
"48293","Limestone","TX",2020,391123,34.512302451767,279970,271806,27511,286650,54766,16.5441973146517,35751,8513,3126,18700
"48499","Wood","TX",2020,691894,39.5497891958803,672351,122316,167769,385141,59261,8.57881602831185,46455,3328,1488,6462
"48333","Mills","TX",2020,159180,31.0874202055857,55716,341524,190847,318707,99095,25.6447496137116,1172,4432,4397,37605
"48317","Martin","TX",2020,105738,39.1954892035574,212766,85100,3016,327701,56235,11.6936065850314,42111,8155,3038,46456
"23025","Somerset","ME",2020,308710,34.5524837030098,608715,343467,84538,107661,80425,8.25574898743071,24085,7266,633,21689
"24033","Prince George's","MD",2020,246577,46.0363757330924,31796,191979,84977,214360,73396,28.0735445162281,2183,5597,616,28751
"24015","Cecil","MD",2020,681728,39.3017876753584,389605,437648,264073,254864,88309,15.9796011412982,14285,9372,2207,33205
"01101","Montgomery","AL",2020,605424,40.5425794841722,46093,220872,207318,218270,53379,28.0056568048894,37470,4363,3941,47325
"01095","Marshall","AL",2020,148621,39.9596562283114,707748,465673,183603,249302,36069,14.5842157898005,28444,9501,239,37765
"25017","Middlesex","MA",2020,522773,36.5829992108047,488483,357835,195864,213071,99461,13.0243656644598,47158,7352,2049,4370
"25027","Worcester","MA",2020,365724,48.6681912839413,689927,11130,203324,91038,66987,29.5491362584289,98,4162,2020,49554
"26083","Keweenaw","MI",2020,61957,43.2688404619694,306063,386868,132888,11435,76435,18.7477000884246,13983,8154,4875,12991
"01109","Pike","AL",2020,64997,41.1274518864229,509331,225837,210670,42798,65472,28.481360822916,14353,9138,1464,16227
"27167","Wilkin","MN",2020,957646,38.1548265554011,161561,428753,158645,386564,92442,9.87647602567449,36930,5977,538,2995
"27073","Lac qui Parle","MN",2020,479825,33.1202042195946,525539,248696,8207,380532,83948,27.0649432565551,26940,2475,708,5453
"27089","Marshall","MN",2020,853271,34.6190045401454,486370,265802,198206,13076,44238,26.7689566488843,11249,5919,2333,681
"28055","Issaquena","MS",2020,976231,37.3281363165006,146269,243358,276263,74864,65389,23.5371228784788,37577,1795,4894,38059
"28021","Claiborne","MS",2020,733634,47.3151046317071,105976,398450,67708,179620,85569,25.3979223559145,29632,1719,3781,37750
"29013","Bates","MO",2020,54464,39.4844552269205,78661,42051,183250,174696,37248,18.7154437426943,47776,6462,3259,47700
"29087","Holt","MO",2020,132609,32.3487089015543,663206,442391,246527,4491,48563,23.142392829759,15725,7221,517,39428
"30081","Ravalli","MT",2020,250878,39.1833082819358,48010,462664,261575,55860,65740,9.8716977587901,44315,6341,4939,11022
"31095","Jefferson","NE",2020,679154,40.9664967423305,478184,431287,167509,42094,44393,11.382594187744,49572,7626,4778,36889
"32003","Clark","NV",2020,518971,36.5416458295658,610027,484172,68741,118996,84146,10.315970920492,31560,8223,4947,16854
"33007","Coos","NH",2020,587029,39.8673381656408,202230,96484,261937,207326,59840,12.3472612479236,21351,2374,1900,15948
"34033","Salem","NJ",2020,838881,34.3030983675271,556928,418374,103102,357422,67543,8.7724164314568,40260,276,1191,41363
"34021","Mercer","NJ",2020,252237,32.6855386607349,148841,296885,238269,303298,35637,27.5471546465997,48204,3673,4704,46549
"35055","Taos","NM",2020,606192,45.2405620086938,728456,322160,205288,350183,32610,15.242356301751,31206,2058,173,32411
"36013","Chautauqua","NY",2020,26189,38.3372813370079,458528,463331,64816,167323,94360,8.0468005570583,32298,6822,2170,44225
"37019","Brunswick","NC",2020,381732,39.5928183943033,516671,348472,274650,52446,55865,29.0312608540989,13041,5718,2732,18237
"37113","Macon","NC",2020,366722,42.6810779049993,549650,223459,176715,296910,49026,6.91843019565567,30443,4228,3980,10715
"37013","Beaufort","NC",2020,516794,34.7484821267426,73937,329133,19951,230561,35950,24.789016013965,33106,5395,1810,17372
"37139","Pasquotank","NC",2020,376916,46.0803517140448,590823,335809,84428,73127,78781,18.9579083479475,47173,1746,3566,23282
"37173","Swain","NC",2020,9694,44.3702193489298,304483,248022,179623,389144,94577,25.9460764948744,24141,202,1873,15278
"38099","Walsh","ND",2020,29010,37.5653653312474,504323,498230,148415,109163,62373,11.294404680375,21114,6259,2874,24742
"39167","Washington","OH",2020,925266,31.7279993230477,757873,220579,202419,127039,92868,29.8480337962974,21358,4714,4158,31242
"39061","Hamilton","OH",2020,427027,42.0335556240752,407941,79015,64878,222028,72926,10.0276122405194,23737,8743,2265,10718
"40065","Jackson","OK",2020,293815,35.0092113530263,215404,392685,248680,284905,92117,11.8732766609173,14230,3901,3839,10621
"40079","Le Flore","OK",2020,782735,42.3594165360555,597749,486777,142692,48825,96838,15.561526787933,40312,5283,272,36450
"40135","Sequoyah","OK",2020,705944,32.0546524273232,56482,379203,171217,292604,65520,14.7695081785787,46622,3801,435,45822
"41035","Klamath","OR",2020,138632,42.5153858866543,388297,494696,21608,117335,79445,12.3135362064932,13128,6451,1183,10571
"42133","York","PA",2020,522108,45.192659497261,46306,78916,19640,80752,43310,15.7065644988324,48354,3224,3503,39973
"42095","Northampton","PA",2020,835262,30.2259505679831,303501,293926,237035,293685,96026,29.7408060356975,6169,7920,1468,39993
"42127","Wayne","PA",2020,778977,42.5807909108698,277112,307701,114144,369508,68863,21.1548757634591,3167,537,23,22770
"45019","Charleston","SC",2020,20928,37.0756736770272,5567,362253,105075,327551,75691,10.3946393600199,49624,950,1062,1792
"45021","Cherokee","SC",2020,701881,35.2190445736051,509025,472423,21748,101006,60855,29.7320501541253,29936,8956,2155,20054
"46023","Charles Mix","SD",2020,563193,39.6671478683129,682828,474327,257514,215775,53216,21.1700218566693,29094,7886,4423,40749
"47157","Shelby","TN",2020,779790,46.353426114656,424391,374721,126780,277306,71817,13.7162222131155,38123,453,2824,11901
"47025","Claiborne","TN",2020,90420,42.5443583633751,494174,488011,61098,270654,83466,13.5247674607672,19149,2370,1258,49492
"48071","Chambers","TX",2020,799101,39.9568134313449,185946,90842,25092,68063,62834,27.0490065519698,37296,2715,2930,43751
"48323","Maverick","TX",2020,990843,46.7393525736406,826630,20887,107743,223917,81166,13.5133424086962,7629,1501,1371,34357
"48203","Harrison","TX",2020,796923,31.4014987740666,442591,45172,131980,375118,96036,20.15916895587,30885,7374,4388,30487
"48037","Bowie","TX",2020,848523,32.0540580153465,107047,447058,188523,347804,58619,28.720713541843,44778,1235,281,20753
"48277","Lamar","TX",2020,713278,32.0920001436025,31092,267355,163495,276553,63236,29.7192500450183,4827,3109,1949,8001
"48359","Oldham","TX",2020,282715,43.5693189222366,622685,459828,270531,22715,80004,8.14314269344322,29674,9499,1101,40628
"48315","Marion","TX",2020,172917,49.6973197115585,881913,283049,168308,249901,50563,27.1908855077345,14977,8960,799,42182
"49019","Grand","UT",2020,888935,30.8839227631688,259922,78604,196208,214391,60479,13.8754813652486,34191,3366,41,859
"49045","Tooele","UT",2020,951747,41.5790402283892,786900,79304,57665,244489,63263,17.2353604005184,47507,6932,2345,49677
"51099","King George","VA",2020,747657,37.3256183369085,128703,327998,47160,384326,55440,10.0438603793737,23641,7240,900,2228
"51027","Buchanan","VA",2020,961612,49.6604569116607,298715,4998,226152,47752,64338,19.5150259777438,11463,5230,2167,21177
"53055","San Juan","WA",2020,52956,44.5004402147606,824106,96769,76930,74567,41761,23.623802124057,19474,5866,2613,34058
"53011","Clark","WA",2020,513566,48.7552414601669,672865,203297,8597,374322,93459,11.5653101657517,7394,7748,4849,18890
"53045","Mason","WA",2020,460895,30.9951452491805,31652,135869,11972,164129,67445,6.99741169344634,9812,5548,1918,36167
"53019","Ferry","WA",2020,706811,40.1911661354825,151574,374783,50606,325437,64490,16.4000808156561,31017,5547,1839,46965
"54037","Jefferson","WV",2020,451089,38.2788858003914,486466,397519,257465,279952,62755,27.651056322502,46490,4240,4582,46456
"55051","Iron","WI",2020,114746,33.0177192343399,872598,150311,102929,382337,31138,22.0204801484942,41762,5334,4602,5799
"55007","Bayfield","WI",2020,64871,43.4670264134184,717626,196546,126165,39670,54359,9.9946109065786,31698,9237,615,39287
"56029","Park","WY",2020,619292,36.3858504872769,502746,127562,288696,368408,75167,28.4940126829315,18676,9957,300,45404
"78030","St. Thomas","VI",2020,915972,41.4310789946467,239251,4450,161573,73767,55214,17.5483953393996,28398,4426,2770,49478
"04025","Yavapai","AZ",2020,231249,38.189032827504,178294,201904,62231,164926,41553,20.0533944019116,9932,9493,1548,666
"49029","Morgan","UT",2020,639964,35.5289824632928,269122,141831,42702,182941,70052,11.4091399894096,42199,1442,4498,24943
"49011","Davis","UT",2020,972505,33.4555920958519,858974,302168,82082,37931,48181,5.05669445963576,42354,8052,2200,1784
"51031","Campbell","VA",2020,367356,35.3500317921862,859604,143391,199142,364038,88402,19.3484273925424,25390,4552,1050,12250
"51075","Goochland","VA",2020,680751,40.2190882572904,122473,31370,72752,113598,62369,19.4423185032792,13890,8229,4383,41262
"51033","Caroline","VA",2020,885540,45.8789149252698,608075,61452,257801,272990,81798,10.0757345336024,43274,9238,2544,28647
"51155","Pulaski","VA",2020,49377,46.517071640119,362162,335440,176891,355445,31509,21.3067850226071,38061,2669,2482,15103
"51161","Roanoke","VA",2020,238840,43.8122458988801,788106,341538,206480,387991,75180,16.9520266132895,3642,689,172,30174
"51149","Prince George","VA",2020,460863,45.1327425288036,472001,230668,144403,390889,34956,13.6726988083683,42349,9144,4783,36740
"51147","Prince Edward","VA",2020,948812,37.0195068698376,850851,30780,251363,359269,96096,7.69669246044941,43287,379,1099,19092
"51157","Rappahannock","VA",2020,804574,33.8159237056971,199862,333954,35904,364299,62072,12.2407524799928,20546,7643,3206,3524
"51029","Buckingham","VA",2020,572124,43.7622848479077,344437,72889,223533,10202,41876,26.4344614651054,1346,4139,130,7234
"51660","Harrisonburg","VA",2020,248566,31.5550220943987,822874,488162,160133,260881,41618,27.5958798080683,9762,9651,889,40103
"51007","Amelia","VA",2020,469920,48.2446102192625,163464,340270,81480,386064,83260,27.9731384606566,5408,2823,1670,26161
"51097","King and Queen","VA",2020,113984,47.5922813918442,855813,284780,145718,103500,32120,28.2722505636048,4166,9544,752,26110
"53077","Yakima","WA",2020,650901,32.3820620635524,36629,12442,296218,386742,83926,24.7694084490649,44666,2941,2671,13137
"53017","Douglas","WA",2020,447336,43.9731441950426,212416,224362,118628,271014,38359,11.9170483038761,42202,6615,1006,2937
"53041","Lewis","WA",2020,977647,41.9729125173762,626815,143200,111160,188765,48313,14.9587064934894,40326,2901,2564,17896
"53043","Lincoln","WA",2020,582815,38.5833936370909,887731,22830,162299,141663,45352,15.4650019959081,48527,9411,1526,6824
"54021","Gilmer","WV",2020,127062,45.9717787941918,395259,286270,183546,56025,46708,26.9942159426864,4668,7171,1254,22334
"54045","Logan","WV",2020,138230,39.7820140002295,534325,206175,75299,123589,95852,15.8331378025468,18044,2414,2791,10708
"54081","Raleigh","WV",2020,230744,39.3456847313792,723870,26533,25937,154763,53469,11.4389931445476,35685,8892,878,25974
"54093","Tucker","WV",2020,461822,33.834085771814,771403,275218,252517,392074,92981,16.2606722745113,25044,3783,2284,40878
"55133","Waukesha","WI",2020,519837,45.1882930099964,27907,144857,142004,276260,81867,9.73274576943368,28286,3874,4203,33338
"31091","Hooker","NE",2020,56926,42.3212971584871,124694,230929,239028,255099,32342,23.0264322145376,15473,8833,3192,8866
"01003","Baldwin","AL",2020,881734,31.9932526210323,72046,480984,33621,368416,75269,27.7771102508996,29271,4873,1193,49178
"01129","Washington","AL",2020,626674,45.3591398475692,627148,333432,289885,110967,55571,20.8251306624152,32376,4477,3248,48956
"02122","Kenai Peninsula","AK",2020,186931,44.7087360033765,744816,84501,267510,379805,33323,18.4261289378628,41448,8162,3014,33713
"05139","Union","AR",2020,173213,46.484695430845,733631,146923,78302,67311,65382,29.3551578721963,39700,1311,4468,20413
"06073","San Diego","CA",2020,919911,31.0006184317172,538046,451073,111826,195636,32009,20.2892021636944,21717,7956,4658,25395
"06081","San Mateo","CA",2020,933472,43.2896863762289,308335,396509,204293,263419,99879,21.5678224526346,39243,2114,4613,45345
"06091","Sierra","CA",2020,686307,43.3691088203341,751155,236047,269095,71106,48353,22.0364649675321,3097,955,2456,30412
"06017","El Dorado","CA",2020,589523,38.7905165506527,834192,56197,20021,22912,77608,28.850886739092,27863,4767,885,30488
"06007","Butte","CA",2020,973271,41.8249764898792,826152,191507,69541,38591,42581,24.3893154966645,5823,3213,2175,6429
"09170","South Central Connecticut","CT",2020,703449,31.5477682370692,476797,200873,241814,349924,83137,23.2156094000675,32465,3321,4278,36709
"06109","Tuolumne","CA",2020,496532,43.821547748521,741583,374367,212025,267037,89404,14.2804159736261,25320,9625,4091,33017
"04021","Pinal","AZ",2020,19873,39.8813851037994,83720,406915,253098,395339,89484,14.8040970799047,17578,6557,640,13867
"12075","Levy","FL",2020,108218,47.1197722619399,695850,57999,252939,169835,95391,17.107602256583,45333,4787,1307,16410
"12045","Gulf","FL",2020,152522,38.3090094057843,27110,106725,131970,41301,75964,14.6288472996093,4183,8540,2906,15139
"16087","Washington","ID",2020,815052,45.3637582901865,273099,409770,221212,366692,88261,9.50925933546387,3655,2509,1623,8107
"13073","Columbia","GA",2020,714225,36.6730738198385,724268,254419,22483,107712,32989,17.2277971822768,40894,305,4366,43211
"13313","Whitfield","GA",2020,107211,39.6011234680191,720480,293497,205917,260895,50074,18.8311659917235,46428,7296,1323,34014
"13143","Haralson","GA",2020,491795,35.9878811612725,35810,282982,263945,332671,46612,11.9706172216684,48808,6242,677,32758
"16073","Owyhee","ID",2020,595904,48.9030649652705,641073,402707,110168,213579,54003,28.4332910564262,15779,4832,522,45865
"16043","Fremont","ID",2020,123214,38.5581697337329,663124,200031,174485,47722,55642,7.50733994762413,25190,8892,4362,11691
"17003","Alexander","IL",2020,924612,41.4377329126,543324,403455,228428,77817,45714,20.8994637662545,49053,2332,869,24415
"18047","Franklin","IN",2020,27395,48.0759524973109,599403,121298,278096,371631,94468,18.1870695040561,47456,2461,4131,12473
"26089","Leelanau","MI",2020,127892,41.8193877208978,142958,282951,91241,341111,92807,20.3374749119394,1055,6210,1901,39577
"18147","Spencer","IN",2020,936249,36.1095821484923,246931,214789,217106,259561,79610,17.1714832086582,44610,3848,409,19736
"18183","Whitley","IN",2020,107375,49.6500239567831,514236,107800,235553,121322,63486,28.7719163647853,33844,9219,3173,33651
"08109","Saguache","CO",2020,125217,35.1627133507282,605857,27299,89141,156796,72707,16.0262497270014,35920,5835,2389,36662
"26121","Muskegon","MI",2020,284201,39.6972915623337,272303,474219,174936,1205,33724,7.4891356646549,49544,5368,2211,33769
"21133","Letcher","KY",2020,229300,46.6154277743772,684521,99093,101863,398740,83690,13.4410238079727,42000,5525,3585,29275
"40125","Pottawatomie","OK",2020,913708,38.7201379099861,310395,92714,71375,241115,84646,19.0191480051726,25880,974,3991,36313
"08043","Fremont","CO",2020,738661,38.7768443487585,303490,282147,37851,299955,36471,8.43662645900622,13750,1528,223,10504
"26047","Emmet","MI",2020,221540,48.2374394638464,759834,209475,167425,47956,43753,16.2564735172782,37063,9991,1193,4908
"08013","Boulder","CO",2020,654673,49.1647832421586,741902,70897,137780,359266,81127,15.0601525045931,25645,9773,138,29809
"08049","Grand","CO",2020,522185,41.4875680487603,271474,329735,192515,255558,74097,21.4475302153733,24190,8094,574,27500
"22045","Iberia","LA",2020,867110,33.0155393248424,420598,431954,237776,241088,84336,27.9334635892883,32208,1184,3362,41115
"22107","Tensas","LA",2020,977214,39.9244831316173,774570,114597,154149,179093,51111,14.629183303332,8981,1098,1420,34383
"22019","Calcasieu","LA",2020,496162,41.3196064159274,627607,250333,98133,399260,38358,6.29066864028573,44834,3035,2327,7890
"22125","West Feliciana","LA",2020,126362,30.1024013478309,76657,395946,16106,286248,54985,27.5823516841047,15799,2373,1315,17552
"02158","Kusilvak","AK",2020,636735,39.8023103922606,606051,285603,106045,31351,93447,8.23210304486565,32926,7684,195,45752
"42029","Chester","PA",2020,950968,30.1628868049011,443683,219489,199911,38778,90143,7.05850242637098,41368,7188,2683,3101
"45029","Colleton","SC",2020,657852,40.3618386248127,208290,378061,165574,168210,93210,27.8925957344472,21289,2168,2488,35893
"16007","Bear Lake","ID",2020,436227,33.0578203639016,83323,88276,115831,327000,47432,18.5627996525727,25148,4373,715,46418
"17185","Wabash","IL",2020,609932,37.893141657114,830506,304312,22459,308125,72035,8.63895470509306,10876,7923,3285,15275
"17129","Menard","IL",2020,514822,46.1832261178643,181791,376172,224532,112937,39532,23.0317787453532,49441,2546,3395,24879
"26163","Wayne","MI",2020,323955,38.3715994190425,208053,335907,38996,134465,46751,8.07230342878029,32351,4043,2669,46363
"18083","Knox","IN",2020,304022,40.3124100575224,326189,355639,89588,324986,40042,5.58098512236029,39929,4491,1988,42120
"19195","Worth","IA",2020,588520,43.692720127292,330757,270256,284984,217884,37019,5.70949794608168,25325,1390,4073,44625
"18073","Jasper","IN",2020,771660,45.357644977048,237287,329807,59356,347690,54757,16.1852546862792,4767,7567,2812,41791
"36047","Kings","NY",2020,520496,48.9116320991889,424363,94856,66300,232712,57180,26.054319065297,19012,2227,2611,48780
"26055","Grand Traverse","MI",2020,677522,44.20439847745,438260,326795,207677,139685,33929,15.4393113055266,38675,7188,3035,32709
"40087","McClain","OK",2020,527368,46.1019172985107,134722,441421,85922,135687,67828,21.5846594434697,7435,3306,1853,16845
"36043","Herkimer","NY",2020,341096,45.6781528471038,409990,191957,69697,241419,91845,10.0846457772423,37173,7272,2006,41966
"21059","Daviess","KY",2020,918156,46.3091024570167,583167,457499,65180,343733,66256,8.4025602741167,38135,2346,4604,20808
"26053","Gogebic","MI",2020,675571,34.5684802113101,389452,334705,233661,42733,43013,7.3935446923133,41067,2920,3988,32564
"05041","Desha","AR",2020,50605,32.038484653458,64434,83087,228477,235565,44244,10.6691139237955,27112,6569,2454,40131
"06011","Colusa","CA",2020,674859,48.6631332151592,653937,110545,29736,126928,71060,21.7580006760545,4658,9809,2861,38480
"12083","Marion","FL",2020,645195,43.0389872193336,694131,401425,167349,190481,81561,5.95447941566817,14260,5438,4288,31107
"12049","Hardee","FL",2020,926059,32.1266867034137,841133,483030,159304,47398,93335,21.2683446833398,24644,7372,747,7622
"12125","Union","FL",2020,39623,33.4680803399533,353898,94841,103744,171943,60890,8.44720702851191,17450,8043,1669,42048
"13311","White","GA",2020,492909,35.9277276415378,474956,366271,178733,128235,93112,5.49647061387077,1291,5758,627,1438
"13151","Henry","GA",2020,334250,42.5537549331784,745958,455901,4386,189427,76350,22.230100708548,35111,9035,2616,9405
"13105","Elbert","GA",2020,815531,41.174021018669,40509,391351,276874,311087,34322,29.0661945310421,45677,2625,914,26110
"13303","Washington","GA",2020,889763,49.2452025273815,886416,193411,183461,18224,51200,10.499737651553,957,5898,1640,19871
"13149","Heard","GA",2020,172005,39.1526259249076,540102,236006,72736,282844,73769,12.6041406369768,20396,7964,2588,44059
"13229","Pierce","GA",2020,735690,32.2699508164078,766909,384824,17957,389444,94662,16.8987755384296,11956,3304,1511,28384
"16041","Franklin","ID",2020,765286,42.5156856700778,231100,337078,284677,84281,72852,9.78352883947082,36726,1052,1799,7659
"17175","Stark","IL",2020,685155,48.8941651023924,91322,68237,295302,105171,75635,7.87849509622902,11820,9365,1744,5941
"18041","Fayette","IN",2020,64126,38.9682364836335,132648,407962,31946,363114,83237,5.46346259769052,20202,4069,3430,38669
"19127","Marshall","IA",2020,207399,48.7744457647204,709450,265979,114461,178295,43029,27.6709732203744,20248,5793,2370,8144
"19021","Buena Vista","IA",2020,358612,40.322153144516,682875,478193,145703,254576,92655,5.00730816391297,14555,5511,4477,30106
"20161","Riley","KS",2020,250740,46.2981910165399,279426,98670,153192,113545,54354,26.6815043007955,41043,1988,2939,7990
"21151","Madison","KY",2020,360672,45.8022574568167,219495,133407,176221,13455,63212,22.732472991338,25821,6854,4225,3526
"21013","Bell","KY",2020,532047,49.3024143343791,534286,489601,110974,3898,30875,9.74056788953021,38201,7274,2739,3881
"21125","Laurel","KY",2020,825637,40.8804744994268,881522,417482,86991,192284,46750,25.4834655683953,16050,2596,3959,10361
"21183","Ohio","KY",2020,989069,48.93444837071,538770,329636,163940,278074,58025,19.168836484896,28299,7610,4958,27180
"21055","Crittenden","KY",2020,668312,48.7313726218417,348356,358365,131443,334641,87964,17.721041199984,45741,7160,242,38006
"21231","Wayne","KY",2020,206496,48.4130923682824,365319,34559,205848,188562,31315,15.3809621243272,37087,7971,2183,13425
"21131","Leslie","KY",2020,127794,37.2508903034031,700123,315347,259706,182758,35239,21.0672489495482,4582,2039,1871,13033
"21189","Owsley","KY",2020,788149,47.1445517288521,660162,152436,246309,24181,48018,5.42784215183929,49537,8476,2646,5625
"22071","Orleans","LA",2020,169433,35.040198136121,375070,490942,172926,285355,73703,23.8804762961809,22618,1938,3674,31750
"22099","St. Martin","LA",2020,121045,35.4556336160749,111899,430011,236122,198005,70756,13.3407305122819,29658,3417,4865,34784
"22039","Evangeline","LA",2020,738687,45.2547069173306,782975,63928,129593,289645,83015,10.408058775356,39765,6223,3276,44228
"23021","Piscataquis","ME",2020,874479,43.782197162509,88046,114766,162776,200550,66239,23.1588938517962,26352,616,4983,29795
"26135","Oscoda","MI",2020,716356,48.2079120539129,718341,341577,278140,272500,53306,15.8709250402171,28852,8796,521,3245
"27015","Brown","MN",2020,555235,36.9168491894379,684991,423010,81582,351682,44819,16.8441639409866,38823,5044,1937,19835
"27145","Stearns","MN",2020,110735,38.2148899044842,863579,489584,17031,99013,85957,7.92234855587594,46035,9748,179,19116
"28111","Perry","MS",2020,631264,40.1630379632115,338478,377214,208167,98942,37961,15.0786157359835,4551,4433,4561,8491
"29041","Chariton","MO",2020,45806,48.244253876619,796598,220274,83760,226233,35653,20.8661452878732,1328,1148,3739,20357
"29027","Callaway","MO",2020,299636,48.4714247612283,443632,112888,156492,78348,87565,11.6778117266949,7986,1675,3818,28180
"29075","Gentry","MO",2020,753551,46.2603990640491,253806,374535,253486,178073,88127,22.9021220479626,33028,6878,1764,40707
"29029","Camden","MO",2020,434375,41.6843047691509,120191,52665,141969,152906,54043,14.0405247523449,37503,2611,3276,888
"30007","Broadwater","MT",2020,936830,47.7658777544275,855677,108895,87100,283393,31250,27.4510360567365,43218,8633,3977,38849
"30025","Fallon","MT",2020,515641,41.6715638246387,401746,182011,34573,36503,39252,27.791229566792,9859,2769,1025,21878
"31171","Thomas","NE",2020,805733,44.5975620765239,256193,495221,50754,74155,60540,7.14515798725188,40644,8506,1395,10257
"34035","Somerset","NJ",2020,776903,32.1688083792105,726721,370292,11875,22810,49738,27.7592119306792,8502,9432,36,40136
"37101","Johnston","NC",2020,367872,45.2598987985402,114874,55314,290437,203098,73041,21.2222006823868,25172,5842,2801,10400
"37099","Jackson","NC",2020,941038,46.3183094467968,646126,497480,118346,213444,59472,14.008963505039,26805,2027,4039,6918
"38083","Sheridan","ND",2020,731633,39.193162037991,302268,325335,213577,205073,97816,15.9639389847871,6717,9334,771,12778
"40145","Wagoner","OK",2020,963444,48.2797633158043,883293,489611,48569,186733,93064,7.21958223846741,47494,5715,3720,44187
"40133","Seminole","OK",2020,551202,35.8206798369065,564858,119796,262896,33699,36978,13.0332962155808,30855,6202,2793,27121
"41013","Crook","OR",2020,994796,36.5570487547666,381222,88524,208946,244319,87116,28.6464388144668,15289,8706,1972,47007
"41061","Union","OR",2020,289364,33.4262046590447,64618,211338,151668,369520,83797,7.74036226910539,26567,9044,823,15699
"42091","Montgomery","PA",2020,100305,33.3822710067034,4220,478178,161692,268217,77171,26.7549259425141,43053,8433,3601,37002
"42013","Blair","PA",2020,576564,47.4723071604967,533080,149477,99818,316894,76284,17.78458108427,19279,9434,4220,39749
"42033","Clearfield","PA",2020,679740,39.7193880472332,471663,394382,119871,366120,57773,29.3011018726975,9679,522,3061,29722
"42113","Sullivan","PA",2020,552305,36.890069511719,422384,385827,43778,49303,72759,13.5464032134041,22845,6707,4561,47662
"45047","Greenwood","SC",2020,146985,42.380916965194,591833,443490,37493,19261,99533,24.819246098632,40013,8371,1744,48635
"45067","Marion","SC",2020,637709,37.1246904833242,666810,147096,163591,215139,85094,21.3567732670344,9482,6897,1127,9587
"46137","Ziebach","SD",2020,406356,30.6330237491056,574763,234440,88566,192381,64707,28.8081240095198,12294,9441,1155,29030
"47097","Lauderdale","TN",2020,76793,33.1047142716125,889032,280311,209568,153036,75839,15.4671075881924,16277,805,3,45891
"47063","Hamblen","TN",2020,651344,31.4969255495816,649423,361394,180830,306614,80796,28.0451035255101,36706,5596,1346,7212
"47173","Union","TN",2020,329516,38.0881089624017,119715,450004,161886,194250,73535,11.39785209205,7600,8547,2050,36685
"47057","Grainger","TN",2020,944838,36.0091291321442,766735,138388,184720,85582,46823,21.3130434113555,22820,2215,83,10916
"48135","Ector","TX",2020,230736,33.3330593025312,209430,22740,140545,276402,75156,16.5330601169262,39728,8069,604,45108
"48401","Rusk","TX",2020,490569,49.2400896036997,676507,353161,109034,375773,83062,20.337547386298,42894,35,4066,2452
"48103","Crane","TX",2020,227266,37.8145724534988,637160,492951,66799,329598,73300,20.1978697918821,48600,763,67,9888
"48115","Dawson","TX",2020,886915,36.2297958368436,363915,32852,267572,158274,83182,24.9679839948658,36530,7318,2262,48650
"48089","Colorado","TX",2020,789739,40.7967698201537,821012,132709,25610,20878,90723,15.8123546408024,4262,3994,2882,45607
"48287","Lee","TX",2020,161921,38.1778442813084,170395,179975,17956,117003,40580,8.27867364394478,6643,4774,986,31497
"48347","Nacogdoches","TX",2020,993672,35.9907013177872,429595,433863,121356,101042,98946,27.2148166969419,43514,3568,93,17544
"48025","Bee","TX",2020,500485,49.1968531440943,734673,75815,34100,278138,80430,23.0509191879537,8125,1677,4710,28498
"48405","San Augustine","TX",2020,283998,32.5709797954187,785842,459076,84033,185097,81431,18.9489136461634,45839,5447,4224,29666
"48319","Mason","TX",2020,897307,30.493479128927,51107,99354,132941,266156,74121,20.0387213216163,18907,9544,2747,6794
"48173","Glasscock","TX",2020,642351,42.4788406072184,27190,208541,45009,123506,62253,28.9666677254718,3802,883,922,28967
"49007","Carbon","UT",2020,259346,41.5953542012721,683706,175493,189547,90959,82625,12.2995467286091,18314,147,1366,15732
"49017","Garfield","UT",2020,530232,30.8807248016819,314098,135673,84335,195426,85109,5.34097032039426,46440,4723,182,24929
"51041","Chesterfield","VA",2020,806380,36.3818555418402,581363,152940,151786,390594,48846,24.3779444205575,6714,5663,416,32977
"51177","Spotsylvania","VA",2020,635332,33.4414919884875,98717,141949,54259,315762,94207,10.6063030846417,3100,9335,2901,5835
"51163","Rockbridge","VA",2020,923363,45.2338631544262,704385,29035,157601,327175,37010,28.9616764592938,27977,3378,1234,4504
"51023","Botetourt","VA",2020,14597,32.5505043612793,283380,282516,165684,316939,57668,10.12040258036,33551,5202,810,43629
"51137","Orange","VA",2020,148435,39.5923193870112,882684,365150,3706,354052,89062,7.34724968322553,40376,1012,4550,1602
"51063","Floyd","VA",2020,682597,48.3655476616696,565998,164729,158701,351031,53656,21.7887103569228,30804,2439,4162,6682
"51125","Nelson","VA",2020,68554,38.3351710531861,785699,77702,276883,138038,67552,18.5954087309074,46363,6841,1513,26133
"53037","Kittitas","WA",2020,878308,46.4018863905221,650364,278123,253514,119832,71495,7.01001103268936,31976,9266,2405,23665
"54039","Kanawha","WV",2020,215792,30.7882934762165,597420,197444,206832,25669,81503,7.48143152566627,10717,9374,1248,45962
"54049","Marion","WV",2020,753279,33.5448452457786,251309,314586,280058,84133,39835,8.46158952452242,19199,3478,1106,22690
"54109","Wyoming","WV",2020,28037,42.9488703794777,56792,164024,226885,181452,32817,9.26043845945969,43327,2269,2758,15983
"55001","Adams","WI",2020,151253,41.5773191768676,593472,102289,116792,73096,37686,20.2887303440366,4730,7560,4005,30438
"60040","Swains Island","AS",2020,20995,35.9738882724196,372977,460038,283664,124184,42341,11.2332633475307,40982,3496,2443,10590
"66010","Guam","GU",2020,426682,35.7991567254066,796977,337921,253693,238349,60976,14.6881355915684,4350,5960,4424,39606
"69100","Rota","MP",2020,856644,43.7004950223491,586078,109908,252554,397305,73317,5.77906060614623,12171,9421,3423,29160
"72141","Utuado","PR",2020,128977,31.4439564011991,628857,316788,144501,215889,72040,8.98284844122827,18529,5341,1582,35076
"72003","Aguada","PR",2020,387370,40.1062535913661,551517,262816,89432,158734,89793,28.6774249002337,37408,3709,3924,781
"72023","Cabo Rojo","PR",2020,64870,35.0565150147304,840662,73510,63882,174355,77525,9.46747690439224,44328,649,3170,20537
"17097","Lake","IL",2020,26991,32.9051224049181,170892,62459,190218,220791,82276,26.3181788858492,10162,1667,4669,41684
"17029","Coles","IL",2020,719690,45.0020803697407,87256,30156,130729,15536,90841,13.7284241046291,6368,1188,1878,31599
"05009","Boone","AR",2020,174855,36.6580565227196,236509,31606,39134,156961,80876,5.58868887717836,9347,7563,905,1740
"06059","Orange","CA",2020,889373,32.7076078718528,21770,315451,117775,222182,78932,12.5022997858468,24029,9782,3576,49785
"06041","Marin","CA",2020,968138,44.3487276975065,874830,142687,41441,240677,36946,8.94262328045443,27125,479,3998,16146
"06085","Santa Clara","CA",2020,128228,42.6415813295171,779980,201943,34754,288550,47243,11.1280043213628,499,8100,4506,34484
"06077","San Joaquin","CA",2020,747874,34.7765287011862,702542,148384,219294,399637,74967,21.8325917096809,22535,6211,2639,20315
"06019","Fresno","CA",2020,768060,48.7036296119913,269017,35808,245261,295860,89590,24.7752942913212,314,5718,2116,45370
"09180","Southeastern Connecticut","CT",2020,450327,37.2596175968647,685271,198464,94035,367235,87789,20.9969490021467,30547,5763,4302,6656
"40089","McCurtain","OK",2020,130794,43.65632167086,566553,357581,156990,292098,37494,29.7548515675589,48075,8923,4668,13970
"41019","Douglas","OR",2020,886025,31.9026248157024,674071,463614,100344,248563,41061,15.5882497038692,3643,6561,4718,27013
"41051","Multnomah","OR",2020,741614,33.1384327309206,454178,302605,131332,364501,85968,29.741003359668,32764,9141,2086,11695
"42111","Somerset","PA",2020,900030,36.5738576231524,111855,454308,105609,307105,65257,11.6669000836555,38141,3964,3650,12988
"42101","Philadelphia","PA",2020,918971,41.7273907270283,726196,100862,113803,126593,54227,7.53970600897446,19575,26,4562,3230
"30015","Chouteau","MT",2020,373841,43.3301149494946,69306,6664,115365,48701,75719,25.8754106191918,34134,8098,3919,25892
"30073","Pondera","MT",2020,386172,34.3106585461646,123983,493065,237270,253224,63597,6.96492613176815,42255,7911,4288,7253
"31155","Saunders","NE",2020,894514,36.758726220578,382625,488973,88965,304994,89943,10.3828710049856,42859,1892,4512,18145
"31085","Hayes","NE",2020,32184,31.5785951074213,673234,295480,52768,3537,64056,8.18360115634277,15267,644,3164,7468
"36111","Ulster","NY",2020,63364,30.6480288924649,121739,444575,241068,25493,44761,20.2435317519121,13448,9610,1563,2588
"37167","Stanly","NC",2020,353536,32.582829259336,678870,390815,86340,316428,62966,14.8642006109003,22005,8888,3905,6799
"37193","Wilkes","NC",2020,28009,30.4260731348768,382897,9185,145174,395497,73552,29.4053389818873,32860,7428,1544,21838
"37117","Martin","NC",2020,175784,47.4800607375801,655047,132113,178113,268678,88983,6.52051168261096,4845,1279,1126,26671
"38071","Ramsey","ND",2020,387475,31.214443128556,896908,269351,85079,65802,45636,20.6169869122095,6472,6237,1795,48001
"39127","Perry","OH",2020,150046,39.7290437016636,441403,65505,179853,40456,75402,13.0016375170089,27438,4636,714,49325
"40117","Pawnee","OK",2020,838773,44.2062453366816,470000,334285,253307,384154,75056,16.7513679724652,3861,9173,2866,8152
"41023","Grant","OR",2020,362301,31.054007532075,298009,417570,233540,394791,51928,12.1126178372651,17490,158,3200,37936
"41003","Benton","OR",2020,335062,32.0163504499942,482424,384994,190970,196450,83408,6.23529764241539,21115,3727,4319,37883
"45049","Hampton","SC",2020,78044,30.1259717624635,776185,136037,48425,168979,74447,25.5122376733925,47650,4561,2604,31345
"46093","Meade","SD",2020,586161,34.0460907947272,422929,490157,128010,259798,52100,23.485839292407,22364,7498,2826,44971
"46041","Dewey","SD",2020,881077,34.8698873678222,516503,270804,47677,18147,77714,8.35828814422712,49234,4503,1060,8424
"46117","Stanley","SD",2020,642055,38.7107876781374,180992,185867,16686,383970,96332,24.2023233394139,10896,8869,2621,27537
"47059","Greene","TN",2020,427521,43.1646744068712,285768,296899,59728,392391,84536,25.7056331681088,45158,1582,4594,33701
"47031","Coffee","TN",2020,979979,38.0091929482296,136874,419652,205630,132816,45890,23.0576078011654,25105,4785,4379,31818
"47187","Williamson","TN",2020,435290,38.2200890453532,823948,414277,64032,307993,93987,24.9058523052372,12556,9283,147,44897
"47037","Davidson","TN",2020,169101,45.3256081370637,2016,46321,100252,203598,77170,23.8799023104366,19490,1723,3752,29670
"48339","Montgomery","TX",2020,198834,39.3740188609809,652169,273369,129159,221522,85602,23.6435651849024,15622,2623,2253,47716
"48227","Howard","TX",2020,386233,45.5223468039185,794583,118275,60249,174615,33841,21.6397926514037,35540,198,4563,30013
"48289","Leon","TX",2020,921601,47.1172526106238,4198,253731,21313,367574,93013,16.3731396500953,3772,3242,4791,5321
"48241","Jasper","TX",2020,371336,30.7955810241401,217963,94240,227697,365656,59832,12.494179304922,46546,2467,1578,18677
"48449","Titus","TX",2020,11633,33.6432820884511,603136,278250,38823,191990,36890,8.37250164011493,20189,941,4976,27414
"51127","New Kent","VA",2020,399464,34.6282610902563,463403,72591,203418,229340,99111,5.81103934207931,31180,9671,1376,49795
"51103","Lancaster","VA",2020,714487,47.1837300015613,694637,186534,227296,4897,62513,24.4129006296862,16515,6809,1288,40075
"51139","Page","VA",2020,200064,40.8327222196385,491330,264925,277537,82435,90153,13.1121583585627,41641,7666,3564,29968
"51017","Bath","VA",2020,61884,41.3632945017889,248010,375786,147190,380593,35326,21.4395091822371,36418,3265,4848,18007
"51036","Charles City","VA",2020,448170,38.7803425686434,256410,413939,137912,347131,98622,14.0570862987079,34822,7388,1458,28046
"53021","Franklin","WA",2020,877326,35.5556848691776,354053,248728,12056,147088,56750,27.2908361756708,38171,3281,964,37098
"53025","Grant","WA",2020,831781,44.9223929690197,160627,296151,189399,362952,62273,27.7456107561011,6193,5144,4377,32357
"54087","Roane","WV",2020,726960,34.3524642381817,192175,274196,240603,397565,73110,23.4759603114799,19273,2894,2487,36531
"55057","Juneau","WI",2020,126987,43.6304325144738,495332,89930,182685,337506,72119,28.5961148922797,1769,7457,987,37126
"56013","Fremont","WY",2020,991532,46.493711671792,377685,395029,232302,268316,55902,23.5039006522857,46940,2688,531,9094
"05003","Ashley","AR",2020,626297,49.4195151561871,110808,221208,225360,319259,34095,6.23630601447076,25940,5211,4851,14953
"06053","Monterey","CA",2020,900876,36.2819589115679,840862,46539,125415,51716,40660,27.5076768430881,6512,7712,2123,20284
"13027","Brooks","GA",2020,268087,49.7120791999623,812162,132777,175547,200501,76187,6.30129705066793,42587,3170,4653,299
"16079","Shoshone","ID",2020,927267,35.3328574215993,214429,25599,117218,243730,44517,26.2679093994666,18016,6180,2370,8332
"17189","Washington","IL",2020,461714,30.8352925581858,107472,57552,82874,324575,62587,7.51806593732908,40477,5053,818,30411
"18089","Lake","IN",2020,318651,30.0972319766879,415957,479511,183323,9524,57715,8.45079494873062,43003,8599,1248,34133
"26029","Charlevoix","MI",2020,458224,32.7038222970441,441016,117832,94927,106921,30390,9.31861643446609,34561,57,1095,29332
"36081","Queens","NY",2020,96470,41.9083438487723,392611,26005,91426,145376,96542,23.4990412381012,33286,2583,4803,12123
"21007","Ballard","KY",2020,114841,32.8807495301589,349172,67690,21921,222412,94495,14.5638150873128,33361,5574,3508,8706
"21089","Greenup","KY",2020,853464,45.2201216295362,269238,363073,57810,58777,67653,21.232253331691,3655,7186,4735,10000
"08005","Arapahoe","CO",2020,71730,31.728592030704,297158,399913,239015,298625,75616,20.8432728727348,10069,5588,4719,8185
"24025","Harford","MD",2020,170926,32.3461675085127,376741,363982,268648,399448,44395,23.5629715910181,4930,1777,1679,4441
"01117","Shelby","AL",2020,867303,34.132632878609,821071,85630,236224,35840,47074,18.0665276781656,45121,5391,3640,19593
"25011","Franklin","MA",2020,629403,48.1328954035416,623094,10391,180002,266266,58400,25.0001840828918,46281,3858,4098,11986
"29227","Worth","MO",2020,393911,46.6170575609431,14258,171699,249492,125135,80658,16.6599482658785,32965,2608,1271,36242
"37133","Onslow","NC",2020,353695,30.395149118267,509976,61975,299298,235138,86570,10.1108379964717,10456,463,1583,22537
"37131","Northampton","NC",2020,186500,34.926416692324,229082,285291,115200,353145,69211,5.90960320085287,31536,1039,2179,47311
"40141","Tillman","OK",2020,19554,41.2904044287279,358352,429505,249831,23577,55170,20.2463942882605,36572,1688,3741,41644
"42125","Washington","PA",2020,575517,44.8376514622942,149636,415923,93321,217901,41772,24.8410754848737,20010,5793,1846,22162
"45073","Oconee","SC",2020,48682,46.3491948368028,56271,152455,122055,398425,86423,6.42817402957007,37259,2056,1861,953
"48403","Sabine","TX",2020,877546,45.1207635737956,515681,418813,55847,364608,98396,19.6102743165102,8959,2450,1004,34286
"22105","Tangipahoa","LA",2020,481658,38.5635343845934,187918,497921,164352,103396,70990,23.8204452279024,14320,1945,4504,11001
"23027","Waldo","ME",2020,850824,31.8735844455659,588716,82510,48157,242437,62980,22.8132823726628,33022,4274,33,31581
"02110","Juneau","AK",2020,999537,47.5566674210131,326449,17002,140631,89606,95000,14.6794913639314,18897,8051,787,1900
"02180","Nome","AK",2020,813754,31.1862246226519,373767,46825,228152,173139,43519,13.6385019065347,22357,4037,4119,32102
"24035","Queen Anne's","MD",2020,384049,44.7010239120573,779557,115464,32199,124463,62758,10.7695301715285,2704,7799,3533,34013
"02070","Dillingham","AK",2020,401476,35.7805511448532,774314,372455,41277,75171,82733,13.662212517811,36259,4337,3477,14859
"24001","Allegany","MD",2020,742522,35.7993897935376,637159,303338,259440,91622,65388,20.5775075254496,13797,545,57,33082
"27031","Cook","MN",2020,310638,36.0863276850432,404014,48630,63515,252015,72168,18.5509874846321,24087,9732,1854,31765
"27075","Lake","MN",2020,907933,36.4721585391089,454273,73144,58952,16572,74983,16.0681602556724,48311,4487,3339,6100
"27077","Lake of the Woods","MN",2020,382218,33.1592344678938,548550,349753,174742,207040,47255,17.7574256621301,22769,3797,4545,7234
"28109","Pearl River","MS",2020,850374,36.020119828172,838822,206147,11281,283076,62463,6.14851705729961,34893,2007,3907,28010
"28103","Noxubee","MS",2020,505786,33.0751699861139,492605,320102,44793,390782,53980,16.2879313179292,14440,2151,3316,25363
"29171","Putnam","MO",2020,290293,36.1685700016096,379501,491017,86949,129184,40680,18.4791007381864,24181,7673,3208,4473
"30061","Mineral","MT",2020,507193,47.602607072331,233029,446739,153260,94067,71103,5.78772107954137,25398,1834,1192,41013
"30105","Valley","MT",2020,592744,33.6834210623056,118464,271518,50712,163942,84899,10.4076377244201,22378,9271,4766,35329
"30035","Glacier","MT",2020,394152,44.6863464498892,421415,149883,118969,247668,92682,26.9026939594187,27351,5560,2620,11776
"32031","Washoe","NV",2020,973090,42.5109752034768,178520,137789,41141,240220,33897,7.4575547024142,29929,266,1860,14440
"33015","Rockingham","NH",2020,478783,38.3490300644189,402900,335945,146489,262559,82071,15.2970440580975,15365,3226,3072,33193
"33009","Grafton","NH",2020,443755,49.4259405974299,559639,343325,55981,256749,95051,11.6715450666379,41997,8435,2660,43127
"34001","Atlantic","NJ",2020,438393,35.8988428162411,741880,162282,31039,394724,50592,15.6160792987794,39618,8351,3845,28183
"37039","Cherokee","NC",2020,943653,34.5819612685591,38157,433932,118380,272814,41200,27.0364434819203,39445,2511,3008,7696
"37177","Tyrrell","NC",2020,671495,46.4845833554864,380093,22528,116046,372244,46826,8.7894761946518,12991,1230,1485,22705
"37053","Currituck","NC",2020,520750,48.2071896502748,428831,316425,48614,348513,40149,9.97366971685551,21347,6086,2888,25289
"37029","Camden","NC",2020,983407,30.3824586607516,824700,111850,168611,232516,78204,17.5977383169811,45026,6164,1111,5006
"37161","Rutherford","NC",2020,446724,34.7807998210192,59760,317252,42546,343055,95890,8.58230418642052,27713,6119,4687,34787
"38077","Richland","ND",2020,2785,44.0985380113125,518927,107445,71369,262236,58520,19.1735245008022,29150,730,4802,42137
"38097","Traill","ND",2020,131312,33.0278257513419,16812,268577,138152,302374,83729,10.8297782728914,37321,5228,4581,41043
"13315","Wilcox","GA",2020,122219,44.6193163190037,179244,382131,275139,3178,60855,7.10993342916481,26461,3135,3329,21139
"13025","Brantley","GA",2020,547083,44.6571139246225,402734,251697,184432,130839,49532,28.5064841224812,35272,6499,4062,30099
"15007","Kauai","HI",2020,73866,31.7691372474656,858039,411340,158155,226,59637,11.6537031147163,41870,3532,322,3994
"16031","Cassia","ID",2020,66241,35.0733260903507,241385,183219,121568,346074,69339,15.2912417845801,46865,5296,4125,46966
"19179","Wapello","IA",2020,117494,48.1218520365655,370013,400188,57137,33493,65880,10.4817096621264,16001,144,116,5391
"19035","Cherokee","IA",2020,292929,30.6881389161572,633305,41579,144479,21829,85544,18.6914363771211,49829,461,145,21951
"20081","Haskell","KS",2020,488366,43.7363989837468,310485,262905,61887,243562,73507,19.0622026461642,42450,5015,4898,5802
"21167","Mercer","KY",2020,397670,39.8847867082804,316834,55137,118685,311299,66054,19.8179869924206,33601,9541,2032,39458
"21235","Whitley","KY",2020,897437,36.937882672064,366943,365957,65189,45694,63555,17.0024982257746,12943,5992,878,6610
"21239","Woodford","KY",2020,959037,43.6707089887932,272230,37271,211510,352736,66770,9.06396326725371,407,8201,3686,13659
"21217","Taylor","KY",2020,551355,39.7319319006056,10151,358039,196085,91934,84285,12.319466228364,5376,5141,2038,44659
"21099","Hart","KY",2020,388640,32.7473721420392,498201,268789,292470,228577,43917,12.0200663700234,25765,2464,2527,34914
"47013","Campbell","TN",2020,632487,32.0254516554996,442178,357795,280166,398102,55580,5.98661231459118,25113,3167,128,41709
"47073","Hawkins","TN",2020,732963,48.1040145689622,873012,149851,132698,231006,34270,22.8600847430062,19055,553,768,45171
"47183","Weakley","TN",2020,212781,33.340074471198,883328,119323,46179,297106,93932,18.1691652641166,17714,9026,710,27012
"47123","Monroe","TN",2020,21946,36.0486098611727,75358,460653,124610,145283,30569,5.39475829689763,6516,606,2462,24698
"48215","Hidalgo","TX",2020,918409,44.3993491400033,661494,447706,162058,267895,97141,25.799344725674,31300,9006,2621,26683
"48057","Calhoun","TX",2020,341635,42.8342180373147,309670,67021,161977,379996,75406,15.9078605193645,10422,6583,798,46158
"48465","Val Verde","TX",2020,107545,33.5420571034774,830858,331481,142639,78115,74000,8.92740005045198,10863,3807,483,40183
"48419","Shelby","TX",2020,689316,37.084179376252,534935,298525,175819,202250,46476,16.2854667007923,24432,1725,1326,22506
"51159","Richmond","VA",2020,676274,44.3464046157897,242497,419465,51174,321918,75451,28.8281149824616,24468,9760,2669,38760
"51069","Frederick","VA",2020,771982,47.6813032897189,564461,400333,250828,90880,42266,19.4310669624247,11210,5259,3196,19578
"51165","Rockingham","VA",2020,90439,43.9548801630735,166416,146909,72413,254749,75426,10.7987040199805,49474,9081,1724,8149
"53057","Skagit","WA",2020,904339,39.6928385971114,189747,478644,255950,225559,76765,12.6273009530269,23077,3722,1884,30403
"53049","Pacific","WA",2020,550406,36.8124035606161,850195,457697,181329,397631,70115,24.8215175012592,9944,5324,636,18668
"55023","Crawford","WI",2020,819088,41.9751643901691,493146,190886,205286,323945,39150,18.6100327013992,35834,5158,754,41055
"78020","St. John","VI",2020,767995,36.8539032293484,136137,472814,233828,278273,96076,6.76489647710696,27247,1923,1316,30975
"04009","Graham","AZ",2020,596830,41.2946591712534,542516,495945,188684,138256,67033,17.4631320184562,17174,9564,2631,5498
"05011","Bradley","AR",2020,578237,48.5565021447837,98502,297392,100931,398546,42864,29.7769424633589,32951,9365,3457,45019
"05109","Pike","AR",2020,407674,30.8747820556164,785720,494420,174044,290274,92388,15.6788051081821,25779,7677,3917,6562
"05145","White","AR",2020,608291,46.2548230635002,785746,68367,25020,388725,96882,22.6535810111091,47057,8118,4364,47489
"05085","Lonoke","AR",2020,208676,48.3491637045518,695934,492849,152655,167198,38228,15.0309392553754,4895,5220,1448,38346
"05019","Clark","AR",2020,26090,37.5824799342081,492190,87555,190321,196004,90393,20.1973075873684,45145,1399,1059,13495
"12105","Polk","FL",2020,183586,49.6106695802882,332377,132193,40171,370685,84856,24.0054190112278,38514,2863,1554,29794
"12055","Highlands","FL",2020,323768,44.7080419911072,727142,270221,94750,84465,88372,18.2265809457749,22909,9837,2058,18547
"12133","Washington","FL",2020,820661,38.233709121123,275576,286220,97647,331617,65921,17.7884261368308,27931,4101,1988,43062
"12029","Dixie","FL",2020,862298,38.3564202301204,850754,238189,4307,290596,67091,20.0709271489177,1142,1361,4307,10409
"48507","Zavala","TX",2020,83314,31.6759177017957,66837,429762,16055,172193,31138,6.31062535801902,1151,6247,504,4239
"48349","Navarro","TX",2020,920649,44.8954672459513,670893,65201,298390,185474,80049,10.8787795249373,779,5659,1704,39785
"48051","Burleson","TX",2020,173780,32.5399206904694,524391,448565,48891,74676,47197,22.5676512240898,32968,5442,913,13117
"48473","Waller","TX",2020,172367,46.1102589452639,32267,398257,235310,55567,93239,15.5767844652291,27841,3248,928,20023
"48185","Grimes","TX",2020,772296,36.32966959849,271518,3556,197372,218955,63003,14.7621160326526,25989,2785,3154,46887
"48033","Borden","TX",2020,809001,38.2799770031124,144360,414397,91261,50393,33282,8.5090068471618,38882,9682,1660,48670
"49049","Utah","UT",2020,869207,35.9490500483662,483426,107344,164862,299848,80345,28.3786313270684,38538,6166,435,22015
"22021","Caldwell","LA",2020,478903,39.6997709199786,350547,152470,150938,59625,44113,17.0315579173621,28411,8080,4004,43924
"22063","Livingston","LA",2020,200580,46.1890574125573,351861,209474,209228,291193,68665,7.24428903311491,29773,651,4427,34215
"22059","LaSalle","LA",2020,570026,46.4897597068921,670131,334253,294504,46180,85993,10.9251618979033,42314,4852,1080,32687
"23023","Sagadahoc","ME",2020,97207,36.7100517544895,571099,400409,66814,109645,94560,28.7528502300847,14304,4475,2576,19600
"26071","Iron","MI",2020,406310,36.2796162627637,676680,280189,57500,209944,72161,7.96988416812383,47821,6976,1643,18459
"27061","Itasca","MN",2020,658916,33.3784433500841,535002,358134,172783,256482,73017,11.5827798913233,1726,5230,1580,6915
"28049","Hinds","MS",2020,774057,38.7367682997137,617929,1676,109070,188493,62567,9.86908774473704,27825,6802,3025,8653
"28161","Yalobusha","MS",2020,418475,44.7632659319788,506941,266890,235481,237531,93976,22.4623551720288,30146,2395,3646,48676
"28163","Yazoo","MS",2020,153434,34.9378123506904,135767,337962,297921,299315,84321,16.6111539304256,4738,8032,1048,15942
"28053","Humphreys","MS",2020,674349,38.4602113487199,18076,12411,24550,149664,60573,5.86016899440438,7598,2328,4051,18794
"12009","Brevard","FL",2020,473053,35.5248481128365,325395,335543,105775,336891,83810,21.3256803061813,14920,7715,3942,26617
"04027","Yuma","AZ",2020,126891,31.3209165353328,568045,25702,95741,227486,74627,10.8127875439823,48244,9691,4262,28543
"05131","Sebastian","AR",2020,624640,34.2439678590745,165604,249728,297108,303072,65471,10.4555121692829,28292,9052,4737,16746
"06013","Contra Costa","CA",2020,440853,41.8639137223363,850821,160139,66861,297429,56981,5.13083209050819,31217,4630,1403,31698
"09130","Lower Connecticut River Valley","CT",2020,320941,46.065129339695,122885,27325,15318,284562,49027,9.844331467757,5770,815,4174,32990
"41055","Sherman","OR",2020,56192,46.0317833023146,106080,191168,243624,266453,85935,18.6110046121757,21565,939,646,5675
"16083","Twin Falls","ID",2020,80757,41.6894348850474,261081,162331,131888,304150,66059,16.8502670258749,47133,4568,3175,31463
"16035","Clearwater","ID",2020,567300,46.9980433024466,311862,244889,198012,347614,53788,11.567628600169,28301,5208,4049,14591
"26147","St. Clair","MI",2020,610467,30.7385706622154,450605,242333,73504,184189,70464,16.2242408562452,12686,1386,4941,13353
"19185","Wayne","IA",2020,502520,30.9175010211766,483142,130200,134131,347143,64705,27.1500826533884,31246,5920,2896,45686
"36103","Suffolk","NY",2020,996050,30.6548099219799,500360,267459,291481,172769,68050,15.8607331872918,10216,7643,1413,40069
"21003","Allen","KY",2020,854700,33.2357483403757,300579,381618,290541,359272,59828,26.4329413080122,45809,2596,2044,44331
"08097","Pitkin","CO",2020,708220,47.1593258576468,232228,283153,131266,269380,62713,24.4803909573238,28043,4870,1588,31751
"23005","Cumberland","ME",2020,517611,39.2409104574472,205499,459347,238071,359939,98262,14.5459496486001,38091,535,338,44461
"01035","Conecuh","AL",2020,306692,31.5742943855003,513338,430155,248741,220743,62903,12.8789110295475,20993,1364,886,31789
"28143","Tunica","MS",2020,500850,40.8419222244993,631347,478593,232723,204243,94766,21.0855482274201,7629,4118,2526,4865
"29189","St. Louis","MO",2020,654460,35.2303011575714,841668,52301,118607,204843,67537,17.1900576516055,22116,1673,1666,35086
"30029","Flathead","MT",2020,136627,45.4557411698624,183662,268344,97814,67761,35963,22.5777662778273,5085,3388,1320,34472
"37043","Clay","NC",2020,41971,32.2712523443624,540457,197460,240837,989,97590,16.6065291687846,22334,6666,3111,18006
"49003","Box Elder","UT",2020,479362,42.7749490179121,257208,48357,228390,164623,88741,8.72307973448187,35102,9658,1953,6783
"51179","Stafford","VA",2020,328070,32.7622315241024,734208,60707,205455,56145,38581,10.777647648938,38119,9144,927,686
"02282","Yakutat","AK",2020,410357,38.7789057660848,612410,186149,287182,305532,51687,24.8999939137138,1201,9620,4204,36549
"12129","Wakulla","FL",2020,402837,42.3297119280323,304544,396948,265811,24055,82913,16.8615730840247,14658,8515,4132,7626
"13021","Bibb","GA",2020,653626,34.2854413483292,412572,321383,292983,109578,77779,20.0551307830028,12650,9564,3862,43584
"13029","Bryan","GA",2020,549280,48.4232962690294,522184,258068,76639,41190,54416,24.4402810768224,3676,8750,4061,45662
"16077","Power","ID",2020,339589,49.2019621888176,97262,120817,293596,342019,79161,20.525704738684,37456,4563,4560,7658
"19031","Cedar","IA",2020,945538,38.4214445529506,695785,301245,68132,53613,40905,15.6723473174497,40646,7565,2165,31049
"21119","Knott","KY",2020,193214,31.8284902302548,703757,158925,255698,281335,31870,22.2053877613507,39762,2858,4154,32110
"22053","Jefferson Davis","LA",2020,888151,44.0493342746049,885132,212065,154549,164493,47979,10.257321120007,35305,393,4586,44759
"27021","Cass","MN",2020,866337,34.2822167277336,601265,67392,203783,360127,32978,25.4227897396777,43434,8482,1875,14822
"30079","Prairie","MT",2020,212093,41.9595902832225,42760,99872,132913,174517,40399,7.91673901956528,35158,3429,2271,42314
"37159","Rowan","NC",2020,555908,34.0722345840186,311970,444857,293892,87323,40708,16.0962929087691,4151,1591,3110,11129
"39021","Champaign","OH",2020,925165,40.0914450688288,117523,206381,143709,363541,56597,21.5777744958177,35872,5978,3197,1761
"45005","Allendale","SC",2020,478008,32.8645757772028,593162,71870,118902,106698,94919,18.8439710543025,36483,9155,3165,8927
"46055","Haakon","SD",2020,430933,39.6112416312099,331925,28518,34976,173657,90486,28.9779152791016,28647,1889,1615,8670
"48041","Brazos","TX",2020,965819,35.161789660342,200990,235282,66529,351578,82973,22.8519651526585,21962,1861,3678,26052
"48053","Burnet","TX",2020,151722,36.2435752339661,616740,111723,25229,8297,74856,5.50372413243167,10799,3795,842,41265
"48407","San Jacinto","TX",2020,863588,35.5352493328974,598292,388354,192892,317385,65475,26.4466729899868,34414,5777,3581,10236
"51111","Lunenburg","VA",2020,194576,41.5340037178248,494331,331450,38214,48002,44013,27.7402203425299,12483,72,3137,46351
"51840","Winchester","VA",2020,6633,46.2222970137373,282992,252366,37205,187786,44135,9.03119893744588,35905,2879,2714,35619
"54067","Nicholas","WV",2020,20019,38.4855587035418,230167,109276,39509,374335,91900,18.1628349656239,38350,6643,709,33154
"69085","Northern Islands","MP",2020,428716,37.920778831467,470044,455843,94320,26718,80152,14.0906547207851,41474,4308,977,40378
"72127","San Juan","PR",2020,472043,43.8356247823685,601126,161149,37799,34614,65591,8.13646257854998,28710,613,4166,15386
"12057","Hillsborough","FL",2020,888538,46.5689967060462,764015,316283,17307,27150,45952,15.0164020084776,7361,5758,747,9061
"12047","Hamilton","FL",2020,426074,42.3674672376364,112971,248648,268634,79797,99451,20.7957209681626,23591,4962,4186,7174
"13051","Chatham","GA",2020,728648,49.0755967376754,744586,410094,200670,298351,80159,17.1716262190603,47976,1085,2763,38677
"01049","DeKalb","AL",2020,8152,41.2706062057987,517744,298660,264201,30460,61794,5.39020658587106,36043,9744,3956,48658
"05091","Miller","AR",2020,35782,33.9381606364623,898661,434187,62556,112642,30249,20.2671460818965,18555,3752,752,7046
"08113","San Miguel","CO",2020,617411,48.0473134992644,7388,14534,244186,322199,82428,14.7018193511758,21198,8302,441,13857
"06033","Lake","CA",2020,932108,37.0787505060434,49340,251480,246701,10442,91000,16.9912811496761,16026,2775,1135,41501
"39161","Van Wert","OH",2020,16914,46.5370355825871,673225,358941,288150,376591,42611,9.93683441309258,10836,6563,4349,46955
"42017","Bucks","PA",2020,79928,39.6076812595129,663752,319596,188487,269040,31985,7.35060852719471,45639,5165,454,48806
"45013","Beaufort","SC",2020,477224,41.5054410975426,307711,57918,67731,115259,91798,29.5870247541461,48779,9414,1439,45090
"36063","Niagara","NY",2020,151721,44.533156263642,139224,272676,291824,107579,92893,11.6520228399895,32605,7575,2293,27138
"36119","Westchester","NY",2020,689382,38.1488721584901,549909,49163,91761,246129,76345,14.0548583131749,49145,3999,3878,28867
"36105","Sullivan","NY",2020,863025,38.6361441435292,729200,346904,94766,157301,97986,18.6268339178059,40005,3793,1873,31995
"08001","Adams","CO",2020,968332,47.6388126891106,454899,399100,147736,372674,81833,23.241316138301,42842,493,3986,14942
"22029","Concordia","LA",2020,151674,44.7917360579595,407114,152965,30640,322353,67460,27.6936559833121,26820,4573,1863,30147
"22037","East Feliciana","LA",2020,752745,38.4671820653602,755870,43364,66549,274548,87845,10.1487436867319,25701,5592,50,19931
"02195","Petersburg","AK",2020,375209,31.8497489392757,821920,118507,231806,14075,43955,9.10449290648103,19324,4379,2065,10690
"24019","Dorchester","MD",2020,671765,33.9060430042446,531961,160610,126705,256859,72700,6.85068291029893,44121,5453,922,22463
"01073","Jefferson","AL",2020,615689,49.4232027418911,478845,425810,110691,179150,33207,12.7766271249857,14048,8914,4108,23775
"25007","Dukes","MA",2020,996019,46.9544504862279,39920,135195,96818,187065,97010,26.0016231168993,33483,392,4233,17818
"26141","Presque Isle","MI",2020,385051,44.2763535352424,845441,53210,48686,208000,49254,9.83735000598244,44056,5524,909,46230
"27069","Kittson","MN",2020,813292,41.5561980521306,680147,298891,253309,83224,41428,17.8078237641603,42279,7641,170,1357
"28157","Wilkinson","MS",2020,950042,49.7625094326213,645339,406720,212871,369273,85080,5.12740981183015,34943,1803,1063,12518
"29037","Cass","MO",2020,185609,35.8065682835877,569496,141081,119023,111635,88246,15.4900220234413,1751,2897,4377,29069
"34031","Passaic","NJ",2020,2234,49.5697299949825,427942,150194,189285,264729,71791,18.3249881328084,3525,4489,475,36023
"37141","Pender","NC",2020,882974,43.3996627898887,562204,431760,108928,322867,44396,6.97352438699454,26948,1476,2258,11816
"37091","Hertford","NC",2020,99832,40.7740293908864,676411,339132,167240,178538,30978,10.2417288883589,20596,972,3842,13419
"13305","Wayne","GA",2020,342013,47.2781275399029,856038,439128,293488,94081,90881,29.8513933445793,27439,9330,3971,40222
"13195","Madison","GA",2020,470893,39.1861219517887,577555,329637,251564,322742,73483,16.1750549578574,4643,2879,3668,20325
"13289","Twiggs","GA",2020,111686,43.2384130079299,469223,118420,13112,349022,38421,6.40426749712788,26207,6254,242,21650
"16085","Valley","ID",2020,33863,49.1294319927692,105457,326764,152705,29184,45031,26.9253207673319,45217,8761,4712,381
"19075","Grundy","IA",2020,676710,47.9798020375893,231602,497310,39699,49525,38061,19.4120403740089,13048,7230,583,38390
"21179","Nelson","KY",2020,633201,43.5936174634844,789428,143557,283114,179779,64731,22.3134838521946,12176,7753,3378,31819
"47165","Sumner","TN",2020,985942,35.6893727509305,394153,54495,49690,261308,51083,7.72059093113057,16970,3023,3659,36925
"48427","Starr","TX",2020,502188,40.9922290965915,860264,11864,163924,104267,71086,23.3916571142618,35807,911,3478,14738
"48377","Presidio","TX",2020,937832,49.1086864098907,506162,465438,23699,174518,97853,22.0704314776231,37280,2956,1466,30835
"51143","Pittsylvania","VA",2020,81959,31.6783284861594,160001,103217,51780,354953,78465,19.0285109984688,33022,7966,4566,23437
"53015","Cowlitz","WA",2020,760202,35.0849261740223,489207,478123,126088,302954,38058,13.3199409593362,12756,2425,1930,43861
"54057","Mineral","WV",2020,394423,39.1216523712501,582538,499473,248513,245339,33173,8.14952995977364,26146,2358,2872,48375
"05045","Faulkner","AR",2020,825074,48.3191851573065,843685,237141,58469,21999,77739,10.443973117508,15612,4428,4183,8492
"05095","Monroe","AR",2020,64922,31.5425956016406,558174,398044,126520,170770,55672,16.8817356706131,18796,9904,4875,41964
"12117","Seminole","FL",2020,917782,46.8045102665201,599085,373998,50229,37320,35245,29.7276114532724,36432,579,4064,12627
"12041","Gilchrist","FL",2020,863459,38.8138199644163,589309,181463,116220,73857,96832,13.4157888311893,20666,5153,198,3372
"48239","Jackson","TX",2020,182817,43.3454618090764,661830,151560,144869,183803,90617,24.4276575231925,32257,6808,1679,17413
"48019","Bandera","TX",2020,471857,32.5531577970833,741281,159319,120582,352516,53802,5.58645700337365,25507,1800,2843,79
"21005","Anderson","KY",2020,628755,44.4435931602493,799673,335747,225604,367003,96064,9.41594669246115,19813,3521,4035,3916
"22015","Bossier","LA",2020,795171,40.0414283433929,810536,306727,45378,232450,52625,9.78122609201819,42812,481,477,49238
"29033","Carroll","MO",2020,843449,37.0417455676943,134289,96647,36292,130689,54099,10.9546384261921,22928,7216,355,32324
"30077","Powell","MT",2020,765910,39.3198078917339,519855,426862,200703,256013,64310,15.5027950077783,21342,9681,4831,6790
"30069","Petroleum","MT",2020,16834,43.1904853601009,871851,349980,82720,301218,52597,13.9366807544138,12703,8330,4637,38865
"37087","Haywood","NC",2020,24743,47.8104895213619,560570,397032,274780,57549,81060,20.5946406302974,38589,6134,587,2306
"37121","Mitchell","NC",2020,694124,36.2661664793268,701802,110422,80268,387160,94382,11.7744328989647,43506,146,4005,17612
"40101","Muskogee","OK",2020,244435,32.203911957331,335437,133767,144051,170944,57063,28.3800311747473,21264,9026,3743,25835
"42097","Northumberland","PA",2020,250512,37.3456667829305,859757,218773,82313,188044,55983,16.568985163467,44470,4924,4446,8078
"45061","Lee","SC",2020,862702,41.1391212465242,493102,437628,295441,315432,83319,5.66537928651087,48256,2006,509,17300
"45027","Clarendon","SC",2020,539602,34.8947704909369,623324,135742,160717,163990,49662,12.4755628767889,47181,452,3264,22370
"47001","Anderson","TN",2020,65595,45.5604818463326,593858,114489,219652,61907,35654,23.0464528035372,23687,3754,3778,38966
"47081","Hickman","TN",2020,442324,44.2879105126485,764742,71131,203604,388934,88208,12.751285773702,30568,6862,2618,3616
"48381","Randall","TX",2020,415664,39.3287319131196,360361,3836,291770,158861,99949,14.6134982071817,21068,4656,122,47375
"48481","Wharton","TX",2020,894076,44.6806509420276,304831,106084,157862,161856,92085,29.5043254108168,19021,4557,844,17085
"51047","Culpeper","VA",2020,771276,38.6749262548983,505035,268346,50987,58179,54177,7.66132039832883,4687,3785,1422,13982
"54013","Calhoun","WV",2020,920251,48.8394519686699,140509,451055,168989,190921,49301,15.7577473972924,31578,4756,4027,14541
"54083","Randolph","WV",2020,650198,36.6802933579311,537900,369036,220229,112431,88255,15.2722224721219,31299,9334,3582,17670
"56003","Big Horn","WY",2020,953617,45.3730413969606,126031,47666,58308,361938,99606,7.80975176137872,2591,3351,354,19255
"06079","San Luis Obispo","CA",2020,101729,41.0572464950383,757807,75384,188998,270391,71307,15.7649728830438,23986,2880,2287,27357
"06057","Nevada","CA",2020,906181,31.3953793281689,628478,390470,272302,113584,61369,26.8901276297402,39073,943,2196,6347
"17197","Will","IL",2020,404895,34.8192984657362,137888,116819,81402,171153,51196,24.4680944492575,2315,5582,2390,42642
"17165","Saline","IL",2020,961010,35.0034366874024,129202,471304,651,151232,68064,6.03507204912603,49788,9568,861,4862
"26109","Menominee","MI",2020,849592,48.5298373177648,386774,16262,168035,81488,46531,11.716760864947,20057,5879,761,45902
"36113","Warren","NY",2020,637433,34.9901532894,39897,356222,238520,136746,67327,7.23560418817215,5626,9629,1583,32665
"22031","De Soto","LA",2020,914278,30.3164069028571,379501,49111,51475,38890,70463,14.2221443890594,8342,7634,566,3302
"02013","Aleutians East","AK",2020,494522,32.5240752659738,371934,447544,207444,101786,65933,19.0483058406971,7144,6398,3375,9777
"01047","Dallas","AL",2020,12080,42.1922331256792,647096,53305,204503,214897,56611,24.9638376710936,48111,4065,205,2205
"01099","Monroe","AL",2020,650706,35.969405095093,121995,295576,185981,7928,36403,22.7619299327489,365,1925,2092,24045
"30057","Madison","MT",2020,476205,37.6370814489201,569140,31333,28451,228866,52340,19.2521233996376,13625,5890,3605,4430
"36075","Oswego","NY",2020,288870,34.4743547262624,676076,174804,64454,181553,34763,12.3914126143791,35291,8793,1824,44461
"40067","Jefferson","OK",2020,702271,31.6952415090054,573441,330550,24678,235270,34713,24.1733373969328,3963,6541,1826,48424
"44005","Newport","RI",2020,556916,44.8171379743144,220733,135372,7574,81450,52930,29.4986962818075,38759,623,1484,35689
"48007","Aransas","TX",2020,977004,46.8845634022728,431251,273410,274951,341444,49297,17.7918974496424,2027,3200,1891,41745
"54011","Cabell","WV",2020,134981,34.3468382302672,278328,453034,297381,267660,65820,21.2437348626554,19186,9811,4037,27748
"55075","Marinette","WI",2020,430629,39.6835192479193,380779,286005,171711,322018,69657,6.98345955577679,32222,5622,357,14632
"05111","Poinsett","AR",2020,579473,41.9403109000996,631866,211863,242766,386472,43816,25.3522527706809,33326,6962,754,28023
"12121","Suwannee","FL",2020,569167,42.1997654531151,637198,409590,162207,102136,61837,10.7149054831825,42714,4574,4513,14845
"13075","Cook","GA",2020,304213,39.2367451172322,67630,425294,192563,354098,64994,27.969654831104,32924,2106,3281,3139
"16005","Bannock","ID",2020,151025,44.6540734823793,658769,161628,27585,242750,84457,10.762421968393,8819,7188,656,11192
"21109","Jackson","KY",2020,434957,45.9521659370512,297737,46675,9099,131316,30159,16.0580802836921,39676,3298,4867,27376
"22079","Rapides","LA",2020,749632,35.7278314605355,435973,344537,19866,35959,34589,27.507847158704,34398,7632,3989,26742
"27129","Renville","MN",2020,415095,48.0195331573486,440651,103512,175966,71751,85394,23.4375516488217,46535,6252,4495,13954
"29211","Sullivan","MO",2020,115093,35.7169075123966,291676,57214,123248,187382,71622,27.0676219381858,13920,8643,3584,99
"30047","Lake","MT",2020,248742,30.8920852467418,594114,82529,276879,237751,96494,9.5289438450709,47985,3946,2284,5036
"35043","Sandoval","NM",2020,119617,30.0451896665618,573123,212227,172265,321505,98200,24.8114245780744,11399,1685,1418,39847
"42023","Cameron","PA",2020,552631,44.9501853017136,733174,331230,233022,35476,85029,10.3342520666774,9878,2898,3955,18235
"47149","Rutherford","TN",2020,644476,33.7596644135192,630285,293167,147848,216474,99170,22.2963800141588,1780,766,951,33836
"48187","Guadalupe","TX",2020,59389,31.4616611693054,796789,59593,77425,257956,74122,16.2731508968864,9483,6991,3568,33174
"48189","Hale","TX",2020,535363,37.0180882001296,436323,438491,72575,88330,60998,10.9502837248147,49820,1275,2096,10946
"49015","Emery","UT",2020,363344,44.3854523822665,692476,48043,254657,205367,77297,23.6578904336784,19547,7968,2508,46208
"51167","Russell","VA",2020,634453,33.0916632246226,205239,104741,19711,43993,59985,18.9776860945858,2865,9343,1125,24424
"54019","Fayette","WV",2020,436489,44.961168798618,45391,289310,293084,19540,55599,12.4138195428532,35422,6150,3243,44593
"60010","Eastern","AS",2020,743893,38.7263320293278,559784,203105,267569,18868,52800,13.5302870546002,17171,9146,4811,43003
"13007","Baker","GA",2020,765193,44.6292662387714,34992,253046,82400,189719,53742,10.9716019488405,5568,840,3712,19882
"12103","Pinellas","FL",2020,770432,36.315758000128,615093,288559,87191,115538,59788,12.519792887615,23281,2651,3030,23811
"46123","Tripp","SD",2020,479219,44.627975281328,420875,128572,219015,152254,81165,7.5258525100071,11851,8705,1793,16829
"48355","Nueces","TX",2020,671807,44.1421776684001,288676,176368,249478,371938,40041,23.6925939982757,41903,613,3411,10757
"48043","Brewster","TX",2020,306791,44.8017262108624,527543,320745,63060,111434,72959,29.681889032945,4265,1714,1602,6426
"51185","Tazewell","VA",2020,848522,42.0229650568217,546290,427661,99183,317222,38030,27.7872550371103,14421,6527,2386,37772
"54065","Morgan","WV",2020,685555,34.7911850176752,620975,15319,109308,175957,47695,25.3084635548294,42413,2532,868,41167
"12069","Lake","FL",2020,273084,48.8136373227462,374452,24340,251410,235781,74682,17.4599159986246,32144,4485,1446,37482
"13107","Emanuel","GA",2020,24821,34.9477628013119,82871,469895,277388,91072,96822,16.900215264177,48434,7089,17,8822
"13181","Lincoln","GA",2020,362628,46.1993408529088,212001,35571,167838,24718,90786,23.4137762291357,41927,8462,2624,49552
"19029","Cass","IA",2020,352189,32.8455410292372,517231,422020,27104,384361,79000,28.7088133755606,15575,3338,503,34752
"21107","Hopkins","KY",2020,48280,47.9837129916996,79779,480849,124309,57007,37905,17.583406252088,39221,8608,3481,17247
"22083","Richland","LA",2020,731199,35.0545543432236,568765,199674,34765,196894,77191,18.4962041745894,12714,7633,4734,34542
"27171","Wright","MN",2020,472578,34.8485208535567,380858,491125,96652,144008,94308,26.0194089566357,17002,9682,4914,49677
"35021","Harding","NM",2020,307576,47.2824640199542,694640,34406,173897,70996,74715,16.4170332439244,44640,9105,158,17393
"39079","Jackson","OH",2020,320162,44.360193181783,632478,30843,138159,135039,96099,26.3935846055392,2670,8111,1209,5514
"41043","Linn","OR",2020,629573,41.2230949802324,514612,186718,82088,59806,77711,13.4740654099733,11060,6665,2017,45254
"48029","Bexar","TX",2020,561188,47.7880268963054,724646,135994,127333,121712,38519,28.9585027564317,9152,3600,4330,30106
"48423","Smith","TX",2020,447553,42.8574940701947,597836,84582,191713,311971,94324,23.4163254452869,906,4768,2924,5084
"48311","McMullen","TX",2020,652453,42.0324876345694,656479,83260,144576,43900,68436,24.0938782994635,29636,6170,2305,19351
"49013","Duchesne","UT",2020,999527,31.7131240107119,81111,352720,152836,271938,99175,14.2887509672437,31327,8616,3443,38211
"51009","Amherst","VA",2020,390261,48.5069195926189,399728,435063,41089,210639,41784,27.5219588028267,33701,21,839,32064
"72015","Arroyo","PR",2020,751378,32.5300508504733,282670,497694,142973,383022,38565,26.9013880880084,5889,4311,2879,45544
"11001","District of Columbia","DC",2020,779143,35.1011601416394,468770,215927,223783,281457,92340,21.8650903680827,9107,3054,1631,11036
"12089","Nassau","FL",2020,152057,46.7295531975105,770744,72243,155115,168103,87940,25.5091418058146,39309,218,2161,7463
"06087","Santa Cruz","CA",2020,148992,33.897919934243,469985,69976,11701,265318,80038,9.67337468871847,14343,320,720,35383
"08023","Costilla","CO",2020,152066,46.8964816629887,583448,226523,159376,129822,66183,23.1277009192854,49380,4312,106,33614
"41007","Clatsop","OR",2020,874957,35.3556538419798,367885,270719,36234,135984,49524,17.2644503135234,25409,2594,3489,9538
"42103","Pike","PA",2020,890148,46.9647327577695,731224,442766,244382,210653,57505,27.3843792220578,25031,2819,2710,20281
"17153","Pulaski","IL",2020,630969,40.9898653673008,192065,108544,179251,4612,44588,17.7718360279687,22394,5629,952,36712
"18123","Perry","IN",2020,658566,34.8378016473725,288655,469501,97925,184928,75885,24.6704145229887,26390,2953,2713,22827
"36059","Nassau","NY",2020,353116,33.8691881904379,343624,236626,33694,310874,48018,9.88965444383211,45638,3425,3917,35789
"26097","Mackinac","MI",2020,730612,42.9692303529009,499412,138715,67809,79472,53290,17.4137400533073,27445,8685,2617,25401
"22087","St. Bernard","LA",2020,387206,33.6972096189857,84986,495669,25215,271432,87159,28.8396532309707,21421,6414,4901,48246
"22035","East Carroll","LA",2020,870013,48.5704150050879,159200,414840,211857,244945,63654,28.7467152241152,42912,1358,41,40282
"25009","Essex","MA",2020,589709,48.6431137938052,755172,410156,78233,91571,80098,6.13037241972052,7991,9732,2822,37608
"28151","Washington","MS",2020,34331,37.2287558484823,169981,477507,279133,179997,65882,21.3658067642245,31464,8809,4806,43979
"29099","Jefferson","MO",2020,103805,47.0627794088796,639509,221174,155989,15463,41141,5.16971842269413,26383,4949,2245,44823
"34013","Essex","NJ",2020,918902,43.2842241181061,771325,45260,241051,267080,70935,11.1214935500175,24732,9703,3944,49059
"13291","Union","GA",2020,545255,31.5572090493515,137847,215293,108488,332372,51956,27.2777742077596,15992,9161,2448,38379
"13309","Wheeler","GA",2020,251639,44.2244456429034,693302,22277,187,181649,78564,21.2889153172728,30574,9026,101,16603
"17027","Clinton","IL",2020,891160,45.5056494195014,254898,279907,142143,134125,88040,8.7244099075906,38395,9599,1707,18741
"18157","Tippecanoe","IN",2020,47029,35.3605087194592,824793,89155,163455,49051,69055,19.8944279295392,49764,3534,4183,12466
"20069","Gray","KS",2020,442016,30.6587671488523,853978,444163,170445,47207,45215,18.02693192265,6912,2935,3457,48640
"45045","Greenville","SC",2020,764704,41.8716334458441,262262,391993,186971,200349,43439,10.3863102570176,8913,2861,1393,10058
"48061","Cameron","TX",2020,219732,46.9666798179969,618790,413073,214949,367776,57975,12.7497447258793,40362,2845,926,33253
"54059","Mingo","WV",2020,333203,39.998832559213,873203,62288,166191,20771,97119,12.4059395352378,36731,496,1875,7064
"55029","Door","WI",2020,616187,48.4436141885817,601767,210489,95478,281017,66250,8.85051923803985,42785,1517,4389,9758
"05001","Arkansas","AR",2020,679780,38.6781998956576,229272,102730,220343,77657,95433,10.2140351675916,1161,3079,4643,22353
"12077","Liberty","FL",2020,679919,35.568913705647,633794,362501,295798,253908,39072,18.6115349363536,5273,7736,619,34406
"13261","Sumter","GA",2020,657215,42.0536882383749,672531,274916,206351,123589,59765,24.1202234418597,6011,195,1637,48677
"48353","Nolan","TX",2020,52235,39.3041076045483,636816,95360,267428,257339,46563,28.4394447179511,27969,7583,1180,43366
"21203","Rockcastle","KY",2020,46037,40.5748698115349,718165,101107,296480,315546,61764,25.9872196137439,1429,2349,3789,2867
"22033","East Baton Rouge","LA",2020,381849,38.8940715556964,580935,451757,84423,92301,46489,12.634578779107,12738,3716,3585,26232
"29195","Saline","MO",2020,904598,34.4743207469583,830026,82147,253335,127785,40592,25.1957950775977,34219,9492,4574,29333
"13033","Burke","GA",2020,428543,38.123583891429,136229,239175,180279,328574,53995,19.4379418576136,466,6910,401,12164
"13301","Warren","GA",2020,25467,31.1048898147419,362110,406537,134994,235036,87505,21.0068833327387,44372,574,2375,34110
"13221","Oglethorpe","GA",2020,388380,40.6060551246628,665161,409038,20758,311341,54327,27.7098879637197,5090,9892,1785,46790
"16015","Boise","ID",2020,154856,32.2460631979629,384015,61200,277120,397258,92645,5.48919290420599,37639,599,1011,34275
"18125","Pike","IN",2020,528395,38.1440851744264,478847,368192,234750,349970,82762,19.4824572314974,35493,922,3441,6304
"20203","Wichita","KS",2020,344231,43.651410471648,118143,67714,57126,33454,67462,15.5356810323428,16154,5053,4512,33226
"21033","Caldwell","KY",2020,874942,48.8982427353039,342898,368371,260457,341436,97381,11.7579213879071,23222,9295,1388,48576
"45065","McCormick","SC",2020,663274,42.6840609172359,599410,446370,190752,60658,53004,7.97866413602605,8673,6023,2541,8247
"47091","Johnson","TN",2020,455610,36.3787602307275,395993,416183,291871,309444,69524,28.81970321876,2819,1007,1158,49797
"48039","Brazoria","TX",2020,892116,48.6308612534776,102213,365147,193339,142720,52841,14.2978208675049,21070,7877,3153,34133
"51193","Westmoreland","VA",2020,732774,43.5553812049329,266164,457455,48494,85044,83053,21.5955965756439,39017,6292,4496,34595
"53035","Kitsap","WA",2020,147192,44.8540365649387,320519,270968,103691,187183,60209,6.18032046011649,7722,3773,3331,36453
"54103","Wetzel","WV",2020,794252,40.5027923826128,126347,201662,202067,141267,63265,17.9117267555557,49607,1509,1934,11579
"55043","Grant","WI",2020,55419,47.6259072683752,237617,207842,158124,233362,60253,9.05112830922008,22563,7438,1094,11848
"78010","St. Croix","VI",2020,259023,49.9122242443264,433662,74196,228126,212900,54955,18.4206385060679,25091,2646,3699,46191
"05147","Woodruff","AR",2020,356587,46.6798544442281,36136,197372,64514,270541,68593,16.4511671592481,41838,8279,343,8919
"08057","Jackson","CO",2020,640037,39.0464749746025,313453,267164,45207,208070,44190,7.2634201683104,2139,9636,4854,9809
"48447","Throckmorton","TX",2020,647542,42.4242353951558,617967,215667,244621,173576,48802,7.06777721177787,14805,9516,1998,36630
"48301","Loving","TX",2020,284813,31.1605132417753,827243,13649,260688,150660,59271,6.75327961333096,35558,9313,1127,30642
"21147","McCreary","KY",2020,839604,45.2681359136477,429339,381777,185185,391123,30410,8.16260829567909,37216,3283,161,35554
"22043","Grant","LA",2020,597564,48.3933056565002,137508,442317,134608,373612,66337,19.2560151754878,31865,6516,3176,15824
"30039","Granite","MT",2020,364607,48.2795712910593,687316,357645,50403,369826,77700,12.6849349890836,5129,5569,3459,2172
"35019","Guadalupe","NM",2020,270910,40.9649452241138,651414,91481,190108,68142,68712,12.6297609775793,22859,5257,583,9358
"37065","Edgecombe","NC",2020,502568,43.1192576885223,634830,393728,101331,204500,91843,22.0710538106505,44214,2531,2108,13034
"37017","Bladen","NC",2020,756115,36.1913136066869,132925,33657,104338,213303,77996,28.3333203184884,48148,5300,3918,46372
"45079","Richland","SC",2020,919362,37.9355008341372,226947,471592,9684,101983,92263,21.9954628450796,30447,7645,812,4144
"45089","Williamsburg","SC",2020,725542,48.9355016546324,370689,209013,146645,286948,51340,12.5786869507283,36163,9659,1668,23205
"46075","Jones","SD",2020,884348,36.9107119459659,708031,189652,254889,57148,95377,5.12937691644765,19110,4761,3266,31983
"47033","Crockett","TN",2020,456656,35.0885709235445,667387,175811,88043,198153,34382,26.6968877823092,47382,4534,3582,19979
"47089","Jefferson","TN",2020,576492,30.0327692227438,382565,365130,104167,222878,50128,16.5987314668018,13393,734,3259,34704
"48379","Rains","TX",2020,152240,41.8145775794983,557268,139135,101885,28486,97901,27.2727443499025,47334,5855,1871,26592
"28033","DeSoto","MS",2020,24330,33.7630808586255,680718,91935,267417,390213,54282,14.4984566501807,49752,5237,2093,13955
"38035","Grand Forks","ND",2020,867531,35.1533730700612,880166,390686,266296,10593,38356,14.8974599677604,16920,2026,3639,39265
"45051","Horry","SC",2020,365100,35.6111452030018,266001,186665,213353,238487,65847,9.55704224877991,20526,3102,2574,25064
"54099","Wayne","WV",2020,451214,43.9910586411133,246755,51202,54520,350581,96436,7.61158376815729,44904,217,4725,23459
"56007","Carbon","WY",2020,819579,45.532750505954,470215,138688,81961,354140,88814,8.71137245674618,4734,8878,4198,4389
"51145","Powhatan","VA",2020,892996,35.0503390422091,576341,226904,70658,34714,69442,7.62796994647942,10015,3147,1529,18724
"51005","Alleghany","VA",2020,686916,35.5745619349182,460340,42261,164137,373699,97946,22.7189118810929,22759,7307,3952,35716
"05017","Chicot","AR",2020,747961,41.9624161859974,482735,222163,232666,172327,47616,19.1008961596526,11682,307,2372,38
"08011","Bent","CO",2020,823263,38.3641363726929,842659,41152,86282,290176,91687,29.2302903090604,10826,3107,2814,24794
"13121","Fulton","GA",2020,367770,37.9740525316447,382683,30060,156042,171781,90043,24.2625138675794,1714,4869,4590,19635
"15009","Maui","HI",2020,868548,34.9093190860003,51714,223263,111027,289702,72465,13.1079844560008,16375,4686,1603,18847
"18071","Jackson","IN",2020,461407,39.9455993063748,588008,172512,263581,108914,55462,20.0782636017539,35622,7879,1678,38040
"22055","Lafayette","LA",2020,479750,42.2427322389558,640697,375235,255574,282678,97406,11.1935554840602,38166,1247,2976,46377
"28137","Tate","MS",2020,198848,33.9473704481497,794781,107796,88939,173044,89760,26.820622717496,26835,2131,4025,32024
"29019","Boone","MO",2020,739011,46.5669426135719,606224,107574,93734,280981,50851,29.645398312714,34483,7263,4399,40934
"35051","Sierra","NM",2020,142725,32.1904240408912,372555,439654,165709,324253,75453,6.04011932853609,28657,1033,1465,32665
"48105","Crockett","TX",2020,876624,41.3916699262336,705989,310197,278968,156355,39557,11.3703572493978,19309,994,3391,22007
"49055","Wayne","UT",2020,904126,41.9731080345809,671445,299532,35529,351292,66197,17.6510406087618,29846,2135,4421,40915
"51830","Williamsburg","VA",2020,668350,45.7396595692262,394133,296950,29992,365111,48488,26.494801301742,36033,2118,3624,40703
"06107","Tulare","CA",2020,356887,30.8647420303896,493899,113697,144940,261487,68759,25.7632960227784,17208,9514,4854,27406
"41065","Wasco","OR",2020,144462,48.7379543669522,497415,421539,190864,305647,86326,20.9726535901427,24513,956,3183,11641
"37163","Sampson","NC",2020,216396,46.8185607763007,155129,48475,125539,187924,30464,26.9041621952783,23037,1505,2108,29848
"42089","Monroe","PA",2020,64284,33.8476469973102,317540,278663,179220,353953,81779,8.98064530454576,45437,4644,4882,8954
"48265","Kerr","TX",2020,924811,37.3109832778573,91081,2902,209432,208281,40693,21.1053337389603,3342,764,4220,34562
"56035","Sublette","WY",2020,476604,47.2239125333726,177814,314008,89738,38089,59918,9.85872023273259,42282,4761,3910,20046
"24029","Kent","MD",2020,863621,39.3482301849872,546347,139415,154263,119618,50813,13.5821499465965,20156,7486,4849,18199
"37047","Columbus","NC",2020,791694,32.8119760751724,386098,435314,147023,138651,34447,11.0184196161572,750,2223,3630,37483
"18069","Huntington","IN",2020,272096,32.6086139166728,188042,474062,29107,292848,99871,23.3860814722721,15415,6184,4939,44897
"51199","York","VA",2020,511159,34.294118960388,39090,384339,165479,211176,98271,8.12011743080802,29815,7402,3917,22887
"53029","Island","WA",2020,205282,36.2952027050778,79221,10624,265549,37472,47089,12.4621369421948,18670,8641,1761,39771
"05075","Lawrence","AR",2020,336756,47.7241988386959,799275,72514,43446,56514,48834,8.62786594196223,612,4837,130,44076
"27103","Nicollet","MN",2020,40550,48.741144509986,393738,487591,250025,240085,71647,11.2122547009494,17275,2901,2500,25448
"05025","Cleveland","AR",2020,371201,44.0463027358055,158636,313896,165389,138000,97871,29.5209622371476,10592,4287,860,34815
"06113","Yolo","CA",2020,632455,46.9498056313023,832504,250222,234786,242697,49369,11.3115703116637,24273,5041,2619,30275
"26035","Clare","MI",2020,936232,33.4808064205572,397079,280537,160845,274038,50767,26.8016323167831,23318,901,491,14069
"21159","Martin","KY",2020,312996,41.4741298183799,235165,312847,237644,283531,53257,16.9104979676194,17483,7355,4408,13613
"22057","Lafourche","LA",2020,655046,38.5022663418204,431245,164685,146650,399069,88720,26.2007937137969,41257,5940,857,13881
"26007","Alpena","MI",2020,605621,37.45065653231,306927,455735,80092,396752,51220,14.4885398517363,26588,3600,2236,18855
"27163","Washington","MN",2020,791930,40.7340778270736,298150,469190,128495,264882,96171,13.7519581371453,26755,96,673,37958
"29069","Dunklin","MO",2020,538593,45.9159993706271,822440,313360,188392,2874,59223,7.74050874868408,24000,5817,3805,13598
"39043","Erie","OH",2020,210708,49.709811443463,245869,322345,15257,310161,73551,7.77625499293208,24552,2793,1577,3037
"12109","St. Johns","FL",2020,662920,39.4000356458127,28817,35950,118034,155980,92340,14.2944453470409,772,6627,3091,37479
"12035","Flagler","FL",2020,375283,40.5080190114677,1617,229900,181553,272170,84171,21.3242882641498,17617,4406,144,36616
"37051","Cumberland","NC",2020,939969,43.231870518066,498300,131286,143262,97417,86108,5.5750254553277,25698,5801,3547,27136
"38055","McLean","ND",2020,240347,36.6998996492475,542053,422028,196561,349277,60302,8.73891402850859,26998,5389,4186,35843
"39073","Hocking","OH",2020,723278,45.4432463180274,468338,329559,200266,208618,31645,26.9844225212,5483,1214,3736,12942
"41017","Deschutes","OR",2020,508878,37.0344091067091,273138,409254,9623,321041,92492,12.0062162529211,41069,5343,4668,31609
"45063","Lexington","SC",2020,894298,33.8385264202952,56372,479443,203583,91414,60020,24.0707658766769,48911,5354,353,34449
"48371","Pecos","TX",2020,426237,32.6202043937519,762592,153805,51337,266195,30508,12.0537908468395,45233,4792,4471,38411
"02164","Lake and Peninsula","AK",2020,67361,45.4119167802855,383663,414682,171863,200016,41169,15.0628502608743,41919,8697,299,38785
"26003","Alger","MI",2020,491380,31.7346283607185,211099,32104,122137,283268,62198,15.2805440139491,34547,2389,4319,37650
"34007","Camden","NJ",2020,346716,32.2118296148255,454488,281047,265444,293414,58398,12.0475062413607,18484,8189,4864,21859
"48361","Orange","TX",2020,680991,41.9675193028525,830714,247650,27604,40424,90869,5.64191796118394,24303,4808,1419,40650
"54003","Berkeley","WV",2020,495677,43.8166861375794,737106,351071,282445,157724,53018,8.90204696450382,13310,5103,2323,6631
"51187","Warren","VA",2020,361347,38.7201775657013,888385,302580,98299,66958,32753,12.8758539515547,6892,4251,970,18469
"51640","Galax","VA",2020,302441,47.0390309905633,497809,209929,265319,28092,48378,25.6585612322669,34396,5822,3525,24814
"06069","San Benito","CA",2020,725001,38.3435174683109,172921,151345,161740,365227,46187,27.3706744320225,4816,1797,1831,38015
"22065","Madison","LA",2020,582206,48.3442142372951,193165,486360,289952,197538,70176,29.6011352108326,12163,7707,2952,6510
"08035","Douglas","CO",2020,836338,36.049231258221,339568,400629,114065,108772,75798,7.08360200631432,21472,3187,1315,49738
"06009","Calaveras","CA",2020,737403,47.5197909679264,462871,347432,231198,339737,82883,6.45252209040336,22602,971,247,42916
"08111","San Juan","CO",2020,130701,42.0543762296438,578165,377998,244885,344829,83200,16.5304706327152,13737,6291,1723,9510
"13189","McDuffie","GA",2020,840249,46.3936572521925,633081,99979,164115,227177,54883,6.84712816262618,34423,1873,3725,38203
"16061","Lewis","ID",2020,334460,47.8301447909325,276648,71215,267777,43340,56600,25.2498005179223,11516,6433,308,32534
"19107","Keokuk","IA",2020,321533,42.3129190551117,403218,451852,152453,130198,99185,17.850635003997,38710,3462,1905,32140
"21011","Bath","KY",2020,631387,41.3199151074514,173520,194622,127734,370981,38548,8.02137829130515,45706,3294,1856,34400
"22013","Bienville","LA",2020,641994,46.5264016436413,47310,489192,214341,158425,88454,11.7795522743836,7666,2880,1322,31766
"37127","Nash","NC",2020,228758,39.715162916109,152976,275179,129680,177586,80718,27.2906026348937,39645,4260,2481,37397
"37057","Davidson","NC",2020,251779,30.8525731274858,776494,205540,41029,52750,93792,9.9478781176731,43126,1465,1741,283
"42129","Westmoreland","PA",2020,126713,39.4953218754381,217557,390447,214127,254357,72178,10.9689718938898,29874,9312,4760,22363
"51087","Henrico","VA",2020,479870,35.9595758840442,721868,98603,145382,235604,56343,29.4336442730855,43028,491,4235,5009
"51175","Southampton","VA",2020,565510,43.4060556208715,518755,231940,28202,189884,84700,26.0487688600551,7151,3899,257,33104
"55067","Langlade","WI",2020,647873,47.7963309269398,410699,437481,234399,167987,37302,26.200393664185,18351,5503,1819,8882
"48155","Foard","TX",2020,391416,37.3426155885682,520234,243817,145258,289103,84757,10.0790472188964,32633,3628,4972,36854
"13213","Murray","GA",2020,854733,49.9081331770867,866574,425938,125807,86476,31574,16.4516809524503,33767,9441,4656,31914
"09190","Western Connecticut","CT",2020,65996,35.0915186712518,661840,265129,88823,386369,78675,12.0977258204948,5589,9211,3914,10302
"37103","Jones","NC",2020,31133,48.4097743779421,211222,357137,238335,224129,41722,25.2280441590119,26480,7672,4298,32583
"47113","Madison","TN",2020,181885,35.746618937701,15482,468858,81131,286505,89151,24.0741249360144,1825,7220,1259,35832
"48467","Van Zandt","TX",2020,608508,34.0589559730142,408325,124594,120330,233019,51073,18.5697185527533,6914,9437,4937,16837
"54005","Boone","WV",2020,668672,33.1121580628678,189768,454588,193560,26171,87222,8.63232269301079,46026,5318,4196,44998
"24009","Calvert","MD",2020,294118,35.5492033343762,236621,285344,208883,258298,57851,28.2565225393046,41978,9655,1270,22701
"28001","Adams","MS",2020,113845,35.5942750675604,851192,420749,210932,94846,61729,17.6746475580148,28340,2893,2265,41611
"20025","Clark","KS",2020,805709,31.0801367880777,116906,492167,198145,84173,36575,14.1296788072214,12370,6744,4082,44159
"09140","Naugatuck Valley","CT",2020,689703,39.6888603176922,76304,171831,206760,368877,77143,9.01184010552242,19008,3129,1517,29757
"13031","Bulloch","GA",2020,872510,35.296794953756,302696,459861,141273,268116,33669,13.4320906316862,45117,7201,3347,16463
"27127","Redwood","MN",2020,887647,47.2284744912758,578431,394791,190967,217844,84857,29.9647588352673,35905,5497,1484,29935
"06095","Solano","CA",2020,167035,40.1057560602203,184651,442890,145299,395861,51325,12.8522651514504,10301,9963,4623,21440
"29199","Scotland","MO",2020,779834,36.1503453413025,51301,333145,73774,376243,45626,13.0988660105504,29997,2009,365,43961
"13179","Liberty","GA",2020,536969,35.0488647585735,681609,492222,119913,268948,41556,17.2667555464432,25156,3107,4906,19610
"01097","Mobile","AL",2020,686804,47.355322712101,569274,465096,95566,259700,86479,20.2331877383403,2288,5115,2513,34049
"01039","Covington","AL",2020,978030,31.7340560816228,562744,213125,171572,47764,74903,13.1975311681163,47094,8899,642,16926
"01119","Sumter","AL",2020,550994,43.3351061074063,188954,210579,54614,270773,67635,29.4965006073471,29833,6177,2785,48975
"01075","Lamar","AL",2020,152129,36.6979281883687,844880,214182,173799,375863,64842,11.5055071783718,28811,3848,1733,4718
"01029","Cleburne","AL",2020,83946,35.6930242897943,77162,251664,93451,144455,51448,11.0687606746797,24882,3608,3024,37409
"04017","Navajo","AZ",2020,349483,33.6396298417822,275834,15355,289818,304594,65266,10.5758505186532,13837,542,4752,26817
"05035","Crittenden","AR",2020,160463,49.00661629159,766625,42272,189437,295726,51847,7.32051185448654,7284,8362,388,2286
"06099","Stanislaus","CA",2020,212792,49.4864586926997,128879,350081,10500,178599,44017,10.3766646655276,23800,5157,2436,49970
"05055","Greene","AR",2020,734411,40.6238240422681,414891,426034,246305,18901,42260,23.9150259655435,11583,3500,3915,7328
"08081","Moffat","CO",2020,316575,48.032181924209,207638,209383,102223,11583,66063,9.01523229666054,25755,3999,3858,19071
"08115","Sedgwick","CO",2020,971225,45.0337941059843,593547,497426,60848,343348,64639,16.1218478705268,609,5913,3386,3550
"12087","Monroe","FL",2020,746643,36.9682295247912,568459,142963,239298,375709,50270,9.46143677690998,28805,307,1745,20390
"12081","Manatee","FL",2020,294474,35.246189055033,413746,362123,4663,248632,43705,23.1274814240169,47035,8223,207,19708
"09120","Greater Bridgeport","CT",2020,632728,41.3373942114413,274970,310163,210605,216457,91921,27.7048206317704,29021,8265,3698,15546
"17171","Scott","IL",2020,125949,45.6263158889487,424091,484320,185053,47779,70126,16.5877020230982,41995,9840,4511,28510
"17001","Adams","IL",2020,101584,33.1400725711137,141119,447399,137339,188600,93007,23.541501276195,10943,7122,3155,44751
"17095","Knox","IL",2020,14394,44.5802154066041,663947,166344,237824,133231,36763,17.1024967636913,35757,337,2832,17402
"13147","Hart","GA",2020,531990,37.8867419809103,329182,341657,213361,50199,94589,19.8642953718081,20027,1066,153,6355
"17083","Jersey","IL",2020,242018,35.1608735602349,249603,266053,279147,307083,48125,27.8413388016634,32935,3168,3343,23515
"17091","Kankakee","IL",2020,235268,30.6913531338796,348908,388885,128970,86273,87879,14.7037102619652,17240,9759,1996,45579
"13285","Troup","GA",2020,278644,43.787196953781,348177,4065,211531,64614,97660,21.4645098673645,29620,2745,4050,40131
"16075","Payette","ID",2020,226183,41.1250952258706,62899,320898,298333,66581,30945,25.3159219177905,42782,2488,1136,1587
"12051","Hendry","FL",2020,210666,31.9062774023041,211567,332553,200492,348637,95757,20.3913114860188,16318,3625,539,18581
"17135","Montgomery","IL",2020,763977,37.0116250729188,556278,13544,112785,98721,90480,10.8091910905205,3912,8181,2184,45852
"17119","Madison","IL",2020,931690,39.8310675425455,644853,477266,283730,398121,80769,12.5184690649621,33266,3415,1908,6854
"17037","DeKalb","IL",2020,556749,40.0749704707414,353294,21707,158278,185673,65821,22.4550436029676,15385,6942,397,8263
"17089","Kane","IL",2020,44362,42.3828671174124,489681,389988,26848,281780,35173,13.4781107725576,40038,7682,4069,564
"16057","Latah","ID",2020,196607,46.1212152754888,399301,260657,79082,158189,56048,17.9683974140789,41775,6914,2911,846
"17179","Tazewell","IL",2020,868675,44.3870712956414,220132,354681,288345,292192,80227,23.3630077517591,4692,6273,4608,12145
"17023","Clark","IL",2020,111431,42.5169135862961,832161,420710,257002,109748,85563,23.7138418608811,39813,3866,4055,14012
"13295","Walker","GA",2020,593694,34.3881933717057,541879,427990,20678,33588,58661,13.907485299278,35364,2910,4401,15411
"17073","Henry","IL",2020,470392,47.0875374041498,56103,413206,59174,233204,45275,24.4549428706523,47360,5683,4176,30135
"13101","Echols","GA",2020,867475,41.6544755548239,454846,126034,100176,317041,85195,22.4163734598551,33402,2001,3578,23372
"19133","Monona","IA",2020,8130,31.2399300653487,689685,248505,206071,298100,73473,11.1785762722138,39073,2869,3732,37104
"18075","Jay","IN",2020,179264,42.9156582802534,341927,495147,31037,149667,43447,22.2693032072857,11832,9638,3136,17321
"19061","Dubuque","IA",2020,43427,31.0530126839876,567728,78051,99101,308227,86944,7.69701111246832,37767,7554,3308,10390
"26129","Ogemaw","MI",2020,774185,32.4570638174191,218104,358359,40479,368243,62638,15.5698662227951,45109,358,2920,37036
"18033","DeKalb","IN",2020,350673,48.9377559628338,90772,463677,27142,118086,67991,12.8426191117615,30408,9427,1615,29749
"18087","LaGrange","IN",2020,431566,42.0288976328447,894306,161024,165366,311712,31616,5.10671220952645,37910,4036,238,34558
"26021","Berrien","MI",2020,986611,31.1435876134783,494152,195828,154222,50565,42446,9.1336179303471,1564,2151,2655,25049
"26165","Wexford","MI",2020,121391,36.0761102708057,269887,283882,260533,59005,62062,20.0832172774244,26794,3323,2763,47820
"19097","Jackson","IA",2020,126890,35.2403932111338,801392,381391,151117,255118,42405,28.9385613589548,27975,3380,2427,17927
"26059","Hillsdale","MI",2020,609402,48.1459115725011,381685,228367,193990,171323,54428,7.31984412530437,35652,145,2955,32393
"26005","Allegan","MI",2020,615976,37.099124668166,883907,32963,128339,358266,38301,26.22340486967,27690,7723,99,34656
"19109","Kossuth","IA",2020,358787,46.3672252744436,77138,396359,225805,139527,72864,8.54336544405669,47585,4604,4498,5244
"26139","Ottawa","MI",2020,758302,44.540801611729,640262,36661,283879,116862,34616,27.6402200991288,20137,1315,2572,26430
"19119","Lyon","IA",2020,851650,41.0152574535459,297449,201453,70597,302848,67825,22.7559387346264,223,2051,3006,40948
"16081","Teton","ID",2020,135182,30.6151274219155,361165,441989,35240,36262,57334,8.3643598202616,16785,1108,1178,32156
"17069","Hardin","IL",2020,28986,49.2476843763143,503716,323436,219941,124307,90612,26.674896631157,27779,6356,4225,2198
"17059","Gallatin","IL",2020,901237,44.0974933747202,268482,263254,77784,306071,44256,29.2242610664107,2288,6575,3717,16077
"17147","Piatt","IL",2020,427947,41.8576877377927,662558,177438,59221,317751,80975,22.0026756066363,39978,6652,255,34362
"17121","Marion","IL",2020,625346,42.4143714644015,270640,262802,179860,222634,68972,9.12186356843449,91,8913,4221,26602
"26065","Ingham","MI",2020,997920,32.4476365512237,868320,392235,112377,91466,37512,10.8053616492543,38961,3981,4206,37982
"19053","Decatur","IA",2020,40525,35.7437455421314,148628,133469,8783,80002,37520,19.9217377707828,29938,4044,2775,39953
"26051","Gladwin","MI",2020,796799,40.8732975460589,92902,155670,8436,5824,97587,27.9928458866198,37265,9494,1778,7629
"26105","Mason","MI",2020,590693,35.1287299580872,793472,345744,13653,233742,57494,27.9120100673754,13973,7068,3234,42999
"18135","Randolph","IN",2020,877407,41.838718848303,570543,215680,286301,258802,96016,25.7200636214111,17646,5379,1231,21310
"40143","Tulsa","OK",2020,715885,42.4194502597675,441312,265791,107485,230973,86115,24.9957779492252,29627,2919,1356,1676
"36079","Putnam","NY",2020,446224,44.9822102859616,567436,416379,38469,223230,58126,29.1392178228125,30846,654,2165,43022
"40097","Mayes","OK",2020,46193,31.048953733407,227122,205477,74842,150726,69742,7.09516817121767,33797,7150,3579,19513
"36029","Erie","NY",2020,251272,36.9427611026913,46092,105456,86198,271194,36325,28.0527981300838,14491,865,2145,42309
"26085","Lake","MI",2020,358635,33.3799187140539,586520,494462,1481,213411,70604,27.236735932529,43855,4285,2246,3255
"40021","Cherokee","OK",2020,555022,41.7756360815838,453522,432545,134651,32499,39130,29.4147094315849,24863,9063,1809,27965
"21023","Bracken","KY",2020,600205,49.1016529826447,714233,143644,185249,364553,83150,25.8101622294635,1336,6910,2793,8527
"26045","Eaton","MI",2020,434179,34.3890192219988,718076,130794,197132,194265,49076,20.9970282693394,5049,2777,2815,48258
"40035","Craig","OK",2020,869400,44.0487003140152,764010,128397,209146,146584,95090,12.5193372496869,25633,9695,388,46969
"26155","Shiawassee","MI",2020,242689,36.6774036874995,855885,350801,67386,166347,75490,12.997402449837,4904,205,4139,20765
"20119","Meade","KS",2020,745255,35.6183052947745,286739,217157,232670,14482,65398,14.7427711240016,37366,2466,4222,4015
"20099","Labette","KS",2020,837222,48.2071000197902,510646,404210,201085,145141,38348,29.8188755009323,36009,2162,2726,208
"20077","Harper","KS",2020,78453,48.980287485756,402791,342685,224150,239610,78075,15.7796932861675,41568,8637,909,42245
"20043","Doniphan","KS",2020,167621,32.1762245241553,663626,94837,37378,342115,38979,29.3829707673285,15083,7255,3639,40940
"20157","Republic","KS",2020,196549,43.5914170509204,268632,82509,104084,134948,78932,19.6229832374956,25822,728,1299,16514
"20005","Atchison","KS",2020,182931,41.8747141584754,45904,239302,177994,695,63439,22.0877190423198,29768,1131,4194,835
"21075","Fulton","KY",2020,50001,46.0110898967832,799782,378869,52376,1762,57094,12.6061077765189,46063,4277,1414,6395
"08003","Alamosa","CO",2020,791631,38.9212706126273,18456,268842,76056,106974,37907,20.3078893315978,14215,5732,2809,35454
"36001","Albany","NY",2020,993952,38.6575068440288,795745,318018,244051,107445,74576,29.2216741258744,5013,2048,2974,15707
"40015","Caddo","OK",2020,488948,34.712547371164,206334,199220,8399,63325,39778,15.6020763458218,5242,4870,384,17627
"28095","Monroe","MS",2020,19232,43.719889591448,884164,238138,298398,270642,69798,26.8557758664247,31475,4842,3583,32108
"21035","Calloway","KY",2020,918073,31.2076071137562,60966,359634,296084,151022,62245,8.22194436448626,3011,9990,4206,35646
"26061","Houghton","MI",2020,986080,43.2297636661679,281723,305614,242302,378814,69873,25.6508160685189,1085,7102,4590,4010
"40105","Nowata","OK",2020,647143,33.5758398240432,849918,41365,130948,324149,59002,23.2636627461761,29485,6876,5,31578
"08087","Morgan","CO",2020,283848,43.5075091104954,780559,495149,164566,199423,59769,11.6559102677274,19263,4913,1332,34471
"08105","Rio Grande","CO",2020,382497,34.4143595220521,320453,375747,87178,132468,40919,20.0798151211347,34951,1594,1133,49293
"08089","Otero","CO",2020,152713,43.494517817162,234338,350187,245961,54440,71214,11.2168638803996,10503,9224,293,49176
"02068","Denali","AK",2020,979146,38.8255685055628,48669,433904,92053,50405,61136,14.2259647324681,23458,7837,654,13219
"02275","Wrangell","AK",2020,907110,32.7927954448387,471123,23113,153001,394573,81210,5.21168903331272,18882,3734,399,1928
"24023","Garrett","MD",2020,761777,47.5097671151161,313770,486647,140147,353961,90055,20.4393548669759,6028,8035,4892,10051
"01021","Chilton","AL",2020,485157,37.2528644092381,448740,258774,157988,14661,62243,16.9393909350038,13180,3660,3514,29957
"25019","Nantucket","MA",2020,21747,34.344777869992,702907,55373,217829,301273,91042,7.98771720263176,2751,4254,2380,20894
"01103","Morgan","AL",2020,491962,31.5711553161964,290199,276304,73182,16073,66357,9.52823670930229,36254,7210,2997,4603
"26017","Bay","MI",2020,101497,43.1023347331211,335363,223569,72822,195363,53669,13.0630264128558,9947,9988,4543,21599
"26151","Sanilac","MI",2020,235630,31.6208453429863,804567,109964,204207,200855,48919,29.191177758621,6930,9562,4727,48703
"01037","Coosa","AL",2020,793875,30.2858442580327,533942,304681,279788,56397,89006,9.5284966006875,49721,772,2088,48484
"27043","Faribault","MN",2020,46495,46.3194416183978,876301,308292,154193,319801,35530,20.6425315421075,326,9620,4067,41422
"27117","Pipestone","MN",2020,667365,30.6415675487369,165335,276250,268277,368238,53138,6.96551742847078,30195,8629,1570,21774
"27055","Houston","MN",2020,605458,36.3038821984082,52827,382028,199994,380450,65535,19.4729462044779,5007,508,1449,20029
"27071","Koochiching","MN",2020,305699,33.7180413864553,575807,490885,287796,188019,53336,11.1155232659075,34108,4830,28,7869
"28039","George","MS",2020,961546,39.8276117350906,610368,402343,220693,198681,92972,16.4156983152498,44097,3659,4721,9023
"28023","Clarke","MS",2020,528097,43.5582315549254,278196,487985,149555,113850,91837,26.4488918893039,27396,6502,1419,21699
"41067","Washington","OR",2020,158893,40.6106596533209,231423,207615,149952,371,56204,28.5952912888024,43866,4881,2995,17509
"55081","Monroe","WI",2020,104214,38.0299143865705,339616,375487,135890,1329,78583,14.6011732355691,37965,78,727,28170
"55129","Washburn","WI",2020,342024,43.2318485202268,774417,65406,171854,269304,35071,14.1712390014436,40786,8724,3339,6103
"55085","Oneida","WI",2020,647448,49.3184556858614,21572,444119,124704,10854,58744,20.3812759846915,33190,5382,971,2915
"56025","Natrona","WY",2020,942025,46.384915933013,155703,228562,103924,25367,63237,27.6363334455527,610,5493,4113,45965
"13239","Quitman","GA",2020,18622,37.3430916806683,218110,479315,22429,175274,88644,29.3605124007445,8139,7278,4304,29495
"32029","Storey","NV",2020,851514,33.0237351357937,706105,171351,254161,187123,39712,19.8180564632639,43208,5353,3175,29830
"51720","Norton","VA",2020,946163,39.4540454214439,586807,165713,169281,399179,73837,28.4695595107041,10204,8585,161,30820
"39013","Belmont","OH",2020,857359,47.3054744908586,617501,84926,263065,275782,31650,28.137678852072,6242,6615,3674,11351
"39135","Preble","OH",2020,694987,43.4914190787822,377051,201035,112273,188515,72375,10.1389931584708,1241,8575,4547,17681
"41071","Yamhill","OR",2020,517734,39.3939468637109,650233,488755,219434,1635,33049,13.052152156597,36975,1788,923,3875
"42003","Allegheny","PA",2020,822008,39.892663625069,865796,278184,124912,68015,91515,25.3679523896426,42638,5500,4052,21157
"42005","Armstrong","PA",2020,7716,33.1602305779234,824629,148100,6305,241025,85084,14.5545370539185,33384,636,2255,41069
"42119","Union","PA",2020,289939,45.8352693682536,742698,319339,67158,137520,63300,22.1882124734111,8677,8376,131,45254
"56009","Converse","WY",2020,244738,37.8769935946912,83517,336508,119871,14471,41895,27.7790608478244,16655,377,2968,21851
"60050","Western","AS",2020,297000,33.9564917981625,320380,220691,30856,10514,56022,15.3462259867229,24510,950,4258,41853
"60030","Rose Island","AS",2020,161568,40.5698268348351,569273,319849,65742,216772,44661,16.5094048611354,26561,32,2487,44001
"72021","Bayamón","PR",2020,648468,44.7777788061649,2872,498052,245838,146157,53897,5.11692529078573,48706,8765,2498,22197
"08085","Montrose","CO",2020,23837,42.2429182194173,272286,210672,95020,127469,46124,9.7767183452379,18907,7075,4527,25198
"12115","Sarasota","FL",2020,387484,42.7933241287246,119127,347602,225368,47991,94709,26.4653181552421,21481,5180,4866,39257
"12021","Collier","FL",2020,652723,45.7816417235881,347914,91779,199587,24613,38401,23.7597730488051,9310,7286,2599,4220
"39025","Clermont","OH",2020,767833,31.2446073116735,62880,255661,135254,19748,58356,13.1576401018538,45752,5095,2682,17587
"39037","Darke","OH",2020,495020,35.2074496215209,40111,405128,210057,332394,59649,19.3241243669763,1760,5473,987,24330
"42077","Lehigh","PA",2020,408661,39.7965026041493,639596,21706,75140,364800,31958,20.8867216436192,34536,2413,3568,25357
"42037","Columbia","PA",2020,216912,43.2749341893941,127709,380834,263158,222784,41401,14.5481525408104,40169,5568,846,23578
"72051","Dorado","PR",2020,579196,34.6672634081915,312377,261038,215774,30781,78628,8.02086990559474,24874,4388,2414,48539
"72073","Jayuya","PR",2020,498920,34.0270850947127,822145,103439,77176,74128,42778,15.0434447696898,15946,1885,1446,14918
"12099","Palm Beach","FL",2020,211600,47.129471260123,756570,20689,90374,183600,60336,8.33835803903639,47416,9377,707,46485
"12061","Indian River","FL",2020,612451,45.4167184559628,801454,353693,263835,25768,52820,28.9876410574652,39789,1692,3529,26269
"39093","Lorain","OH",2020,96349,40.2607743628323,50277,274112,220960,369515,81366,24.375165225938,18293,3718,3048,15587
"39007","Ashtabula","OH",2020,591229,43.7518507987261,85616,217272,247547,277367,63056,7.01796250767075,49097,6919,1565,15774
"45023","Chester","SC",2020,576782,45.8564997045323,385713,183090,242378,18933,44429,6.00741763599217,10730,476,1189,3651
"45001","Abbeville","SC",2020,971950,39.4222842529416,638556,149124,40159,343654,71407,25.4913798428606,42095,8622,231,36401
"46035","Davison","SD",2020,17072,38.9776649931446,189051,62243,196474,304784,92273,26.545410976978,13054,1701,2854,32079
"72059","Guayanilla","PR",2020,415917,33.9142570784315,220678,188304,126216,295299,42032,27.7537885424681,22238,1126,472,30241
"72075","Juana Díaz","PR",2020,990684,49.6542734233662,338662,171815,149643,398157,61890,23.8227894075681,22494,7029,1629,25706
"12059","Holmes","FL",2020,167642,37.6472637010738,329679,486023,271722,27194,75942,23.6148549662903,18243,2400,1725,4176
"17007","Boone","IL",2020,713317,42.1421699179336,422803,75815,276285,230195,96505,27.717126540374,3218,1383,1173,28933
"17049","Effingham","IL",2020,471993,38.7495383387432,697258,123215,26523,314453,68760,16.6551014129072,34544,4735,909,32727
"31059","Fillmore","NE",2020,785789,39.0853422926739,831720,179167,156976,98249,64292,28.1250390701462,1122,4915,4782,45398
"31121","Merrick","NE",2020,895969,42.019313829951,195680,313620,149662,249212,74770,25.2953550149687,18694,7998,1485,12001
"31047","Dawson","NE",2020,505887,40.9167805220932,582789,265060,281885,270969,86890,20.2925708214752,2713,9631,2065,16659
"46097","Miner","SD",2020,118925,38.1761769857258,14746,361570,100122,178032,39148,23.786424677819,2630,8480,3996,10877
"46087","McCook","SD",2020,537799,37.9056442109868,30344,25559,263179,12974,45817,19.8186857346445,6484,8191,1351,8237
"46015","Brule","SD",2020,828896,42.6448854105547,609811,307693,234864,199950,78333,10.9867262665648,19082,1080,1874,14125
"46073","Jerauld","SD",2020,697407,30.0004161940888,880760,128432,69253,362339,47918,10.894203070784,30349,9948,3753,48716
"72131","San Sebastián","PR",2020,407869,32.6717407349497,61524,396329,153888,204681,94861,6.88777124276385,30045,2341,4442,32917
"72011","Añasco","PR",2020,851322,49.0550211211666,841998,41649,246025,256972,40764,10.0234945781995,26297,1990,4683,11061
"17019","Champaign","IL",2020,349203,49.2995604360476,754997,297892,262555,301651,75011,6.91118479706347,27276,5222,1495,20521
"17013","Calhoun","IL",2020,151943,32.1856531407684,263772,51921,39708,319145,91793,27.9726512217894,27236,435,3755,49359
"31181","Webster","NE",2020,245290,43.9886930165812,824287,439246,282121,256942,58546,13.129948360147,35296,6087,354,39069
"31163","Sherman","NE",2020,875878,38.6339085549116,173589,441244,190936,11097,52138,25.9750875423197,30627,8765,4654,36401
"31007","Banner","NE",2020,559925,34.5392947737128,888232,248291,259286,99229,61052,25.5415302189067,5708,1636,749,10647
"31113","Logan","NE",2020,373645,41.1678289994597,193432,445410,294714,112887,86223,23.4550316538662,9718,4888,3871,28950
"46119","Sully","SD",2020,426124,45.8826261106879,401191,180576,200813,23422,79620,29.1046477283817,10133,4456,394,38504
"47133","Overton","TN",2020,154657,30.8495919918641,104919,452813,103448,100951,37662,27.286919306498,32021,3822,3923,48727
"48157","Fort Bend","TX",2020,901526,45.1528263930231,397570,417087,47899,146302,82268,16.803874821635,29378,750,1660,23410
"72099","Moca","PR",2020,597956,39.7230710554868,3949,109201,52723,319769,82981,17.8885488666128,44025,1639,3965,41629
"72061","Guaynabo","PR",2020,138969,32.8401288436726,699562,156633,178665,36631,36753,25.4587483545765,19235,10,174,37919
"17133","Monroe","IL",2020,27350,47.2221552627161,805165,399794,162824,257716,75443,6.69126341352239,35811,5192,4196,23266
"17183","Vermilion","IL",2020,181494,30.2831260114908,471908,54113,75603,209408,58986,16.9683652825188,42254,691,3773,28828
"17107","Logan","IL",2020,913203,41.4485047431663,432353,298929,18851,148481,30843,21.4828334935009,32080,7704,3429,24367
"33013","Merrimack","NH",2020,688624,42.7092545293272,387806,236516,118202,242461,49670,25.510881964583,32423,6731,3570,29103
"35005","Chaves","NM",2020,919014,34.782898533158,386648,399827,468,279386,96344,22.1263691678178,14509,4133,4273,3365
"36023","Cortland","NY",2020,396519,49.7567503759637,798150,397953,232126,155891,97579,17.1045956446324,17679,3950,4930,6337
"48013","Atascosa","TX",2020,491057,36.610006657429,367014,203777,14065,33388,49190,5.06903625908308,10161,9923,3808,29440
"48121","Denton","TX",2020,271812,48.4111641673371,165433,90179,257203,311284,49233,7.66243178048171,43480,1945,1545,31052
"48325","Medina","TX",2020,159592,30.9876088052988,93451,264672,116528,315279,85707,5.31476757721975,8876,1130,2213,3731
"72105","Naranjito","PR",2020,432918,41.9266882212833,285194,66140,78402,160623,46628,12.7961499337107,24537,4815,885,38024
"72079","Lajas","PR",2020,978608,34.5039107231423,550843,447635,275948,160143,60641,13.7497164320666,24561,2852,4016,2072
"17199","Williamson","IL",2020,848516,33.7938215397298,347610,129125,31070,55496,91315,21.6361668030731,10938,2090,4877,2374
"13111","Fannin","GA",2020,45845,41.196361547336,559287,161266,35638,2524,99895,10.4768981586676,23634,8726,1100,10674
"17177","Stephenson","IL",2020,487633,39.5327357808128,146651,306977,234691,214654,66543,23.2996131712571,1211,3461,4976,32369
"36041","Hamilton","NY",2020,156711,38.9241754636168,432308,320811,126272,54326,46198,23.2065643544775,1231,8232,3905,45068
"36097","Schuyler","NY",2020,661973,37.7650132402778,181495,428904,209198,29717,97173,26.5393328457139,47331,5537,964,49076
"36123","Yates","NY",2020,731945,43.2819309597835,267169,72888,122642,129211,83979,27.3434272280429,1336,3519,3608,49498
"48027","Bell","TX",2020,348036,36.9068771088496,717227,80472,76938,61856,34854,18.357283215737,12915,843,4611,5449
"48049","Brown","TX",2020,172528,44.8825217131525,245171,16223,173935,225277,36452,11.8996918387711,20657,3777,1831,9054
"48231","Hunt","TX",2020,813369,30.5372447986156,440140,39823,157989,399581,79353,17.3861353902612,32091,9044,2018,48065
"72057","Guayama","PR",2020,97171,45.8106445148587,139667,24391,116698,322584,61816,10.7875691330992,6031,3898,2266,433
"72025","Caguas","PR",2020,935406,43.0221963766962,523821,367331,64876,34854,84427,17.0905613352079,21065,1270,665,11554
"01083","Limestone","AL",2020,76055,42.4518105899915,645055,189767,670,380479,56968,27.5459774665069,2083,5552,4503,11183
"04003","Cochise","AZ",2020,330654,40.7356337970123,46522,418023,120485,70455,78369,26.0599381767679,33544,8854,3221,7639
"04023","Santa Cruz","AZ",2020,30866,36.8059440888464,745821,42368,78471,141136,88888,11.2857802258804,35215,6455,4308,34152
"37183","Wake","NC",2020,229094,48.6089642019942,652189,107010,219833,358499,66399,9.26528715761378,27044,4957,4822,32293
"37151","Randolph","NC",2020,312632,30.2870290819556,510494,462567,296912,99461,92456,25.7010086625814,43120,3640,4943,10528
"48259","Kendall","TX",2020,814072,40.9542489238083,384936,193250,222834,165546,43109,20.244406554848,17093,6428,227,41630
"48233","Hutchinson","TX",2020,981895,49.78507891763,108396,154992,264990,377939,87335,26.7199117701966,18015,6028,564,25977
"48207","Haskell","TX",2020,229531,32.7202675072476,466745,370857,266829,23333,68807,5.1868731516879,23428,2732,2290,10232
"48099","Coryell","TX",2020,115627,41.2423040531576,890927,447600,141210,42538,39567,22.7439507446252,27390,1240,1741,12168
"72029","Canóvanas","PR",2020,427298,34.5069747185335,869673,270491,39308,61546,77268,26.948154841084,34027,8781,4449,42290
"72041","Cidra","PR",2020,491960,30.2812815830112,120969,408483,92357,183904,57060,24.3345545267221,18355,6437,1876,40204
"04011","Greenlee","AZ",2020,181480,40.3884089738131,849864,177366,119918,342225,60223,19.6870386495721,11935,1253,3175,18816
"05113","Polk","AR",2020,443281,47.8553900122643,213731,425206,275381,25630,48799,28.6467617971357,26532,7866,2186,18812
"37061","Duplin","NC",2020,312699,48.2774801924825,746722,14082,183085,23848,90842,17.7622630854603,46960,2706,970,19679
"37035","Catawba","NC",2020,184775,35.0069519411772,91583,263155,215874,192041,73364,28.8247130531818,16468,8472,2970,29574
"48183","Gregg","TX",2020,821209,46.5426685335115,721752,457695,294277,313682,60978,20.1977542496752,22661,4601,2827,3548
"48101","Cottle","TX",2020,350521,37.4536551255733,191336,421627,75597,393879,84200,10.4933345818426,38352,4493,3740,4243
"48193","Hamilton","TX",2020,760333,48.019614610821,568007,28717,212164,44252,39441,18.8219905958977,41748,7807,2638,6360
"48437","Swisher","TX",2020,723014,35.3898739721626,1077,472617,195533,19093,37340,24.9964589963201,36873,9288,3028,15098
"48125","Dickens","TX",2020,381366,36.2457681167871,321672,114235,212728,47724,35573,16.1656077730004,44003,6496,4426,18201
"72139","Trujillo Alto","PR",2020,396119,36.568483421579,24148,37166,22466,366827,47060,17.9044729634188,30903,2524,2144,30601
"72063","Gurabo","PR",2020,255564,46.2925366032869,641112,245452,122841,380239,81791,27.9330164787825,36139,8297,2784,46356
"05005","Baxter","AR",2020,338261,35.2792099304497,641173,365832,50428,189433,33279,26.1105136666447,3077,7708,1186,26988
"06075","San Francisco","CA",2020,799463,31.3937965547666,181444,285682,53153,30028,52607,14.0974114427809,10101,509,3921,80
"06027","Inyo","CA",2020,571185,43.4050845354795,58273,76800,118020,274615,58008,24.5668677100912,7415,4775,4750,17773
"06061","Placer","CA",2020,526743,47.5529664102942,62729,261380,263940,320501,74324,10.7386811764445,36023,3987,883,46649
"37107","Lenoir","NC",2020,782096,32.2456797910854,546129,166573,23015,235829,95382,6.62142939516343,47331,2510,2114,21173
"38089","Stark","ND",2020,93338,36.3652088586241,189436,306782,169745,243559,63804,13.6747165711131,2285,4048,2025,38237
"48445","Terry","TX",2020,694252,34.1861702594906,565732,17163,108113,80577,84743,29.1424498613924,19424,3749,4835,45358
"48425","Somervell","TX",2020,666950,44.7364732809365,860369,466086,248006,212150,51217,6.34346475824714,34642,6123,4989,40418
"48069","Castro","TX",2020,398473,33.2529605505988,851410,223904,60121,204925,33350,6.63810164667666,418,9429,1555,30166
"48175","Goliad","TX",2020,471385,46.5877424133942,895283,9942,205677,149568,48929,25.3302165435161,1271,4997,1213,47560
"48235","Irion","TX",2020,781774,32.6209422200918,28355,352654,259565,133518,70547,26.2141126045026,40811,788,2733,31891
"48107","Crosby","TX",2020,425379,48.147258805111,407351,128652,254456,215891,95774,29.0237155929208,20949,4806,4893,31628
"48413","Schleicher","TX",2020,445831,35.3482249518856,463840,273634,285091,156003,84650,14.7252374864183,15205,8249,4414,18071
"49041","Sevier","UT",2020,631525,42.3575248802081,522747,236842,65450,211122,87996,9.88255664240569,33408,2075,810,43251
"72109","Patillas","PR",2020,829402,38.4621424833313,206813,261973,293505,23795,51582,22.4252282537054,44267,6357,1563,48551
"72153","Yauco","PR",2020,249525,33.1784557970241,95116,488785,159241,182438,41398,8.55178816826083,34680,7181,3709,3642
"06035","Lassen","CA",2020,720742,38.902859101072,291179,222923,142514,93759,89110,25.3977734781802,21726,267,3042,7186
"06029","Kern","CA",2020,975658,43.3375933812931,779633,296834,90316,173822,44691,8.18166895885952,29459,1768,2196,16201
"38015","Burleigh","ND",2020,191030,41.3990000402555,241898,443783,78029,318096,57179,22.7409636031371,6257,1099,97,12555
"38047","Logan","ND",2020,604320,35.3841756330803,475665,59298,139059,137265,62943,21.2765020912047,37901,7025,4327,43630
"38043","Kidder","ND",2020,875328,46.737438859418,339776,324624,182985,322043,31250,5.92212183517404,16188,5462,976,36922
"49001","Beaver","UT",2020,364982,34.2356030736119,224698,113675,231330,91975,85654,10.2579359209631,7436,410,3196,41391
"50023","Washington","VT",2020,27156,41.2750159669667,22369,428301,15471,233654,95608,14.7801560012158,28838,1089,1716,44848
"50015","Lamoille","VT",2020,807719,37.9876740928739,679697,234192,62603,8163,48933,17.0181019417942,9356,1322,1169,19389
"72001","Adjuntas","PR",2020,144107,31.6264411527663,300636,38412,251127,339012,72703,11.9179176702164,17040,6394,3257,42061
"72145","Vega Baja","PR",2020,966028,44.6893350221217,401109,436622,36652,262139,82953,20.5009595328011,16240,1570,2893,18329
"08007","Archuleta","CO",2020,515366,47.0773426489905,670407,160413,266005,29657,42000,14.4640518946107,12867,3324,3532,24686
"08103","Rio Blanco","CO",2020,610249,49.4955194322392,271308,395956,53761,210479,33743,20.9352835384198,21055,7551,777,36758
"08075","Logan","CO",2020,214243,47.1097625186667,263417,76143,296628,155921,53168,26.404574328335,14108,29,1411,38992
"39003","Allen","OH",2020,900956,44.429494314827,633694,51282,194743,177279,98603,24.1125361132436,36864,8316,188,35073
"39137","Putnam","OH",2020,698495,33.0142234358937,665201,403933,115591,373763,38782,12.2342919709627,785,4056,3462,1707
"39139","Richland","OH",2020,103868,31.4428993407637,395212,453946,1593,362114,60523,20.2263672964182,49574,7953,4545,6137
"39011","Auglaize","OH",2020,304994,44.0878707310185,757069,495535,276204,135694,40277,16.9751465623267,36504,8515,226,26477
"51135","Nottoway","VA",2020,606075,33.8245817972347,638401,63066,280153,93252,89176,7.72920909337699,25946,8055,3691,35572
"51790","Staunton","VA",2020,18891,34.3441137578338,479657,94550,58554,229777,59585,7.23351331078447,49433,4920,4147,33574
"51670","Hopewell","VA",2020,164530,34.875866365619,754511,464027,224596,85783,60245,27.9953417729121,35610,8118,333,40750
"72055","Guánica","PR",2020,87249,32.7541983965784,200462,321300,104218,179331,56645,19.7874221845996,11691,7201,136,25312
"72133","Santa Isabel","PR",2020,310635,35.6722263712436,580403,21832,197204,310196,79275,22.6732690655626,24356,6468,3951,32859
"09160","Northwest Hills","CT",2020,923297,46.945364526473,164371,187305,167210,322437,57950,25.2456504805014,31548,5304,2380,20634
"38013","Burke","ND",2020,741499,41.5266358060762,479585,305362,173980,59312,68077,24.0626615309156,13846,1907,786,346
"38079","Rolette","ND",2020,81976,45.5802664393559,346933,418063,110848,176536,99212,22.9076685162727,7854,570,4617,43935
"38075","Renville","ND",2020,216042,49.3743040086702,808761,162386,58350,362687,38012,18.1461862823926,11,2429,4226,18161
"39133","Portage","OH",2020,590128,34.1295649763197,520287,106925,296162,113685,41230,9.96284134569578,456,393,710,14539
"39005","Ashland","OH",2020,356593,38.2811251748353,38524,213780,177615,384825,90918,20.2515993395355,45156,9369,2372,29673
"39065","Hardin","OH",2020,449604,30.1372674526647,322699,460763,27596,44467,34577,5.63021065434441,26528,6758,2324,4963
"39175","Wyandot","OH",2020,779369,42.9139686422423,446016,283079,156262,191008,71445,16.3429479300976,40660,8153,4091,26715
"51750","Radford","VA",2020,367228,32.4644068069756,875286,487492,140109,97282,31948,8.78978863591328,48069,1491,3695,17686
"51183","Sussex","VA",2020,495890,31.5014369832352,269616,359053,116693,182991,84240,25.2945127675775,35202,1862,4385,35772
"51610","Falls Church","VA",2020,355872,48.1779933348298,887035,14340,177039,84449,45285,19.5987691823393,24653,4200,4532,25995
"51595","Emporia","VA",2020,600184,35.0202166475356,474994,400677,128717,204867,75738,19.3985778326169,41507,3695,3948,7326
"72121","Sabana Grande","PR",2020,444612,39.8895286023617,295464,57745,93613,174209,51290,9.63523496873677,36764,2690,3495,15825
"72147","Vieques","PR",2020,979672,44.9444818031043,306190,441336,128418,203851,35395,11.9457727484405,39440,9247,1945,24272
"39145","Scioto","OH",2020,392141,46.3216659240425,510422,39372,226775,99443,35878,22.1873734274413,23314,923,3545,16099
"39087","Lawrence","OH",2020,460584,35.2078180573881,664789,440665,230080,290795,57472,24.1837887978181,4328,8123,1841,14786
"39115","Morgan","OH",2020,288765,39.3401171872392,425633,161322,91676,226951,45874,13.0777931318153,24987,5361,4528,33707
"39067","Harrison","OH",2020,58134,43.9264055155218,197244,389172,203249,137492,53666,17.5595292018261,45745,4076,4885,6320
"40061","Haskell","OK",2020,929638,45.7285246904939,826721,344427,90494,54370,72523,21.9405744294636,21710,591,4640,24178
"51620","Franklin","VA",2020,573579,41.7795582627878,405722,140034,234241,360646,62515,21.6552630718797,5088,2614,3257,13993
"53001","Adams","WA",2020,520291,31.9853151403368,415648,461476,153761,336207,47599,18.6499707587063,17542,8135,4319,746
"54091","Taylor","WV",2020,391745,32.03782687895,217296,244856,42635,371878,96491,7.39210068830289,6731,5121,745,38056
"72071","Isabela","PR",2020,562533,34.7528989473358,467270,453364,225431,165525,37387,7.21370155923069,14788,9815,4885,625
"72017","Barceloneta","PR",2020,142627,40.3381100669503,512529,175846,28623,381829,49620,14.6853172639385,9685,4088,4261,43960
"39029","Columbiana","OH",2020,282252,37.9908649111167,631134,274438,272417,284631,62447,16.2144860322587,33958,6036,3956,43937
"39099","Mahoning","OH",2020,934325,41.8440266046673,142416,15854,261506,367808,86485,9.83183359610848,46634,1009,4889,36053
"40011","Blaine","OK",2020,376983,45.5171763524413,798047,169092,123067,138065,70134,13.0476592178456,9383,8612,3119,170
"40091","McIntosh","OK",2020,393401,30.4980424558744,833299,499973,174498,344807,87660,7.63542145839892,49850,461,168,13235
"55025","Dane","WI",2020,85919,33.2680037198588,203987,327632,60030,229702,94722,17.3740573704708,48151,6162,372,32616
"55103","Richland","WI",2020,630563,34.2482956219465,578140,114247,121363,8848,41260,12.0414078480098,8599,3131,1606,49326
"55135","Waupaca","WI",2020,24543,35.8540029777214,92376,358477,268522,312763,78539,7.0248495566193,28909,8854,4354,9880
"72111","Peñuelas","PR",2020,222889,37.9669486405328,366665,453409,146002,67525,48373,26.7473442840856,31025,9865,2940,18077
"72093","Maricao","PR",2020,524446,33.4149917913601,721193,439994,299220,275769,43744,20.4407110298052,41906,13,2082,49553
"13231","Pike","GA",2020,5830,45.1627642801031,471489,392220,67462,6109,73405,16.9787659787107,37599,5248,1377,33351
"13055","Chattooga","GA",2020,270920,35.293115451932,413167,92421,219823,351737,93523,5.04659164114855,12132,8349,3083,5340
"13011","Banks","GA",2020,582670,32.9894659621641,387511,5666,54388,109973,74858,20.4648066614754,46662,8357,2954,12543
"13003","Atkinson","GA",2020,67343,30.208003539592,849026,168810,85990,19584,65678,16.0370354785118,49506,8859,3819,29890
"31025","Cass","NE",2020,940462,36.7792685888708,126017,120574,137498,355243,33502,29.8276821861509,4313,5486,4261,25003
"31061","Franklin","NE",2020,805995,31.2490368587896,613368,21949,135866,209862,39588,5.59358114376664,47201,7742,2812,42097
"31175","Valley","NE",2020,657841,30.7151772780344,302221,450990,240135,176474,66833,13.7487813492771,15685,7080,216,45045
"48337","Montague","TX",2020,516961,39.5287404488772,141401,325086,104799,238854,81566,11.0978934634477,44674,8517,1112,8282
"48211","Hemphill","TX",2020,617371,30.2148968027905,686804,123293,218483,21119,43377,10.4014859430026,42022,6823,3869,32736
"48111","Dallam","TX",2020,678424,35.6713183131069,707145,453563,227983,355012,55286,28.1899039470591,31402,7759,2700,21753
"50001","Addison","VT",2020,67014,37.2890232969075,571226,498250,138252,261544,59398,21.6764626977965,2334,3573,3840,15176
"13321","Worth","GA",2020,772852,47.8330798260868,478579,288594,133903,283175,51591,20.11789264041,2954,7917,2153,39521
"18181","White","IN",2020,722215,45.8050673687831,819056,56128,44927,324515,70777,25.2125633950345,11844,791,1854,32834
"18011","Boone","IN",2020,642538,46.6343090962619,255442,263358,94899,149870,35808,12.311036955798,23790,8410,3985,26965
"13125","Glascock","GA",2020,538070,43.5623974958435,95512,350155,299321,237183,75583,24.5002524647862,14185,3989,4356,42816
"16001","Ada","ID",2020,166584,43.9511503279209,688565,320202,57998,270157,40896,27.1026529499795,35268,3481,2483,13407
"32023","Nye","NV",2020,861611,46.9906732486561,81552,19842,200233,247763,55908,29.6732257597614,15700,9858,214,41530
"32005","Douglas","NV",2020,604486,44.6010464662686,656930,140802,296110,155240,51596,20.886173513718,42693,2243,296,179
"51740","Portsmouth","VA",2020,307251,31.0914707789198,26610,337507,256720,243566,48968,18.4182286099531,42502,7674,1161,10633
"51800","Suffolk","VA",2020,117460,31.1947190435603,784789,10762,148951,111320,37811,16.1668900528457,40583,167,1058,18807
"51520","Bristol","VA",2020,263756,47.6154016237706,155597,138756,286785,230164,38749,12.221755158389,4724,2628,1291,42138
"18121","Parke","IN",2020,964674,33.4228693600744,148404,68906,157387,20780,33893,7.07400522776879,21131,5449,3671,5081
"18101","Martin","IN",2020,641762,31.3524750014767,709558,33493,18708,347288,57924,17.9835515748709,34721,3195,3147,47898
"20141","Osborne","KS",2020,625125,30.0921054836363,42050,41377,224670,85587,59496,9.7982539224904,46544,5474,2694,2152
"21071","Floyd","KY",2020,492257,34.4315199693665,880560,499219,260562,227482,74494,14.3680521764327,25389,4352,736,44497
"21001","Adair","KY",2020,418625,47.2211479116231,471944,470244,265754,64941,70293,18.8223223621026,48791,1341,2655,12526
"16011","Bingham","ID",2020,608079,30.3490215260535,224498,267298,188848,84328,41219,12.9632058739662,2447,4518,4031,19846
"16065","Madison","ID",2020,375386,38.1905307341367,204927,443182,181203,375254,77779,9.60056986776181,6748,4571,414,24277
"33005","Cheshire","NH",2020,863357,46.2235079752281,872041,408851,95291,273781,73840,9.62828620802611,35486,3361,1756,21213
"35006","Cibola","NM",2020,858949,41.2166481511667,312092,286667,294221,289648,59805,13.6565516598057,49774,4122,98,31437
"35015","Eddy","NM",2020,227843,47.6523520471528,181606,234434,35527,318779,33742,24.457189849345,49320,9562,4593,27490
"53063","Spokane","WA",2020,87859,39.8420298099518,842794,146102,113225,365733,75210,12.1182007028256,26877,8920,2260,13750
"53023","Garfield","WA",2020,656566,45.6061200145632,347277,307679,276349,158346,96563,27.6765146711841,2849,1236,3318,2276
"21227","Warren","KY",2020,155719,44.6953375870362,896941,174732,219816,205573,45269,12.8472638211679,48900,6500,2118,40388
"21009","Barren","KY",2020,684720,35.2246201597154,363797,166976,158367,295216,64601,21.3485760043841,43729,8043,3693,22381
"17009","Brown","IL",2020,214885,49.2281705187634,194386,445597,22121,199967,86864,7.57008072221652,301,7525,2762,43093
"18037","Dubois","IN",2020,208100,39.9121458129957,777427,482045,199637,18262,84993,18.0020001903176,9260,6482,2603,2961
"18015","Carroll","IN",2020,389908,44.1503003798425,244519,342637,245746,12048,92581,29.5368746342137,6520,9069,4236,2571
"36085","Richmond","NY",2020,296129,31.3789525115862,820463,50325,160347,158244,88148,16.1639487615321,34119,4369,2195,39071
"36033","Franklin","NY",2020,489416,31.3841661531478,115379,280482,63778,386526,58532,22.7028662292287,32889,3841,829,37469
"54009","Brooke","WV",2020,444460,44.9991942383349,258251,334652,181346,208335,79164,8.11862521921284,15208,4201,3610,24229
"55117","Sheboygan","WI",2020,133197,39.5787633908913,439329,301455,46165,290651,62402,29.3277589732315,25057,470,3543,16651
"21219","Todd","KY",2020,453043,42.7222798578441,836485,33912,118129,144156,48590,11.0653268010356,34819,5426,3032,42970
"21073","Franklin","KY",2020,665426,32.154770293273,405254,435122,266892,262832,32638,9.94417170411907,15962,6919,1455,16795
"21173","Montgomery","KY",2020,447510,39.0342018287629,372946,470624,200905,124648,39837,20.0301378394943,37643,3489,1482,23413
"29103","Knox","MO",2020,702641,44.2576750507578,760860,107450,3831,219894,71753,29.9196889519226,48926,8880,1264,37675
"31003","Antelope","NE",2020,637037,35.9982556663454,401849,442989,268120,5937,98546,11.3878689601552,12874,7628,968,6058
"31089","Holt","NE",2020,896469,45.0378784164786,239626,438510,226527,109980,74870,5.83572198054753,21357,1072,2510,42462
"37071","Gaston","NC",2020,571101,38.3712389832363,313096,280914,77467,324648,84673,24.590399088338,16509,3630,717,1254
"37041","Chowan","NC",2020,243400,34.4081664225087,65342,359372,85837,56777,56760,7.06292053917423,22048,266,4073,5805
"55059","Kenosha","WI",2020,130011,46.747448509559,366444,225799,239215,262955,92138,6.86338248895481,31699,359,1527,37389
"55083","Oconto","WI",2020,774541,41.6795630473644,362451,104352,22633,298291,44322,23.494288995862,25154,3975,2804,1645
"21215","Spencer","KY",2020,484632,40.3866547485813,558651,422466,271727,298593,71057,15.7121074513998,17331,8910,331,9148
"21045","Casey","KY",2020,395708,47.6745841046795,541026,384643,37796,317174,71642,6.80056883837096,25359,9530,3861,5502
"21223","Trimble","KY",2020,503500,37.9249265557155,186519,139953,117557,207911,39842,17.4162888212595,36771,1612,1093,43118
"21139","Livingston","KY",2020,956352,43.9813439408317,421194,244560,63845,218865,53622,12.123946188949,33647,7255,4987,12953
"29141","Morgan","MO",2020,207103,31.0506913391873,126189,384360,59085,36725,35566,5.22237446391955,42099,2349,3317,44379
"29225","Webster","MO",2020,824048,36.1663753818721,283321,13383,270709,381746,30473,7.28329865494743,13343,6612,3103,3375
"29083","Henry","MO",2020,551971,48.3315904438496,838435,112809,289569,69227,79109,12.9660171410069,35255,4191,911,12682
"30037","Golden Valley","MT",2020,565124,42.2831104137003,95219,444934,8144,275369,84409,23.2712780311704,22736,9743,1887,5049
"37033","Caswell","NC",2020,502229,31.8707359395921,725657,257766,188874,280780,87694,23.2718767959159,8023,3339,3749,13566
"37181","Vance","NC",2020,443429,43.1121846614406,793942,316059,154834,57825,99172,27.9806391871534,40442,7215,2521,44494
"38051","McIntosh","ND",2020,720344,32.1263374574482,164085,267886,58761,137691,87689,6.4671892800834,8186,4543,3634,44152
"38009","Bottineau","ND",2020,329656,47.2778799990192,201537,159318,199218,75586,86712,17.006605474744,4053,129,3786,11626
"55105","Rock","WI",2020,889945,33.5700412560254,822175,65254,296478,145617,67206,19.1845585254487,17906,4894,1970,14956
"55013","Burnett","WI",2020,224664,30.8170372107998,128518,497988,200444,374084,67150,10.5444120487664,39877,4608,1462,8115
"21201","Robertson","KY",2020,464039,33.9592445548624,601391,393707,218051,133438,33201,29.5903476781677,19627,2875,446,14105
"21149","McLean","KY",2020,495358,38.3564863773063,147066,146066,186912,267092,58273,7.49883034848608,25749,3743,2704,34281
"19019","Buchanan","IA",2020,763644,46.8103504506871,239946,15112,198649,16924,86840,25.9689301846083,38281,5037,427,48142
"19055","Delaware","IA",2020,48628,47.2593606216833,115942,318555,66978,138175,53901,12.5649665785022,27928,3605,775,10897
"19013","Black Hawk","IA",2020,405892,40.2905709063634,607399,38561,214645,198599,40720,29.613672652049,35300,979,4058,42548
"19117","Lucas","IA",2020,148544,43.8273006025702,73157,32697,100422,268029,63689,13.2493941416033,7369,7788,1482,36306
"19011","Benton","IA",2020,311883,49.2483258387074,716899,118780,207227,45605,41692,18.0452683370095,25005,870,3907,24161
"19025","Calhoun","IA",2020,322110,49.0530330687761,119535,397096,26597,302065,97574,25.2780853200238,42678,2474,371,44792
"38095","Towner","ND",2020,645715,41.4714218489826,807287,213986,186641,118139,77136,26.5519302466419,7790,9869,499,19640
"38019","Cavalier","ND",2020,623828,45.2221477217972,355309,437263,141097,199831,30017,6.28153216210194,7504,3240,1250,1193
"39017","Butler","OH",2020,322817,34.2471194453537,557689,45587,52174,11531,53060,23.8384536653757,45991,9647,2780,28652
"39107","Mercer","OH",2020,364164,30.6078863563016,489039,477770,271206,281103,90680,16.1593403038569,14517,9408,1038,11780
"55095","Polk","WI",2020,566574,40.0798350758851,453122,180625,163053,338648,67640,9.12566551822238,5267,9531,873,4697
"55031","Douglas","WI",2020,702326,30.6751140905544,713800,38057,284031,56877,58963,12.3064057447482,589,5719,1209,24082
"22003","Allen","LA",2020,174648,35.1949160126969,765416,143931,211969,247343,97816,19.5570285734721,4639,2310,3395,46800
"22121","West Baton Rouge","LA",2020,655641,44.2618259740993,40128,319890,225599,177798,76640,12.8852467297111,47271,3494,1644,319
"19027","Carroll","IA",2020,164326,47.3452159110457,777337,301837,9405,359291,43353,9.2723088816274,5601,6493,940,45912
"19069","Franklin","IA",2020,516328,49.2972396453843,313357,358464,241328,247923,30321,20.6531554704998,33911,9841,1805,36903
"19157","Poweshiek","IA",2020,20187,43.5998361930251,223896,489899,143778,350506,52704,9.4050081865862,9974,3273,2382,13739
"19147","Palo Alto","IA",2020,872597,40.1255186181515,128215,480549,97156,6671,55881,7.11107132490724,74,4509,4833,5018
"19017","Bremer","IA",2020,423350,30.9466468309984,494204,354537,218687,395889,91890,26.3313442072831,17608,1688,485,40225
"19041","Clay","IA",2020,126940,32.5376895489171,83016,274104,14368,245517,60315,21.7865834897384,27866,9772,823,35030
"40033","Cotton","OK",2020,60313,45.2855032635853,390593,239276,278432,52057,78730,18.3494901878294,34028,2268,4324,17191
"40139","Texas","OK",2020,163114,42.1729732258245,510717,272760,42858,118184,53543,14.4303018820938,45047,9871,1724,9457
"56037","Sweetwater","WY",2020,744635,40.3743878239766,510775,125725,93022,341537,97073,5.19341075094417,37639,6973,4030,10292
"56015","Goshen","WY",2020,297774,43.9873294951394,385967,171241,120520,210726,30520,28.9378949685488,46591,8682,1338,6368
"56039","Teton","WY",2020,949588,39.9751328770071,537309,165927,292966,88534,43310,23.7074347748421,21130,3204,491,47796
"22061","Lincoln","LA",2020,978292,34.9101608758792,496857,205886,139564,273660,44037,28.4356481174473,36602,8717,955,24465
"26137","Otsego","MI",2020,605862,33.3662051521242,22089,190174,44861,45574,41523,10.9123389306478,1500,9458,2473,25681
"26143","Roscommon","MI",2020,548814,43.6361953057349,620295,317167,60664,309080,44205,5.76709227869287,2453,7263,1652,45702
"27059","Isanti","MN",2020,645505,47.7155875042081,274782,357652,198940,380173,66694,24.4057555054314,49169,3880,3298,46437
"19091","Humboldt","IA",2020,936726,39.4347370229661,718781,38584,237585,271221,74298,13.012542524375,6368,397,4086,38682
"20173","Sedgwick","KS",2020,775689,31.4786698436365,888982,143302,21915,342821,42898,6.78852022509091,28848,4961,3816,36185
"20079","Harvey","KS",2020,39999,40.463435119018,174856,454930,239356,126225,68256,11.0322239529341,2153,6900,4412,38531
"20009","Barton","KS",2020,208735,47.726394245401,238599,117811,162479,209339,83371,29.9700244457927,19629,7412,2341,8591
"20145","Pawnee","KS",2020,982770,43.5026912530884,881543,354730,1466,41252,93141,11.8620019010268,42215,2204,4122,44115
"40085","Love","OK",2020,695343,37.3151957849041,887966,380791,261796,341975,44368,26.2410368141718,1203,6945,30,36178
"40045","Ellis","OK",2020,731324,33.5809705080464,595934,100500,68994,101949,37777,25.5165822932031,29154,199,732,27386
"05119","Pulaski","AR",2020,139394,34.9832531623542,532817,317015,223498,69505,98022,15.0070472515654,33863,3922,207,9110
"05101","Newton","AR",2020,610296,48.078964180313,401797,216760,292127,151046,72753,9.00168936466798,44110,9447,2046,785
"05141","Van Buren","AR",2020,348864,30.864245579578,19496,494916,177295,210562,77740,28.2984415546525,43025,3378,2641,48054
"27153","Todd","MN",2020,48634,48.93103744369,528021,464286,52323,301757,91741,26.5632211707998,10514,5019,4020,8360
"27131","Rice","MN",2020,118243,48.4164189966395,832647,461608,201460,357352,76322,11.9538212148473,29033,3224,4081,45967
"27121","Pope","MN",2020,660117,49.7291038697585,371536,140637,24140,119983,61755,13.3156328240875,23353,5220,667,9929
"27113","Pennington","MN",2020,673859,38.4215271286666,858091,467222,1260,288421,73251,26.3042578368913,21232,3491,2456,19009
"20031","Coffey","KS",2020,269461,41.9208722189069,403994,126104,33358,392150,38539,23.2077195553575,48302,1002,3474,839
"20059","Franklin","KS",2020,382535,37.4300709925592,450498,292679,243437,391616,98552,12.0211727463175,43824,1562,3886,4657
"20165","Rush","KS",2020,436080,38.9180280501023,660007,334595,40860,264847,54729,13.6458182020579,38431,455,4112,2045
"20105","Lincoln","KS",2020,120266,44.2995754443109,408740,23146,149881,325068,85812,15.0983485172037,25508,8965,4029,38922
"20097","Kiowa","KS",2020,526459,48.3273523626849,388112,84726,264682,73962,50575,5.26955261128023,31618,6424,2375,6995
"20195","Trego","KS",2020,383281,47.2191353468224,359696,81342,234821,235516,31261,15.0370892381761,33005,3822,126,48512
"40003","Alfalfa","OK",2020,285827,37.854205952026,27703,193958,123553,270385,63324,7.85886280471459,28094,9896,1478,25069
"40007","Beaver","OK",2020,374521,38.3448814926669,352074,54856,292672,122933,68605,20.727256849641,46447,3516,2126,10293
"05129","Searcy","AR",2020,272152,34.0838313428685,68936,384076,117736,243134,34935,15.6171774619725,22135,9177,940,28149
"05065","Izard","AR",2020,294667,31.3480094866827,445367,399486,161215,182397,91485,26.6206783021335,18453,6562,3387,41266
"05037","Cross","AR",2020,351290,39.4784950325266,783546,192867,7376,308814,56193,18.1897490529809,30359,1068,3646,21171
"28079","Leake","MS",2020,374991,31.5951255662367,167352,207325,234690,250220,52139,14.4665734854061,17703,3325,4010,17972
"28043","Grenada","MS",2020,627256,45.5367060704157,802861,377844,172290,94682,60711,17.2246985265519,16587,3307,4759,12809
"28123","Scott","MS",2020,649366,37.2835742682219,744692,320237,188356,118550,81228,8.67358334478922,16766,3698,1920,15867
"28107","Panola","MS",2020,767689,48.1935206241906,439363,436146,27886,358807,86695,11.7930184013676,40083,9527,4269,27297
"28101","Newton","MS",2020,463363,37.5944079691544,666026,103906,10403,87198,42182,24.8536396725103,45257,1880,4037,39564
"28011","Bolivar","MS",2020,639734,36.9114192761481,325772,186347,146328,284377,90148,29.4546156842262,14154,5765,4870,44630
"29119","McDonald","MO",2020,290382,41.1516689369455,610814,158350,34540,397859,75133,6.50269420119002,6993,1385,935,7188
"41063","Wallowa","OR",2020,585742,41.0375071503222,690992,261458,66245,337610,53396,20.1230600429699,15813,9258,1444,35396
"41049","Morrow","OR",2020,102601,39.3078565271571,235573,492371,72719,65508,43294,6.5666201186832,31357,2489,3514,27692
"42115","Susquehanna","PA",2020,227907,48.806584822014,211713,170254,296469,397451,64493,29.4487874908373,18242,5010,313,42646
"08021","Conejos","CO",2020,492934,44.3240811675787,337751,72637,12297,316981,56271,8.68513190187514,2010,4982,907,37578
"28035","Forrest","MS",2020,639623,49.956406801939,163137,346534,216743,62709,64893,13.9115997485351,1654,6535,1311,31150
"28139","Tippah","MS",2020,766119,37.9581111529842,130372,67341,271621,346466,89491,7.0054743567016,2520,3578,1123,23821
"29077","Greene","MO",2020,606552,34.1044658981264,433967,422667,146101,98124,61712,23.1867549021263,9390,9283,2587,49864
"29159","Pettis","MO",2020,72386,32.5069326814264,129704,497509,117996,366749,54175,5.65624031703919,2263,2670,365,48605
"29149","Oregon","MO",2020,173526,35.7641849480569,168281,456957,674,342813,65544,10.0646600197069,41001,271,527,40656
"29510","St. Louis","MO",2020,128566,30.2411959692836,695272,288845,123084,209503,30207,23.114353553392,47424,7586,4505,18702
"29111","Lewis","MO",2020,353318,41.2940660119057,533490,93281,278474,185488,45294,14.5214515982661,4378,6958,3941,21113
"46007","Bennett","SD",2020,941562,34.6259860182181,600891,110715,200009,275586,70093,27.9648142762017,49270,1613,2115,5228
"46083","Lincoln","SD",2020,659444,33.819357608445,659664,435099,156867,223852,42771,21.9422541745007,23103,5798,3739,24788
"46011","Brookings","SD",2020,577866,42.4034012341872,171264,117208,20008,356816,97284,23.7007934553549,6257,3811,1575,49718
"48067","Cass","TX",2020,540706,30.3619197849184,567972,402722,274159,34801,48067,8.24443039717153,15566,5328,1052,40263
"12067","Lafayette","FL",2020,198282,38.5293954936787,794678,269292,196489,147743,61561,6.68853381182998,1615,885,2578,46594
"13247","Rockdale","GA",2020,951412,31.4543783292174,851887,141576,274340,326491,83850,11.6761130525265,6635,6969,5000,32318
"13209","Montgomery","GA",2020,643710,31.9792890222743,19419,266270,297328,169845,72873,9.84676143387333,35534,1285,1780,22076
"29221","Washington","MO",2020,287638,40.9436359489337,796535,482495,210670,8337,40645,13.2196366041899,19797,8646,1613,15613
"29055","Crawford","MO",2020,107692,37.961100214161,607455,350582,132149,54731,37751,10.1818825246301,32571,803,1720,28573
"29065","Dent","MO",2020,571158,39.7734501492232,765216,217430,116612,251665,55709,9.18917718343437,22288,9629,1107,48065
"29139","Montgomery","MO",2020,911075,48.7754367943853,678733,301611,25779,32689,75173,6.9807665317785,42740,9552,1143,15846
"29097","Jasper","MO",2020,940531,33.8891465822235,622215,318597,236942,156655,89336,9.68100346042775,2672,5096,4192,21436
"01013","Butler","AL",2020,277572,37.7999093430117,596512,78319,265889,379383,31815,21.4051675004885,26031,8621,807,21467
"30091","Sheridan","MT",2020,322116,39.4106141058728,639403,490131,291362,299604,59568,27.4801435077097,46993,7185,445,9678
"46031","Corson","SD",2020,111389,35.1139256171882,49797,171188,50436,195076,55256,23.8115669821855,132,2130,2175,5079
"47125","Montgomery","TN",2020,13779,33.1497106747702,178720,358453,124032,60031,50451,10.0161911814939,26532,7083,225,9989
"13115","Floyd","GA",2020,53104,31.7994740884751,603683,231164,228359,227862,98548,24.348202785477,14460,462,3946,19816
"13199","Meriwether","GA",2020,94732,38.4827557159588,561178,135373,79242,210373,69843,23.7001961865462,329,589,1278,35650
"29047","Clay","MO",2020,602867,37.6769578410313,148092,219542,21028,174375,78654,18.2191206794232,34043,7516,3474,21872
"29025","Caldwell","MO",2020,161485,33.4136088984087,663723,443409,293433,1563,36750,21.3025352172554,13805,9717,1509,606
"29169","Pulaski","MO",2020,482715,32.7471616026014,98751,296845,144049,321972,33010,11.7983251123223,8836,2970,2053,2386
"29085","Hickory","MO",2020,277828,40.2334613306448,399807,403086,113311,203013,63362,19.056579262251,35463,590,899,11103
"31131","Otoe","NE",2020,825489,48.6692794179544,259359,115452,176361,41032,67086,5.45541095896624,46748,5891,3290,21520
"31043","Dakota","NE",2020,869957,31.0652807494625,305543,425834,125592,213751,31051,8.20976444054395,13570,5051,68,34648
"31165","Sioux","NE",2020,692363,39.5532911689952,199855,298048,52620,325150,49486,23.9000283891801,11064,9430,577,687
"47027","Clay","TN",2020,411796,49.7060032468289,74334,175631,131909,321371,62771,7.5557865970768,31343,2950,119,36347
"47137","Pickett","TN",2020,204605,34.1688293777406,764235,470585,32236,81524,98473,13.7436872592662,7242,6207,2358,48831
"13095","Dougherty","GA",2020,165569,38.2719234377146,627408,128179,183614,166282,72808,23.5451429279055,17184,1746,2261,45815
"13071","Colquitt","GA",2020,317890,37.1297778142616,840187,412279,122675,87772,57444,21.9241740833968,16595,3512,659,25514
"29223","Wayne","MO",2020,89660,33.3421611785889,455525,185145,148571,168605,53514,24.7899447870441,29214,8698,2834,16925
"29105","Laclede","MO",2020,936410,44.7861783858389,317620,15705,238702,52329,63934,9.31470278417692,19304,886,829,993
"29135","Moniteau","MO",2020,57912,38.3175730658695,889584,9401,32047,318106,47156,14.0111721947324,15823,9033,1007,10820
"31173","Thurston","NE",2020,555350,45.697073363699,451601,323467,129064,108472,92004,24.5386635314208,20541,5274,4336,10137
"31027","Cedar","NE",2020,406522,49.118631160818,242140,485986,161105,12776,52821,19.4844064314384,29130,9387,510,18941
"48271","Kinney","TX",2020,811122,41.8666907493025,169491,248820,98061,300238,31602,10.9907084447332,18747,2041,4303,900
"48079","Cochran","TX",2020,621127,46.2872553849593,664249,337257,66501,58125,94992,29.850241682725,49256,5375,409,21790
"48369","Parmer","TX",2020,91247,39.4354244368151,387622,117455,32575,242439,42630,18.6428814206738,16671,9253,4997,22032
"13091","Dodge","GA",2020,172646,41.6519338730723,777140,138549,132007,346607,47753,29.688698654063,32934,6592,2777,28210
"13299","Ware","GA",2020,575296,37.1124664880335,573618,12909,84716,110585,66102,24.2601715447381,6532,8689,369,45239
"13035","Butts","GA",2020,582110,48.5269602993503,408567,49954,61491,205799,53058,13.5359963821247,11017,8255,3240,972
"13259","Stewart","GA",2020,31521,48.4598741354421,606216,305031,45850,99627,95015,16.9502085202839,163,2962,1730,39164
"31107","Knox","NE",2020,590744,30.8620407106355,76698,105980,25632,180311,72181,27.3140689951833,1096,7583,2395,2536
"31051","Dixon","NE",2020,600942,45.1955942437053,850377,256215,151690,91647,60121,7.74689739453606,32283,6260,3672,33518
"31087","Hitchcock","NE",2020,613144,35.1274129468948,522830,483123,164818,46982,45987,11.4413246058393,46237,4545,3040,15198
"48077","Clay","TX",2020,863062,35.8190111024305,683994,97512,117025,41511,78320,8.80043730256148,10117,9463,1002,33808
"48097","Cooke","TX",2020,409789,30.5603481968865,51857,349901,127455,96968,44261,12.1867380756885,36780,2877,1638,27909
"13297","Walton","GA",2020,202083,38.835019688122,82107,38579,284008,280974,80918,20.2860849862918,13649,9187,1789,48498
"13059","Clarke","GA",2020,251792,42.0853941142559,334016,84098,244956,3520,65285,15.8221899543423,10763,928,3223,23921
"18105","Monroe","IN",2020,322524,31.1806795699522,403182,99727,250354,213643,39024,19.4881308835465,9859,3783,4900,29662
"18143","Scott","IN",2020,638537,31.8105614278466,700031,129170,203636,18372,60451,13.3479023771361,2060,7342,371,32061
"18119","Owen","IN",2020,768368,49.6269857371226,114801,39934,261385,264261,55972,22.2766481584404,23152,1349,935,18639
"18023","Clinton","IN",2020,817321,40.0721662212163,628308,159761,201444,42650,58363,29.304004968144,47019,2917,3649,40669
"47099","Lawrence","TN",2020,48726,44.2009338410571,776058,484846,169240,350552,86262,25.3265034360811,47237,7014,4369,43956
"47067","Hancock","TN",2020,667999,30.9444760950282,630586,429495,21089,340292,85610,28.6249543318991,22285,9557,1077,1084
"05115","Pope","AR",2020,304371,35.3412051033229,192379,120241,60196,190510,63016,16.2465018755756,45597,7794,1643,30941
"05079","Lincoln","AR",2020,704163,34.3922761827707,517604,343408,2694,179270,30766,12.5358980102465,29404,2885,1570,32789
"05051","Garland","AR",2020,180463,36.9741954701021,531960,434902,63239,168318,44017,15.8458913338836,33952,4267,1724,23044
"27035","Crow Wing","MN",2020,176713,43.7914390210062,637780,147470,275079,8938,88237,5.12066796771251,660,8985,3938,48157
"27109","Olmsted","MN",2020,223160,42.8255926212296,285284,106860,240702,388559,69328,11.498130701948,27055,4176,2287,28469
"27147","Steele","MN",2020,353616,42.3641003947705,213875,430373,238437,299835,98013,20.3510184027255,8305,591,4964,6883
"18145","Shelby","IN",2020,300539,30.2661864040419,785194,154988,153595,141433,93529,6.79042590898462,37629,3764,4530,34828
"18045","Fountain","IN",2020,679551,46.3338794419542,539818,173376,181252,162577,78850,11.1405909596942,22780,2820,4409,12353
"18149","Starke","IN",2020,908009,43.7611209927127,665277,113827,90022,115583,32614,9.90679893409833,39354,3804,2769,9
"47011","Bradley","TN",2020,332449,49.0408203843981,447649,361274,251438,236889,54367,28.8924778124783,7725,452,2318,1020
"35023","Hidalgo","NM",2020,742774,36.5951579110697,512220,483061,30423,228697,95206,23.976673920406,5199,8739,2393,22414
"48295","Lipscomb","TX",2020,295785,49.6436017937958,807728,91724,107244,242357,35591,21.3637863763142,46299,6246,1912,43151
"05123","St. Francis","AR",2020,423866,41.8768816301599,738838,315903,266201,106266,84202,11.5785247541498,23917,4520,2216,15028
"06105","Trinity","CA",2020,317926,47.9004829842597,371589,177006,74928,71508,99260,13.7557525373995,10217,4334,2300,39799
"08095","Phillips","CO",2020,735694,32.5476942583919,68588,313023,163723,360152,59128,23.2398607721552,22843,3205,1102,5913
"08125","Yuma","CO",2020,76977,40.4021837562323,53716,311789,257649,322222,63887,25.5057105398737,46816,2984,4003,5412
"08047","Gilpin","CO",2020,105197,35.3861842863262,225947,166692,80502,307896,80187,14.7274991858285,23730,5437,1170,2799
"27019","Carver","MN",2020,567584,35.4946795850992,391644,47634,274211,207447,43205,13.1763240450528,13559,2487,1107,46935
"27083","Lyon","MN",2020,293002,41.1247097654268,567465,15636,43577,381019,81171,5.89592803269625,9125,934,1290,30743
"27161","Waseca","MN",2020,751753,40.5466363020241,817861,426008,102589,284617,44708,18.1784240948036,1582,1268,1580,35777
"18115","Ohio","IN",2020,482176,34.8264598846436,638336,297384,251825,19602,48147,16.3537859171629,31517,9613,3482,47872
"19093","Ida","IA",2020,498980,47.9701808048412,689145,445845,66075,217913,88837,25.2405963384081,45284,8073,4021,10411
"19067","Floyd","IA",2020,189613,33.1402946030721,408816,317493,46305,180050,43333,10.3590076975524,27523,8688,2417,18016
"19165","Shelby","IA",2020,550496,30.2304969495162,670189,276542,63485,277395,57240,29.0111739083659,41384,7927,2212,26437
"48421","Sherman","TX",2020,991526,43.0638581886888,374853,316505,140195,12713,57964,18.37515678606,37414,3594,4157,49234
"48357","Ochiltree","TX",2020,213550,35.7771018333733,51255,148825,209084,58992,31016,9.00786973186769,3386,3653,3129,44707
"48087","Collingsworth","TX",2020,620211,35.6276709772646,860641,435254,284073,393675,58842,26.3232425390743,7090,2265,3428,42102
"48495","Winkler","TX",2020,132234,47.883260906674,661549,400548,227984,92490,83100,29.4930421176832,39267,5035,204,40000
"48501","Yoakum","TX",2020,197370,42.9073606757447,756222,21327,213774,393838,31892,20.1730607147329,27,5941,1466,12393
"08073","Lincoln","CO",2020,337296,34.3184153502807,283857,375542,173226,317875,85796,20.75374637614,10282,9952,2268,15054
"08025","Crowley","CO",2020,819104,49.3969774898142,544034,369091,230888,306279,61316,8.49077776772901,38349,7454,2587,684
"08079","Mineral","CO",2020,580614,35.7135534379631,661637,259189,159142,161552,38148,11.9372855883557,29685,5853,1576,18002
"27009","Benton","MN",2020,778032,39.6606063330546,7809,184807,143735,341591,83372,27.8792484325822,31851,1787,4639,29404
"27079","Le Sueur","MN",2020,219498,41.7026801221073,81582,95968,171761,140813,32910,25.62133125728,19080,7656,3550,42444
"19141","O'Brien","IA",2020,515400,41.5266508283094,400395,304390,28718,341836,67653,8.58271549339406,23965,6733,3463,172
"19169","Story","IA",2020,137686,44.4154393300414,708160,219475,180467,34066,73653,25.6787846167572,34053,8268,2006,49952
"19099","Jasper","IA",2020,512375,48.24794865679,892967,163481,158404,78247,50156,6.70648841303773,32831,6428,2065,40906
"19183","Washington","IA",2020,210868,32.9969763290137,629956,370865,16102,43846,78708,7.44585929904133,16707,4022,2054,31482
"19065","Fayette","IA",2020,340074,47.5631551770493,473736,307901,57379,247878,57692,26.7945290845819,11447,2062,3959,48509
"49009","Daggett","UT",2020,179929,39.0034343721345,479055,50822,258219,357059,94071,20.4866624390706,24846,6917,4902,48881
"12019","Clay","FL",2020,281599,40.0062037538737,429759,151776,64816,69549,54604,10.2037980407476,1405,5734,3071,42845
"13057","Cherokee","GA",2020,978913,41.2008932512254,208294,407335,72125,324280,66416,18.7132657284383,15739,4501,2482,16060
"41037","Lake","OR",2020,577435,32.8931917669252,168176,480889,152416,139030,99515,20.2260059781838,2010,1584,1384,30147
"37005","Alleghany","NC",2020,492716,30.5105968052521,671736,432829,283939,106040,47171,5.98584270454012,17606,1469,4658,16037
"38021","Dickey","ND",2020,909607,46.996074737981,481151,442293,56622,366045,52316,24.6161270258017,45498,5978,3271,6862
"19003","Adams","IA",2020,862127,35.6709909578785,783406,298032,156585,230263,45876,12.9864718485624,27068,5076,1570,9856
"19137","Montgomery","IA",2020,503842,41.7981970170513,844364,186201,182164,193515,80868,22.0111555547919,9744,7486,4637,40262
"19173","Taylor","IA",2020,814890,34.3736115237698,518801,35745,265536,204458,99460,26.9334885070566,8728,2311,1959,5906
"19079","Hamilton","IA",2020,167367,40.5458405613899,439927,200717,164561,127810,35167,24.2566440324299,24452,3194,3949,12406
"20155","Reno","KS",2020,854672,46.5165625885129,771041,326639,69521,196356,72850,20.321058081463,49697,9052,3095,18234
"50025","Windham","VT",2020,769362,33.1222560117021,57171,327341,160639,299465,62244,11.3963690656237,10628,9679,1812,16279
"13017","Ben Hill","GA",2020,327055,33.8464409438893,391173,293665,285668,132319,71842,23.5892021516338,3406,598,3650,43942
"13233","Polk","GA",2020,485886,35.466590076685,468469,298609,17872,206732,33576,12.668923214078,29578,5894,3582,43380
"38001","Adams","ND",2020,623960,33.3956408593804,632974,376591,223879,38271,99936,7.25980505347252,36765,7031,108,16429
"38011","Bowman","ND",2020,775206,37.1513934293762,448801,488095,215253,373645,88122,10.4162874876056,43640,70,4517,37334
"38023","Divide","ND",2020,765998,44.7181306174025,462052,85538,168132,243520,88796,27.7056143281516,20382,3740,4728,12195
"20015","Butler","KS",2020,170552,30.3821684513241,827236,1307,199918,362676,75434,20.1469248812646,18293,457,4879,33354
"20051","Ellis","KS",2020,738764,47.8903115680441,340114,444922,267864,13315,72501,25.8182815928012,14308,8919,4574,27477
"20053","Ellsworth","KS",2020,513263,47.070024269633,358531,352317,107206,237943,50868,10.094171653036,1573,3970,1783,20161
"20029","Cloud","KS",2020,802155,34.2212104145437,7211,63620,197580,79337,84655,26.7180911626201,49866,9852,3544,5805
"50021","Rutland","VT",2020,996324,41.2389470497146,892424,150209,181733,249150,75374,25.3762408229522,2212,7837,1845,40085
"13067","Cobb","GA",2020,236991,48.5523562086746,268625,198791,128987,10949,76063,13.498388301814,26617,1520,2309,26301
"13235","Pulaski","GA",2020,871413,34.4875245913863,782736,22844,249785,34311,54884,29.2171137302648,6552,874,4106,12382
"48399","Runnels","TX",2020,593259,45.2410511067137,666384,264260,242733,228515,73708,15.0169470417313,34829,9812,3922,25270
"13085","Dawson","GA",2020,794737,48.3256539376453,359133,97557,165823,395911,99220,22.2726384596899,29441,1516,4430,17190
"13293","Upson","GA",2020,858053,35.8129408955574,320619,96166,234427,160226,57586,19.9064048717264,46208,3932,3003,37244
"20085","Jackson","KS",2020,509064,41.348819877021,819455,324147,151467,327254,95398,18.4914348484017,6805,2704,4414,2441
"20177","Shawnee","KS",2020,151585,40.0084097497165,217857,450453,126893,50668,45459,5.35615270608105,49498,4114,1987,47358
"20049","Elk","KS",2020,824705,37.9263762617484,269503,297955,164154,301090,72915,6.42722468008287,28333,2909,4214,47882
"20139","Osage","KS",2020,282883,43.3623248711228,423107,88197,36865,219708,34300,21.5106318367179,37159,9970,1571,20363
"50017","Orange","VT",2020,43463,49.5209067268297,97735,2843,292197,15299,50373,12.7518778154626,46322,5924,1808,14011
"51650","Hampton","VA",2020,190930,38.4770894283429,67595,417459,216594,235710,31286,21.8676387809683,15408,1326,1247,29835
"48363","Palo Pinto","TX",2020,8785,42.2182030929253,562475,339524,234362,155636,71167,20.7580034341663,18411,3251,4680,40503
"48237","Jack","TX",2020,949430,48.5801478568465,687803,95138,112067,61827,92348,19.0193396422546,40212,2162,3451,21598
"48279","Lamb","TX",2020,606995,48.707044092007,115070,411526,101404,345710,65469,26.3768441346474,3980,6409,2690,16539
"48255","Karnes","TX",2020,925291,34.3573805363849,267490,202516,83857,139715,50171,5.13190123136155,25799,992,1132,20376
"48081","Coke","TX",2020,927205,40.7314412249252,475299,1793,70,149053,57761,16.965614912333,8456,2957,2569,37992
"48297","Live Oak","TX",2020,302730,48.2634676527232,474894,280217,106663,240232,46331,8.52355174254626,18515,5430,1484,41120
"13015","Bartow","GA",2020,695464,40.8066228032112,37090,40613,11921,116762,84733,5.23961325641721,1232,2896,878,48617
"13177","Lee","GA",2020,384211,40.5234322091565,275146,84930,230273,195099,37289,5.69027043064125,35233,593,2320,5478
"20115","Marion","KS",2020,256958,40.511158471927,135078,269468,279626,104469,41144,9.11709676263854,21468,6691,4757,32608
"20057","Ford","KS",2020,564061,37.14336049743,37383,400619,3418,202204,89285,7.76181410299614,20723,4689,4745,8284
"20189","Stevens","KS",2020,297588,41.6587066650391,221485,13199,104334,375432,95898,15.5557935370598,7327,1399,2490,15952
"20159","Rice","KS",2020,847850,33.0540972342715,172772,243062,173630,355160,49114,28.5698778065853,2693,9781,564,34526
"20151","Pratt","KS",2020,982443,31.8026800360531,144424,111045,177785,100776,98025,20.0746861065272,44634,6842,3496,6547
"51710","Norfolk","VA",2020,864547,38.0415619676933,411670,178807,148114,114983,94672,23.9379545394331,17566,3357,2928,41775
"51810","Virginia Beach","VA",2020,209670,45.7804147945717,815617,299913,157922,244244,73994,14.3295723781921,25686,9717,4234,19878
"51013","Arlington","VA",2020,724384,49.921140531078,885539,294499,170160,231063,49398,18.4597510856111,6842,1591,887,23362
"48191","Hall","TX",2020,777806,34.1295234393328,791650,327389,188556,388105,65564,7.02839644625783,5501,552,460,13729
"48269","King","TX",2020,659707,41.8715398525819,265430,320227,149582,228487,83075,16.8647918570787,25115,7036,1289,26636
"48171","Gillespie","TX",2020,945285,35.2777474699542,602452,94571,140972,201558,30691,19.7634705761448,15483,1627,4470,1463
"48435","Sutton","TX",2020,820191,39.2774828057736,479143,410353,183121,183591,96800,14.772704000352,44096,3968,4950,45280
"48159","Franklin","TX",2020,447259,44.7286474099383,832822,368540,49539,279128,46094,22.034083546605,21644,8115,2956,40489
"13273","Terrell","GA",2020,720321,35.5981150642037,180618,186600,185135,101225,77973,19.4238502602093,22963,7364,1542,29299
"13249","Schley","GA",2020,513025,34.7571498341858,688507,281782,148387,151898,62089,7.85567680839449,10116,4124,3946,31693
"13277","Tift","GA",2020,945631,44.1494753584266,885940,392544,261690,78422,68959,8.58100882731378,4267,3681,4036,5041
"20061","Geary","KS",2020,464703,44.9078787351027,300721,53583,130228,368495,72390,11.5661692991853,31623,2957,4266,6619
"20193","Thomas","KS",2020,417100,32.4616990564391,796990,106905,204873,280288,51623,25.8891891816165,5623,3077,3147,12641
"20143","Ottawa","KS",2020,511353,33.9256965462118,838970,426574,139644,295749,56057,24.2625301715452,3595,5912,296,40653
"20205","Wilson","KS",2020,613532,36.6885352274403,396219,437607,230709,163552,51222,9.30019235936925,6108,8217,2410,26343
"20109","Logan","KS",2020,615658,45.8935849741101,597032,367273,208750,187191,86484,26.3134407589678,6623,9247,1632,20899
"51550","Chesapeake","VA",2020,564751,43.1830167258158,14493,466236,267416,2321,37622,22.8954552509822,10446,2439,1297,28560
"53039","Klickitat","WA",2020,427244,39.2641961853951,111109,205058,194332,176809,72021,8.718540398404,24731,2693,2209,6925
"53069","Wahkiakum","WA",2020,47272,41.8370646750554,175707,56503,128780,72507,45979,21.5280466491822,21987,804,1273,40426
"48131","Duval","TX",2020,149203,44.7954118205234,530503,70317,139006,255575,85896,5.18708126153797,19868,3758,4957,29376
"48283","La Salle","TX",2020,767495,36.5103035978973,492195,275264,86903,271022,66942,27.5300585851073,42788,5481,3440,3515
"48429","Stephens","TX",2020,131143,47.4417198915035,301395,226705,274567,161424,91713,25.4044006881304,3667,4605,2790,11474
"48503","Young","TX",2020,337068,32.2824348881841,582333,452683,36172,378337,60746,16.9111641892232,25646,5232,2458,22078
"48195","Hansford","TX",2020,492097,34.8769723763689,802923,135435,167764,163731,74358,10.5528197495732,42052,6439,1124,28591
"48023","Baylor","TX",2020,203151,41.2055525043979,413428,461550,103937,278221,98705,22.1395118173677,24740,1058,3866,4219
"48127","Dimmit","TX",2020,870875,41.7628992442042,492322,249082,267883,130679,33266,28.2592444866896,22631,7688,3592,45127
"48169","Garza","TX",2020,25827,32.6882830727845,340892,448055,126922,156160,90269,21.4350519189611,26751,5475,883,44514
"13255","Spalding","GA",2020,291050,43.7921453779563,885355,183174,172015,90941,80560,23.8844644697383,12910,6437,768,7263
"13165","Jenkins","GA",2020,175535,41.9532728148624,370152,334,67255,219481,70904,24.5972187211737,222,8106,4724,8502
"20067","Grant","KS",2020,35145,32.8042425727472,774221,365856,106869,145339,53953,15.6808190583251,29358,6320,3342,31773
"20199","Wallace","KS",2020,342746,41.9934863736853,62532,3746,228425,247896,42754,9.25380907254294,35637,568,2784,38221
"20033","Comanche","KS",2020,756338,36.2500583892688,379454,422509,188459,44467,64602,20.842677600449,49753,5189,1338,47240
"20101","Lane","KS",2020,160871,44.0577474376187,505624,175056,107915,341033,64439,21.3312940043397,4960,1766,631,38885
"21157","Marshall","KY",2020,943383,49.1438789060339,19055,235917,140284,311434,31484,14.5748723892029,4366,5489,2597,31440
"21083","Graves","KY",2020,614353,32.486628908664,476517,162606,286698,263958,89421,25.5604248330928,21279,7683,1236,15859
"21049","Clark","KY",2020,973568,34.4586621131748,198879,109432,63261,61944,70281,13.2873065257445,32816,3026,3283,12730
"53051","Pend Oreille","WA",2020,31586,33.821412990801,70412,408709,244283,320867,51892,23.1439506588504,18564,4110,883,3550
"54053","Mason","WV",2020,385872,47.8895260719582,749356,426987,87841,351640,71319,22.52975602285,11846,2022,2039,42793
"48137","Edwards","TX",2020,499507,39.0145283192396,498404,138920,149024,59384,83240,12.7808209171053,20097,8780,519,9412
"48095","Concho","TX",2020,178192,30.9915504278615,861892,204495,27074,272796,43263,19.5848642045166,35018,6838,2400,2072
"21193","Perry","KY",2020,570963,43.7464796425775,83161,170927,197275,391803,80315,12.9950160754379,24381,7348,770,1239
"21229","Washington","KY",2020,496838,45.1596371410415,639143,469448,65826,53551,52566,19.3771480477881,36651,2111,1067,5935
"13193","Macon","GA",2020,148541,43.3200844423845,355076,346705,276563,381830,88008,22.6254333055113,7815,8372,4940,29713
"13175","Laurens","GA",2020,532279,34.2020776681602,589809,181019,21774,142777,45651,6.90782300196588,37171,9435,4577,35513
"21087","Green","KY",2020,358094,37.5018302444369,658252,61684,52510,323349,96542,28.4213978226762,44555,9683,122,982
"45033","Dillon","SC",2020,775897,30.0651422748342,227737,78799,150381,381991,80984,24.1125143493991,8262,3159,1632,40389
"54035","Jackson","WV",2020,670332,40.1401376770809,375944,497610,286076,126071,94938,27.8915064712055,8175,5538,139,39818
"54051","Marshall","WV",2020,154822,34.3635309953243,574516,19636,147886,55066,80601,19.735173038207,8816,889,1442,8932
"21137","Lincoln","KY",2020,542085,49.5138397160918,259947,138508,83932,22299,49334,24.5274200756103,1604,6133,4449,13750
"21065","Estill","KY",2020,313230,30.2596958074719,525057,17465,78009,108258,37495,19.2966007580981,7523,9225,3370,19932
"21129","Lee","KY",2020,89527,38.4412864781916,379958,410112,17160,290634,90789,9.84757786616683,15190,3438,909,12658
"13257","Stephens","GA",2020,786708,46.9603194575757,41714,356448,68125,221200,53682,19.6500832692254,43018,6136,2432,38659
"13005","Bacon","GA",2020,976432,43.3244236186147,604913,108310,113265,320820,97397,6.37095584650524,35739,8858,4897,11383
"46135","Yankton","SD",2020,431712,38.1684336997569,7129,331446,231064,307664,91983,23.573333095992,12323,2536,4960,6385
"46099","Minnehaha","SD",2020,700425,46.2312824139372,79401,12313,246459,202448,69385,28.0376473104116,11251,9833,3610,17942
"46027","Clay","SD",2020,368893,44.9781045457348,110862,291021,90222,14325,42458,26.7716931423638,45147,2816,3248,41651
"54055","Mercer","WV",2020,854642,46.1474906420335,467226,365930,61326,9640,99902,11.7656336759683,40255,290,2278,32767
"54069","Ohio","WV",2020,817799,32.2177684074268,424081,218183,63793,211453,59823,24.2297492758371,24200,1360,3208,11582
"22049","Jackson","LA",2020,914818,44.9734050827101,218657,228562,90222,62091,74076,8.02955185179599,37799,4019,4573,3483
"22093","St. James","LA",2020,534831,42.6744625950232,47340,495769,16994,208632,57327,11.345200916985,5218,6518,3400,1751
"23001","Androscoggin","ME",2020,736679,38.9546907879412,443276,317714,265268,196546,85269,16.8709135625977,48998,2902,2128,15875
"13161","Jeff Davis","GA",2020,534465,44.8854050366208,179159,31781,246849,219567,32138,25.0084975629579,24977,3751,3026,36172
"13065","Clinch","GA",2020,832260,30.4132705135271,626858,467798,177761,118416,72012,28.3816716237925,30887,4249,551,34918
"46053","Gregory","SD",2020,170343,42.8842107765377,26394,159762,54523,229552,55308,29.9173075717408,26834,6668,240,14798
"46039","Deuel","SD",2020,631921,34.1440644208342,519969,307669,201333,78955,60673,27.0421622798312,7570,3724,3597,2626
"46101","Moody","SD",2020,649422,40.4533408721909,593651,2202,178580,303546,90906,21.0396270803176,8299,8351,2950,30133
"54029","Hancock","WV",2020,744312,38.8335021445528,390088,254253,198090,152883,71960,7.80973170301877,7973,7169,3661,47141
"55127","Walworth","WI",2020,401874,37.749078203924,104442,165378,229846,232788,43220,14.2953621409833,20794,7658,3423,3421
"23011","Kennebec","ME",2020,637065,46.8110232753679,200424,188297,80277,246575,61086,19.5702626148704,2202,6442,2722,28745
"26087","Lapeer","MI",2020,52185,39.598513385281,283793,99621,145545,103305,59024,10.6485877372324,31271,7177,4424,36473
"16045","Gem","ID",2020,115466,32.015149476938,246717,5735,229274,283322,44535,23.6783154786099,24473,7,1126,3694
"17053","Ford","IL",2020,339584,40.8131754258648,504531,393827,27207,221911,72855,22.7091683726758,45069,9219,4321,24249
"46109","Roberts","SD",2020,290478,32.2375029604882,32465,271423,60760,94788,90530,22.0426833967213,26503,5077,4645,24994
"46091","Marshall","SD",2020,630946,44.8776517575607,567856,310825,2333,152392,74463,21.0464748565573,17757,6503,4097,37447
"55093","Pierce","WI",2020,629457,42.3683321103454,721019,65870,14899,213001,78425,21.666538384743,24179,7024,3400,3777
"55063","La Crosse","WI",2020,202684,43.3487390773371,847605,218786,150692,39638,66789,11.5911790647078,22605,996,316,17147
"27003","Anoka","MN",2020,973298,47.4204993294552,846019,354850,38921,119673,65509,18.4948358114343,42205,7004,4453,28943
"27123","Ramsey","MN",2020,898879,45.0566213484854,354314,11059,22811,93697,51710,27.1707937831525,44375,7093,2577,48984
"17169","Schuyler","IL",2020,393458,32.0130199519917,646126,193138,237489,150025,54420,26.7708891956136,49638,2502,4030,10732
"17035","Cumberland","IL",2020,332586,41.7668839590624,682673,102447,164007,130084,96398,29.3839897564612,36051,5951,4237,33949
"18107","Montgomery","IN",2020,807411,33.32629872486,104554,154160,287007,117811,89572,13.0956670455635,34637,8175,4214,28836
"18103","Miami","IN",2020,434063,47.5801354600117,441741,465658,173078,293622,39311,6.69021154870279,39622,2215,4735,11060
"46102","Oglala Lakota","SD",2020,135214,45.8137631136924,238296,341482,141961,187144,54967,16.7627520579845,30311,9647,151,41704
"46019","Butte","SD",2020,893113,33.7552269315347,328986,287795,257393,350524,83154,17.1640617551748,8516,8198,4345,18260
"55061","Kewaunee","WI",2020,411375,33.825702467002,398220,232266,60126,354952,57656,14.2882641765755,33976,6146,2457,14214
"55065","Lafayette","WI",2020,271061,45.6971721770242,39176,249632,88015,246105,82870,16.9542202388402,25617,870,2432,8367
"56011","Crook","WY",2020,354513,43.9397250348702,669417,290581,15096,353950,62911,28.0932562088128,46268,7031,811,30842
"56005","Campbell","WY",2020,473633,36.5960499178618,380162,143757,36751,133668,91355,28.7605816975702,33683,3298,1641,226
"27111","Otter Tail","MN",2020,416384,35.1133481180295,802010,493421,279268,271288,81559,23.6247102043126,39351,4959,2573,7783
"27141","Sherburne","MN",2020,687249,43.0401800945401,475416,124512,279351,312746,50182,13.7816759420093,26800,3391,1832,43784
"18179","Wells","IN",2020,522962,31.113086626865,333719,470477,217460,182104,66137,29.9704823363572,36528,4220,2849,49241
"18063","Hendricks","IN",2020,672341,45.3422777913511,14284,146725,205277,93341,35739,23.9652155502699,12627,8517,1136,22065
"18035","Delaware","IN",2020,313890,34.7698216792196,182025,84532,216853,148029,72710,27.3800661973655,29033,3991,545,460
"18005","Bartholomew","IN",2020,908183,44.4876089598984,816482,396668,25581,134352,55502,17.6488361973315,39012,7411,1628,886
"18021","Clay","IN",2020,449616,47.0444031246006,555293,376276,223291,145064,71362,16.8291118531488,35569,3603,3652,34904
"47069","Hardeman","TN",2020,544939,48.8382432842627,181287,77615,10845,157546,45785,27.9773779399693,36748,9460,1633,4990
"47103","Lincoln","TN",2020,794738,45.7700691418722,814273,23896,90497,10779,63333,16.1007533269003,13258,4500,3778,32621
"02230","Skagway","AK",2020,157889,44.6312485309318,356714,122058,257797,180177,52268,12.6903508859687,16098,7465,2015,3338
"05059","Hot Spring","AR",2020,249326,48.576441463083,334601,219852,146682,283902,67955,10.0296691653784,33847,8107,4867,24599
"05105","Perry","AR",2020,393305,42.7526959311217,342582,191532,63302,142627,80461,27.3576166317798,32853,9157,4760,14287
"22027","Claiborne","LA",2020,285362,37.9190320102498,513464,308979,158864,383512,94739,25.6538346537855,21720,7765,890,44829
"23009","Hancock","ME",2020,213378,34.7996768262237,732747,216336,194517,67030,36426,25.247072033817,32855,601,2677,45489
"23029","Washington","ME",2020,828286,49.5968430303037,27233,93023,63887,69953,86365,26.0347885848023,23758,4871,2659,47908
"02150","Kodiak Island","AK",2020,140653,45.991896186024,267483,29340,270326,58487,69601,10.2686500945129,38428,8549,3652,18269
"24041","Talbot","MD",2020,449246,48.6322915414348,537906,43177,99165,133738,46771,25.5199995660223,26720,9469,1706,25862
"24045","Wicomico","MD",2020,687882,42.6337890559807,209405,129116,236191,396773,56861,17.0131904957816,47988,4829,4799,41555
"24003","Anne Arundel","MD",2020,494162,45.1197706302628,84806,124391,46056,213802,45756,14.063576371409,49473,4841,3947,3571
"01045","Dale","AL",2020,368088,48.757789125666,522577,339018,48352,289726,50101,12.0236699830275,15108,7507,359,38335
"01105","Perry","AL",2020,797791,35.1089226780459,24511,31703,229175,21820,76468,12.2226525691804,17107,393,310,46177
"17143","Peoria","IL",2020,744208,41.9098288333043,815101,279809,69473,77857,83142,8.37406802573241,11096,4118,3167,42924
"17071","Henderson","IL",2020,372677,43.7448902102187,432148,375401,86596,133223,64704,6.92526070168242,40553,9731,781,19484
"19043","Clayton","IA",2020,34227,40.9356584446505,256591,146947,29251,44844,91402,22.1686084300745,4054,7284,2636,44577
"18113","Noble","IN",2020,634901,39.4412869866937,626387,137272,34321,35234,85544,25.2449359407183,6911,9005,1322,322
"19191","Winneshiek","IA",2020,687946,48.3086085505784,60212,302531,272867,363046,97792,25.1841213158332,29143,8891,63,32781
"24510","Baltimore","MD",2020,553760,48.6344037298113,443259,1785,130273,199953,42595,17.1225231094286,24213,3588,433,14946
"02060","Bristol Bay","AK",2020,7055,39.2257955903187,424529,344138,286641,23278,54384,27.4793257890269,12891,9236,2353,39984
"01031","Coffee","AL",2020,845001,34.8607205785811,4001,41595,57044,22511,30141,10.4241414240096,48425,3408,1843,44674
"01011","Bullock","AL",2020,140055,48.7643035594374,585691,207016,200739,89720,85030,28.5967218526639,13748,8036,4280,44100
"31083","Harlan","NE",2020,730783,33.3588312147185,556328,495012,249232,166135,58574,7.19736131257378,31145,905,663,12216
"31147","Richardson","NE",2020,562939,41.4054863294587,469847,50081,165989,95074,33621,29.5926453440916,5239,1221,1904,17819
"17193","White","IL",2020,352989,38.9856424555182,366413,252490,264881,38195,88377,21.9549587415531,5452,3607,4255,770
"17011","Bureau","IL",2020,817221,47.4580437503755,572297,249445,42907,5601,32619,28.4294560330454,2271,7622,3899,38730
"19129","Mills","IA",2020,738716,37.6182975806296,51230,202697,116960,35106,96082,10.454379535513,48774,941,2361,1847
"18079","Jennings","IN",2020,280658,47.1986640058458,750642,459868,191707,119916,79646,5.67318606888875,25327,5258,1015,16761
"26093","Livingston","MI",2020,218624,31.2064392166212,778071,398664,119495,160036,82315,19.3298897717614,27619,1865,4801,4606
"26043","Dickinson","MI",2020,95192,42.2983776358888,825844,184635,121947,243628,55710,9.09642981248908,37376,1718,2001,45060
"26001","Alcona","MI",2020,589851,44.2022357229143,412788,128899,133311,391021,41143,23.0892215576023,27981,4910,560,9581
"31153","Sarpy","NE",2020,719089,33.9708699472249,503262,493890,113382,48149,42833,8.43121669138782,18188,7752,2802,47735
"31161","Sheridan","NE",2020,841851,36.1503712739795,864101,297363,84612,179898,72391,17.7262808557134,10531,6193,1491,47088
"17025","Clay","IL",2020,732562,37.4425765778869,767251,135444,246555,323207,67836,28.5466974088922,14900,5583,1773,12374
"16071","Oneida","ID",2020,917303,46.2249718699604,122278,42993,15920,382268,83906,15.9783263003919,44785,1595,3506,38319
"18095","Madison","IN",2020,473156,30.1411242876202,524408,20230,175,162874,42195,29.4033607712481,34040,9178,3322,24452
"20103","Leavenworth","KS",2020,674280,33.4693244611844,230878,133305,67086,143503,39821,24.9446614773478,9929,1945,3470,14355
"26031","Cheboygan","MI",2020,640302,38.0590483499691,435642,473817,24872,152688,89341,27.2428784647491,43502,2551,4405,2774
"27063","Jackson","MN",2020,912068,36.0277390480042,346075,369633,251939,71848,95677,17.2493402624968,29304,3163,688,27833
"27105","Nobles","MN",2020,288387,37.9917806573212,340791,489178,90294,296232,41801,18.5430967551656,38832,3332,1462,45436
"33003","Carroll","NH",2020,794743,39.5532049098983,799751,45759,265934,21800,64494,13.800377958687,6135,9019,1281,23177
"35031","McKinley","NM",2020,595972,40.2056283829734,774192,429935,245784,58389,43863,19.3419308005832,42495,7940,4915,36338
"16019","Bonneville","ID",2020,149461,30.9359803423285,875046,37644,39190,246186,37817,9.04236023896374,1120,2081,2516,11082
"17145","Perry","IL",2020,801060,30.6012325501069,480397,144053,63735,267927,55732,8.85437041986734,6649,4914,2522,41912
"26009","Antrim","MI",2020,309742,47.319114683196,532002,127774,240683,325477,62835,26.7778911464848,33313,3201,4026,14517
"20209","Wyandotte","KS",2020,989708,37.2558572888374,43567,238473,337,123740,54278,29.542101402767,26526,2454,1010,43097
"27045","Fillmore","MN",2020,181261,36.5663615288213,193604,135764,150342,393538,59899,18.7006721866783,29806,7802,2050,49347
"27169","Winona","MN",2020,436096,48.4941757936031,850996,435232,213200,55554,44944,9.29181151557714,32877,8475,3886,19428
"35035","Otero","NM",2020,867654,39.6294206054881,82664,471534,148192,351495,73773,22.991593136685,22490,897,1243,21495
"37045","Cleveland","NC",2020,633218,33.6122192861512,513787,297707,98850,352829,87588,9.19939179555513,3995,3726,2424,26872
"37145","Person","NC",2020,780927,35.782029312104,341144,446004,264152,207077,79426,16.5408520621713,47338,2140,2346,5600
"16055","Kootenai","ID",2020,665863,32.0057934056967,383262,93557,268432,213028,57590,21.3696748204529,22124,6133,2824,33217
"17203","Woodford","IL",2020,259344,44.7788628656417,724162,492403,182932,192460,73930,17.6544133236166,9024,8178,3235,31456
"17123","Marshall","IL",2020,672693,44.2664098832756,694137,22619,175200,192230,31090,10.9666515677236,28120,3488,4838,32783
"20121","Miami","KS",2020,508229,47.9134849784896,242445,346289,63867,217427,34828,23.3393203944433,37644,3067,2133,6770
"20183","Smith","KS",2020,796157,39.3122460180894,730357,11474,253637,361940,94711,13.5578450351022,21529,9232,4498,4433
"20201","Washington","KS",2020,985795,32.2969467798248,157143,229132,98078,351636,60851,17.4202857899945,31611,5362,1833,23381
"27025","Chisago","MN",2020,156951,47.7001755964011,653965,172725,127138,265861,48796,14.9627599236555,26957,9129,3,44059
"27091","Martin","MN",2020,960651,38.8232511561364,585874,266003,292142,303836,49517,24.0490764158312,8886,5477,2055,41274
"35009","Curry","NM",2020,487785,42.1423602290452,286141,357972,87704,13291,79066,18.0833973817062,6314,9638,2878,17561
"35029","Luna","NM",2020,6031,42.7221005503088,744065,311764,34124,99504,73315,18.3613967802376,6799,552,4784,4546
"36073","Orleans","NY",2020,265330,38.5645341686904,896057,11578,162883,27889,67414,17.023954547476,24064,4162,380,24192
"17101","Lawrence","IL",2020,636945,42.6722185546532,819793,125553,94395,111364,63730,10.1923424354754,12094,4235,4202,41722
"17151","Pope","IL",2020,264285,39.6274904627353,546509,450895,255812,160971,90434,22.5099644868169,986,9099,422,41476
"17131","Mercer","IL",2020,693398,32.7551465155557,839398,352970,239645,220207,82462,17.5054447969887,653,7946,740,15883
"36005","Bronx","NY",2020,159579,33.7724582850933,20844,410563,155564,382145,50636,8.11296072904952,36496,1960,1045,41875
"20019","Chautauqua","KS",2020,845449,48.5299174580723,472004,265157,232406,8054,86173,20.9412140201312,22191,8993,2783,202
"28059","Jackson","MS",2020,948865,39.4895665068179,299104,294082,19651,55379,45214,20.9886928275228,39203,585,2041,8099
"28045","Hancock","MS",2020,702384,42.1137249283493,484888,278453,241261,205176,51190,19.7067956102546,12423,5372,1830,6360
"37179","Union","NC",2020,334048,36.4483578735963,494077,338764,228522,255966,59740,24.7775150416419,39089,2007,1519,27225
"37187","Washington","NC",2020,894624,34.7060156287625,119895,339529,3141,249166,77794,24.5796054264065,39727,5687,2286,26439
"17015","Carroll","IL",2020,569928,38.5217309743166,471099,276416,256238,281562,65348,21.3296853424981,46185,8471,3972,522
"26161","Washtenaw","MI",2020,888074,44.37133254949,689399,254785,60842,105914,69081,29.7071372694336,25977,6016,124,17134
"36055","Monroe","NY",2020,103546,39.0141503885388,664166,496643,204030,281033,81230,19.7674423176795,27822,3971,2485,35364
"20075","Hamilton","KS",2020,865521,41.1447671055794,897808,309429,138410,213312,87436,19.2360393132549,38321,516,4396,26457
"36057","Montgomery","NY",2020,317490,39.0059783589095,535857,381580,282706,393667,81146,23.2285687129479,13789,1088,1235,45196
"28113","Pike","MS",2020,212295,42.5578407431021,667566,149727,107806,18697,51387,19.1550765256397,16700,7611,3013,43284
"28027","Coahoma","MS",2020,932724,40.1967511419207,269465,111447,72811,28966,61302,26.4767687837593,39083,4071,4205,46871
"28057","Itawamba","MS",2020,958520,41.8824270181358,101082,293914,266169,20508,72741,21.8140587047674,38102,9558,766,44669
"37077","Granville","NC",2020,213955,33.5304891876876,573672,270583,119128,237361,56772,26.3307291734964,614,5684,3722,2302
"37073","Gates","NC",2020,24070,42.3724965145811,218924,449354,105908,109469,41804,29.6328906505369,21610,1877,2810,30301
"18019","Clark","IN",2020,217684,30.6918609235436,737985,394186,39548,178348,99845,19.4599831080996,14644,5117,699,28177
"18167","Vigo","IN",2020,577270,32.2232533665374,193802,478661,114432,298421,99634,24.7344232641626,32917,1221,826,35308
"21145","McCracken","KY",2020,725072,44.9068090319633,3510,171109,163685,240278,39175,26.6599649807904,3426,3959,124,30682
"40099","Murray","OK",2020,739751,32.2403861070052,217692,61708,110130,299299,44712,18.2192102901172,27173,2113,1756,40332
"28093","Marshall","MS",2020,485777,41.9825064670295,849906,309821,296562,57733,43992,29.4466646283399,22426,6975,959,30438
"28041","Greene","MS",2020,967225,38.250608430244,352698,390613,124244,34058,90086,17.4284525983967,42043,7019,1309,44772
"34029","Ocean","NJ",2020,640823,37.2501493990421,169361,177689,22617,340005,59009,24.9327011825517,20590,9478,1030,31181
"34025","Monmouth","NJ",2020,164951,31.3085255632177,879689,227228,221222,291216,82293,10.478590412531,17052,2962,3181,24690
"18097","Marion","IN",2020,132129,34.9124805396423,756742,15209,161795,353298,81387,18.6251853429712,29476,4869,1829,10663
"18077","Jefferson","IN",2020,260077,37.8380602551624,767048,163354,16121,25793,39333,26.737803547876,39547,1361,4836,44094
"26081","Kent","MI",2020,122900,35.8506564376876,619354,429235,46861,291976,72593,23.5505513043609,2827,9953,1488,21403
"40123","Pontotoc","OK",2020,45903,39.3300856975839,440851,251391,79691,303957,99255,27.8504172351677,41617,7797,4753,21733
"08041","El Paso","CO",2020,697455,46.8496777536348,96574,411752,163749,90913,41617,25.3460237884428,26197,5023,1272,29842
"29145","Newton","MO",2020,128351,45.4070668946952,712100,305404,122936,84736,60360,17.7827468968462,1145,7173,351,2896
"29213","Taney","MO",2020,573243,32.6153602683917,200102,329763,220223,385861,57273,24.9322216794826,4745,1018,4168,12883
"29155","Pemiscot","MO",2020,699294,36.5623046411201,308266,149245,212528,142710,31145,8.56142944656312,25511,4253,96,28034
"34017","Hudson","NJ",2020,641194,40.1041245134547,598535,298197,6818,133800,61100,5.53465258097276,40062,5237,1787,3253
"34039","Union","NJ",2020,205818,33.5672402195632,246684,410592,182447,211473,82090,13.5829339106567,10451,7646,3069,15220
"18171","Warren","IN",2020,33081,43.7497019721195,353695,480165,93835,107542,52757,27.794931352837,44470,2527,4233,36341
"26125","Oakland","MI",2020,56253,44.9908511294052,348605,171916,291884,46436,85085,5.03184831584804,5694,9002,1959,10441
"21105","Hickman","KY",2020,200073,40.327181648463,468074,402502,169239,234294,98485,17.1486328484025,4425,5857,4061,32818
"36087","Rockland","NY",2020,180113,31.1776597332209,712693,214161,203166,129653,93202,27.1724834118504,42375,4282,4166,44188
"40109","Oklahoma","OK",2020,246981,39.2425780650228,668403,122060,93272,172116,31836,26.7885280319024,24325,1022,966,30066
"29153","Ozark","MO",2020,201011,37.5237846095115,656723,472334,92619,6955,41688,28.5763041535392,44953,4437,1542,4860
"29091","Howell","MO",2020,839476,42.1604481525719,581735,468893,31704,157045,82802,15.8299734303728,34385,8023,3477,19468
"29011","Barton","MO",2020,215879,38.8567177718505,403685,208670,110876,71896,94246,10.004243546864,19277,9815,1594,44687
"40115","Ottawa","OK",2020,452471,44.2132621677592,356459,221263,35712,397521,52793,5.53683196310885,15456,5495,794,3949
"40151","Woods","OK",2020,187090,31.9138432666659,214787,293511,109865,166050,73223,6.03949184413068,39324,9850,3965,15844
"18141","St. Joseph","IN",2020,470258,38.0139017570764,683089,92150,20073,382948,79372,19.8672527633607,43978,9220,1683,32962
"26027","Cass","MI",2020,794369,40.8002745732665,486585,30281,232384,237376,90216,7.19506675493903,24344,5832,573,39332
"26067","Ionia","MI",2020,29498,33.2778131170198,335580,366567,180894,342296,68155,15.5462207575329,44808,1569,4641,30520
"21053","Clinton","KY",2020,905588,34.9787286389619,74882,132074,138469,316727,83432,9.23693925258704,24588,7164,3821,11455
"36003","Allegany","NY",2020,970053,36.2857166258618,133938,276420,8757,70248,97433,9.85412640264258,21819,9059,3945,9859
"29165","Platte","MO",2020,873694,40.6009054370224,320255,423953,72162,234116,38707,22.1937820268795,48470,7252,2935,19499
"29163","Pike","MO",2020,901986,47.689863666892,256309,435830,171837,9691,92016,26.4139956398867,43875,6872,21,22455
"41057","Tillamook","OR",2020,616263,41.0531422356144,628093,185826,32138,85662,41092,6.66715403320268,49152,6010,2008,16486
"41027","Hood River","OR",2020,321569,47.3642555624247,762839,176813,195927,113743,55186,22.3482915444765,18737,8619,175,49734
"26069","Iosco","MI",2020,366838,47.4471854465082,213406,346066,244924,28521,65610,25.9162300103344,39547,7423,481,36011
"18155","Switzerland","IN",2020,607305,36.9389416370541,285899,211214,235063,249484,47533,14.2582026321907,35421,6171,1483,22500
"18177","Wayne","IN",2020,367872,46.4094631420448,295204,93160,272509,214323,67975,19.2249801720027,13766,9352,1188,11972
"21091","Hancock","KY",2020,214237,32.0952667342499,568407,312186,142838,159104,35959,23.6928757582791,9973,2613,1148,36942
"21041","Carroll","KY",2020,236503,34.3854393903166,213330,359696,160366,257335,74060,27.2645374306012,48571,3743,3344,4987
"29147","Nodaway","MO",2020,155080,32.3921890975907,332212,2522,92430,227190,40694,16.1306100268848,20051,5367,1771,574
"29005","Atchison","MO",2020,167009,30.735851470381,385761,111782,149563,263923,74887,15.6752781779505,25394,4044,2115,39368
"41059","Umatilla","OR",2020,769010,33.6270029656589,419289,75495,54902,114734,86119,11.106673082104,24934,5282,2946,18048
"42073","Lawrence","PA",2020,66482,48.573357090354,71510,181059,231002,314735,39030,26.6565063921735,16297,99,1358,3815
"42009","Bedford","PA",2020,709038,30.2920783124864,471318,347418,134081,80605,67099,21.7762709897943,10684,9227,210,29320
"19155","Pottawattamie","IA",2020,697502,46.1824165238068,668832,133281,57530,360080,64567,16.6874225263018,11794,6409,634,37843
"19005","Allamakee","IA",2020,442170,41.6397218732163,510267,432848,34405,126955,89209,16.4893516991287,9051,5111,4600,2196
"36021","Columbia","NY",2020,561361,35.6340061267838,104994,234693,266252,26456,90200,16.3269214285538,21678,5971,963,45508
"26133","Osceola","MI",2020,767631,41.2212474038824,33092,368107,294552,209970,42123,9.02421833132394,24631,8542,1386,3424
"29045","Clark","MO",2020,296444,35.7454337086529,831080,352387,194988,314571,68482,22.6120751886629,40513,4840,1695,38944
"29009","Barry","MO",2020,445934,33.8104651588947,412563,239214,210171,346507,43726,6.92705337540247,48655,3142,2384,30419
"42085","Mercer","PA",2020,776043,49.3203459726647,882828,125444,106527,115457,82738,19.1685590613633,3244,4709,3231,47629
"42083","McKean","PA",2020,864566,32.0245502516627,493832,322312,116912,228587,80615,15.5868324404582,29568,1018,107,18726
"42015","Bradford","PA",2020,210553,43.2500360207632,626170,358601,242282,16064,30891,8.48976064124145,30940,2874,4673,36247
"42123","Warren","PA",2020,110976,34.5286712702364,678442,333701,57696,129544,60853,26.438495820621,24193,9807,737,32014
"18163","Vanderburgh","IN",2020,899754,35.8064915798604,164421,43756,239860,2709,51222,19.0721708827186,40882,3897,4168,15938
"26157","Tuscola","MI",2020,120823,48.3682710351422,180034,41351,83961,261419,64812,20.2350388700143,40687,7925,4957,11909
"26023","Branch","MI",2020,10086,38.3604559069499,763264,17759,96056,320911,87334,10.3788158693351,11644,8322,3764,3022
"21047","Christian","KY",2020,78178,38.4193494683132,436396,330063,39767,142944,98663,21.6240139049478,28206,2358,766,43144
"40037","Creek","OK",2020,411504,45.7644350547343,116016,437179,176372,321141,71105,16.4057320344727,37568,8353,2943,44208
"29217","Vernon","MO",2020,521386,41.8360894173384,47050,51816,193177,268651,66478,6.29775098175742,33445,1989,3698,18686
"30101","Toole","MT",2020,581551,36.5718459524214,843380,129067,100327,325898,68333,5.65800510928966,23262,1649,1606,10080
"31135","Perkins","NE",2020,893049,32.6912414515391,397897,89215,214905,145017,77362,27.0074206183199,16581,1685,4780,47792
"44001","Bristol","RI",2020,648433,35.2248324966058,498864,387776,104772,60201,44333,11.9402361055836,35281,9094,2413,24008
"17195","Whiteside","IL",2020,179719,36.5058621019125,142266,65631,46571,264171,95896,25.7075941492803,21632,6192,4586,41058
"18029","Dearborn","IN",2020,64474,39.3031475972384,471855,263859,257584,372609,67689,9.56238762708381,6715,7739,3349,48097
"19071","Fremont","IA",2020,354077,48.8619758794084,640142,189487,113833,129112,35396,5.21026371396147,23627,9175,3655,39000
"21185","Oldham","KY",2020,241830,31.5712646720931,882045,110890,223612,294078,81730,25.7776904338971,23428,8790,1326,27993
"40009","Beckham","OK",2020,294631,37.2161679761484,419775,154183,16602,375580,36220,7.52885223017074,4636,3743,3635,48558
"26131","Ontonagon","MI",2020,914372,48.3566089672968,831625,208269,153442,65810,37690,6.73236491973512,2640,2018,3009,43678
"01125","Tuscaloosa","AL",2020,226610,37.6991870580241,544355,184380,123664,76279,87686,5.16434781718999,28390,8952,3991,46797
"24011","Caroline","MD",2020,708959,42.8158268285915,35174,14050,12529,42405,31522,19.0542005829047,2060,6941,1006,40788
"01015","Calhoun","AL",2020,110916,42.1909745642915,10222,406381,189106,342383,58333,23.986695446074,717,4792,3664,18375
"17159","Richland","IL",2020,986759,45.6731591420248,190991,228965,113684,103319,96392,12.2586097288877,26881,3644,218,958
"13119","Franklin","GA",2020,379713,38.754228814505,125429,148752,27307,282192,76708,23.188144499436,234,7148,456,15446
"19145","Page","IA",2020,565606,35.246704146266,439718,30441,123130,303059,35325,11.2151788792107,27529,5166,4016,4730
"19167","Sioux","IA",2020,74280,41.8187495088205,121144,242635,229097,217066,42785,16.7261791892815,35089,593,631,11786
"19189","Winnebago","IA",2020,199072,33.7305160565302,63810,165939,260710,82095,76230,26.8821142276283,19747,2851,2856,13915
"26077","Kalamazoo","MI",2020,756527,48.745886948891,472132,137603,281883,384489,60528,6.39813688001595,26669,4343,1261,5754
"26057","Gratiot","MI",2020,197421,41.4530365774408,301772,384301,165880,398743,94636,21.9854928157292,18892,1260,77,13469
"26145","Saginaw","MI",2020,690547,35.5164917651564,681632,474561,94496,99395,93460,21.522559087025,31503,4647,3609,13057
"22109","Terrebonne","LA",2020,296687,33.9531000889838,625264,350214,252683,328017,36033,21.0153561038896,35107,6144,950,3750
"08119","Teller","CO",2020,497459,39.2047210922465,659143,439006,72065,96394,91741,19.4310919335112,38259,3267,1465,18637
"22117","Washington","LA",2020,292458,38.2047930918634,274891,138943,99576,27963,85404,20.2548136073165,23393,549,3898,20676
"22085","Sabine","LA",2020,823610,34.210207448341,30114,237069,171646,176695,46821,11.008287332952,20351,5298,1726,27283
"22119","Webster","LA",2020,3615,45.5484026391059,135447,439491,198291,99415,67699,13.4470822010189,19174,7847,1599,26513
"55069","Lincoln","WI",2020,180868,39.1204555239528,685104,379237,225730,62348,76963,11.9754479685798,2383,3470,2120,2434
"55019","Clark","WI",2020,591897,31.0963068017736,106531,224448,12249,378661,37359,18.95772981341,18745,489,3584,11638
"55123","Vernon","WI",2020,118410,45.0367062259465,417787,137182,118435,4844,85646,28.9404857100453,32787,4178,118,43962
"18039","Elkhart","IN",2020,336131,41.2393541447818,71155,140089,276689,388494,87764,21.6935985384043,15702,6856,755,15548
"18001","Adams","IN",2020,902145,40.0010944064707,83457,201913,178808,21615,81525,21.1795310734306,27732,1821,1780,43497
"26113","Missaukee","MI",2020,546928,49.1250741761178,889823,206799,291846,107671,46005,7.93316766037606,2149,1049,1152,16395
"17057","Fulton","IL",2020,472132,34.4875847036019,674837,8533,293869,132705,43210,28.4896988316905,38897,5769,3566,45018
"40083","Logan","OK",2020,780869,39.2971367202699,747882,374518,271001,17114,40722,20.889957093168,25894,2531,1561,27490
"36069","Ontario","NY",2020,846531,43.2423153659329,424507,331085,216371,244981,42429,13.2194631570019,24177,8472,3972,7910
"19101","Jefferson","IA",2020,243899,39.6397332940251,616956,333209,57792,102822,95266,25.3752819274087,10423,3313,1138,6751
"19115","Louisa","IA",2020,456733,31.7295396374539,660052,215938,282901,154451,95326,11.0201432846952,29379,9399,4743,2364
"19123","Mahaska","IA",2020,98670,33.4105017501861,49756,73420,107403,168807,95614,29.3153091345448,24485,3075,549,31169
"20133","Neosho","KS",2020,722766,37.6027053687721,349179,62982,124807,18937,44765,5.34421840100549,36791,6165,1848,30193
"20113","McPherson","KS",2020,823345,46.5690852375701,17152,368301,189581,95482,99503,9.05726224416867,19685,9355,1280,14368
"55053","Jackson","WI",2020,604947,48.2425943063572,295665,482856,33010,250489,91254,19.9051044834778,44436,2510,3202,5613
"55015","Calumet","WI",2020,514760,40.107631161809,478330,480222,207139,69641,59525,19.7727870207746,37168,7458,4048,12814
"55027","Dodge","WI",2020,264436,41.8950514262542,829713,88735,30554,242565,56270,22.0461335685104,8491,4412,4097,47784
"18151","Steuben","IN",2020,374954,40.2168416231871,306605,263765,102256,103413,32073,12.3713261226658,29692,853,2141,7508
"19139","Muscatine","IA",2020,987740,34.2975815292448,552070,411137,183780,99873,56727,22.1725881460588,40586,6050,3401,1913
"26037","Clinton","MI",2020,924628,38.4745263354853,837510,69461,271831,326788,87453,26.2683417950757,21508,7839,2688,30977
"19059","Dickinson","IA",2020,247061,41.9729081401601,807419,370423,7999,50269,41595,24.7949252091348,1523,7804,3852,15482
"21111","Jefferson","KY",2020,290951,40.1391216926277,163103,483123,100608,16603,55656,14.9974818062037,42454,2166,3645,4023
"21037","Campbell","KY",2020,725381,39.307018769905,438198,151080,13767,292948,76176,29.0460496395826,47244,332,2137,34934
"20087","Jefferson","KS",2020,209989,42.6355852652341,616169,244967,266146,192857,59121,9.59179990575649,35808,2885,212,8638
"20153","Rawlins","KS",2020,929719,35.8541938336566,149030,391247,95259,142397,53031,27.2070793504827,6057,6938,115,19589
"20207","Woodson","KS",2020,31943,31.5143957734108,69685,169148,57939,317941,67821,28.1334110081661,28968,346,713,47401
"20123","Mitchell","KS",2020,979238,41.7573857214302,802153,447749,284243,390810,76565,19.4884912413545,49156,1540,3378,44795
"20179","Sheridan","KS",2020,443425,49.9557279329747,64438,453651,228358,70380,43958,6.98890055180527,664,2471,198,13106
"55087","Outagamie","WI",2020,361083,44.7460671002045,273830,375619,181916,280340,48325,23.9364028454293,42410,725,1176,23089
"55033","Dunn","WI",2020,500522,38.4969111997634,141341,433165,205499,306329,94681,22.460019805003,43287,3693,3557,30454
"55017","Chippewa","WI",2020,187733,34.987298133783,484275,235449,247690,364244,51771,9.7726065677125,47622,5519,1961,14473
"20129","Morton","KS",2020,149854,33.3865656657144,343149,152112,9917,187445,68639,27.3122950701509,30227,1659,2122,46627
"20125","Montgomery","KS",2020,86146,46.4803873654455,273615,254134,123742,144976,76706,8.10343292076141,31776,3915,4691,47778
"26019","Benzie","MI",2020,505146,31.4833375159651,493799,74218,55492,108462,86557,9.56229370320216,7289,4314,1658,28615
"18057","Hamilton","IN",2020,73445,30.5734986113384,58023,217403,138530,65338,83990,14.843290108256,9889,1705,3375,47299
"36083","Rensselaer","NY",2020,856688,40.5141810979694,650796,469542,270346,295864,93082,11.9107586285099,43715,9585,3651,35009
"21225","Union","KY",2020,597934,36.5369637962431,653597,211235,136985,391232,87936,28.3711079694331,3369,3418,2119,25611
"21199","Pulaski","KY",2020,634720,41.8915063841268,406346,160441,74755,181528,35657,26.3268719322514,29315,923,1608,30404
"21021","Boyle","KY",2020,696984,45.1497794967145,746706,297029,138513,82707,82334,10.2319950598758,13375,6258,3797,24823
"55077","Marquette","WI",2020,578341,30.0058515137061,165268,480716,177217,376946,36514,7.03095125034451,32404,3484,4665,23204
"55091","Pepin","WI",2020,613024,47.8133380273357,46620,308394,182289,324713,93497,13.92596837366,15460,8757,936,38528
"55119","Taylor","WI",2020,394044,40.6330062076449,523240,308079,275372,67375,44398,5.28433307306841,26164,1966,1715,36783
"20181","Sherman","KS",2020,414963,45.6965859886259,183725,38856,149004,8917,30908,19.5953330851626,42905,2511,4734,38889
"36093","Schenectady","NY",2020,880150,40.6841431465,245496,299996,134427,216979,87668,15.7297936396208,38739,7486,797,3971
"20035","Cowley","KS",2020,59695,31.4158306224272,882502,62841,31098,249925,73365,27.3516270751134,38370,4926,3423,5761
"20089","Jewell","KS",2020,265363,35.7743202662095,301660,185400,233353,286878,94141,23.0165608297102,30943,1185,4172,16593
"36035","Fulton","NY",2020,781310,44.6852573985234,360176,413196,182432,396565,51856,24.6993020712398,8982,2620,2467,18552
"05031","Craighead","AR",2020,734833,46.6902059130371,193538,16246,275524,6569,70091,24.3879086349625,49490,6170,900,8506
"01007","Bibb","AL",2020,813836,43.9490804914385,752602,125710,184233,64434,77957,19.4688143162057,17604,8051,2950,17638
"30041","Hill","MT",2020,511256,45.2192657673731,59965,384222,90973,300866,83959,13.8960331864655,8762,8954,3347,10629
"47111","Macon","TN",2020,687564,34.970959960483,787519,177177,207643,54791,53137,17.9950142581947,18462,4082,2108,49246
"55115","Shawano","WI",2020,913450,47.3624984081835,121680,119478,83022,165758,50385,25.798874925822,26903,9679,342,24999
"56043","Washakie","WY",2020,403206,34.0961614064872,454568,65414,116257,53501,30851,23.3511757000815,8146,7148,3093,44166
"40131","Rogers","OK",2020,179390,40.3931204881519,232326,69322,152822,231015,39773,23.4323550201952,16677,1097,3467,32239
"36007","Broome","NY",2020,340156,41.338861240074,35285,108361,28217,43876,36851,14.158791025402,24048,8877,3874,49754
"05149","Yell","AR",2020,148525,32.0141380093992,871994,222915,51340,343643,76183,10.1615812815726,28205,5243,26,5641
"05087","Madison","AR",2020,138594,33.1298112682998,503801,240957,58130,348238,53291,15.4885432228912,33808,6167,3612,37905
"54061","Monongalia","WV",2020,57849,43.44872913789,16096,3879,294969,86359,36105,20.8010074694175,35244,3655,4541,49569
"55079","Milwaukee","WI",2020,962608,44.6885678404942,743904,48517,35229,99699,54331,15.1309755526017,32252,1441,560,4319
"56019","Johnson","WY",2020,430635,49.9516806099564,621308,403344,37375,207113,69363,26.0421973664779,7948,7782,2192,18885
"56017","Hot Springs","WY",2020,800452,49.6445803437382,308123,221584,1785,77830,40873,15.5388935015071,6907,7732,2178,23843
"40017","Canadian","OK",2020,704276,45.4038498550653,2080,469536,222074,221368,32299,8.80323805147782,43768,7776,1796,36516
"06031","Kings","CA",2020,137257,43.5743734566495,123661,267676,124376,346033,78642,22.003947601188,27635,2188,2624,2321
"08017","Cheyenne","CO",2020,675788,48.0725597171113,183723,369872,48672,313771,97450,25.948752068216,42132,4076,3782,4333
"08121","Washington","CO",2020,688765,47.6655922550708,348030,21107,250908,114959,52808,20.5239669955336,37130,5792,2898,33547
"55101","Racine","WI",2020,627807,49.3415306136012,106608,99189,102460,143956,85575,7.32980370637961,48197,7469,398,8720
"55045","Green","WI",2020,83854,45.1237990520895,774301,5632,194950,373108,42711,21.1023758118972,49516,7025,974,8380
"55125","Vilas","WI",2020,752141,47.8433648543432,836998,404819,122957,196720,50754,20.76538864756,2759,6975,3689,14126
"01067","Henry","AL",2020,641370,38.2235968345776,301609,190587,2111,12633,37949,7.86791907274164,29667,9429,3935,5995
"01017","Chambers","AL",2020,109039,44.7312628710642,433162,443072,258879,308274,92756,10.6654077896383,6959,2861,1911,14288
"36107","Tioga","NY",2020,287759,42.906481330283,317073,194747,294075,284138,45867,6.26228866283782,35429,3195,4933,9736
"13253","Seminole","GA",2020,4078,41.3349556177855,823908,146607,255526,149226,62002,26.5924101590645,15430,2931,69,47670
"13169","Jones","GA",2020,83498,43.0735705420375,613916,42987,211208,293670,83542,18.4797016740777,20262,3200,2320,20213
"56023","Lincoln","WY",2020,735069,30.1387156220153,837214,145406,222046,378023,96199,10.3900518396404,4966,3984,1341,5994
"51011","Appomattox","VA",2020,152505,46.078057452105,413372,223383,266128,234519,47190,5.64081364544109,20994,9274,1360,19550
"01077","Lauderdale","AL",2020,977382,46.7283762060106,586655,209795,52493,324586,61912,29.6487477736082,20014,1247,4904,3088
"04019","Pima","AZ",2020,690567,32.4184192204848,433638,241702,84510,67611,92206,14.1409734915942,37369,6417,4677,28129
"36027","Dutchess","NY",2020,398582,47.077843118459,647450,48245,6025,321986,52015,13.1205526716076,29183,8024,3024,43924
"40031","Comanche","OK",2020,119220,48.6061493773013,634687,288688,206203,203245,30323,7.48813725193031,37373,4582,3504,1268
"26111","Midland","MI",2020,768839,38.8978886697441,21364,332692,70595,60525,30914,13.8970726937987,19836,2429,957,33689
"13129","Gordon","GA",2020,156664,30.521131134592,763378,219950,115727,119245,38676,27.6734375348315,48379,9656,4559,44602
"13207","Monroe","GA",2020,923722,44.5838559465483,250873,124008,229070,152080,37951,21.3378656259738,34691,949,377,16127
"13227","Pickens","GA",2020,660591,32.1551638934761,266778,401455,247456,226094,62675,26.8888698727824,15262,4328,651,15751
"51173","Smyth","VA",2020,163893,48.3609248278663,130699,427336,72154,36477,67511,19.118945482187,39193,6448,3185,48264
"51680","Lynchburg","VA",2020,473894,37.5697038881481,726899,117878,129924,391792,94625,9.96194983134046,35602,8763,3525,7632
"05143","Washington","AR",2020,162249,48.9831307576969,585537,143909,288742,309383,67065,10.9906906506512,1408,9830,2682,36556
"05089","Marion","AR",2020,714842,47.6808515749872,700522,118555,205172,192329,47096,20.6450876733288,39710,3305,998,23062
"06067","Sacramento","CA",2020,34129,34.6516660507768,158780,356837,238425,171955,91669,7.18906723894179,49070,5046,2376,31808
"10001","Kent","DE",2020,756871,46.8231545761228,66879,398902,75255,325935,41258,17.3033516283613,21548,1672,3000,11922
"12113","Santa Rosa","FL",2020,288984,41.6759548336267,189591,209658,38201,214853,76439,17.3343253391795,17834,7841,863,24687
"40051","Grady","OK",2020,684236,48.6893218383193,349423,259246,74160,49665,62617,24.9868461408187,25484,5992,4623,35793
"26025","Calhoun","MI",2020,14950,37.6588187646121,898664,202294,85497,189678,87690,22.8163926932029,23085,258,2550,21400
"40047","Garfield","OK",2020,264996,30.7753340015188,466434,213968,279998,6960,43826,19.0422888507601,32165,873,2741,49663
"13167","Johnson","GA",2020,586332,43.4287176886573,639348,209503,258632,70231,32101,7.41953838267364,21362,8380,409,28974
"13023","Bleckley","GA",2020,258047,30.0471934163943,622342,415264,201751,141014,58763,16.5967916615773,2267,8101,1067,45483
"51025","Brunswick","VA",2020,58012,42.6138402707875,652636,134594,255251,126953,94542,7.75760688236915,49609,9196,1174,23674
"51630","Fredericksburg","VA",2020,466992,37.7718270244077,639356,26208,157067,167147,73900,21.7296265135519,41412,2591,1280,9206
"12011","Broward","FL",2020,79336,47.9195349710062,7266,347345,112628,89326,72470,16.855358351022,32242,4776,2053,31904
"12003","Baker","FL",2020,511843,42.9367351019755,79147,231984,116678,119114,83431,25.6082990800496,4172,7914,2333,10413
"08099","Prowers","CO",2020,982562,38.4537525800988,153662,325952,232551,79805,90575,28.8326023798436,2220,8271,3527,27765
"02198","Prince of Wales-Hyder","AK",2020,302111,44.0432655159384,787953,220893,37839,249952,34291,17.3594946693629,17008,6904,1513,26591
"42117","Tioga","PA",2020,558544,30.9118633205071,315292,223020,293598,113515,87050,19.8487445083447,48968,9513,2941,44349
"13123","Gilmer","GA",2020,823794,36.2295640679076,42587,346945,16963,224845,50562,19.8383499239571,26547,1895,2342,41947
"13243","Randolph","GA",2020,380680,40.35656476859,28250,446003,191378,123721,84456,29.3567384488415,38933,7870,1334,4477
"51760","Richmond","VA",2020,279171,46.3331466866657,82281,284218,281526,382002,46716,16.8135644181166,39996,9750,3098,38428
"51045","Craig","VA",2020,8838,43.0416485155001,299682,102505,87781,308345,30612,15.5466660461389,3075,2677,3175,40668
"17149","Pike","IL",2020,52978,33.8963419990614,740816,213493,254289,349245,61424,9.62127199280076,26902,7457,254,8274
"17077","Jackson","IL",2020,614294,31.5770717011765,735141,197950,246198,183489,87222,24.7927232831717,49500,1266,3134,31293
"44003","Kent","RI",2020,564352,39.7896002465859,211015,458555,201925,189519,89595,29.9128517869394,31852,9854,4867,33907
"17155","Putnam","IL",2020,92535,39.0430397121236,572763,29242,255626,376618,68654,18.007292302791,36958,4701,3249,34510
"17075","Iroquois","IL",2020,301024,38.9516385039315,705022,184498,52191,91452,51716,19.985450648237,11491,3845,4188,40255
"13093","Dooly","GA",2020,359553,43.8712460873649,886407,315186,218315,248530,35575,6.71358071966097,22780,4217,4668,34745
"13053","Chattahoochee","GA",2020,809409,41.1738524818793,804605,21286,117111,81347,49502,17.5795090338215,42558,882,3312,33736
"51049","Cumberland","VA",2020,275823,40.9310406446457,281038,388108,170811,61646,47940,5.31499087344855,30146,4330,728,34515
"51540","Charlottesville","VA",2020,329644,46.9997067796066,167576,14074,50556,125335,90830,13.6292212363333,27665,5532,1392,45611
"17079","Jasper","IL",2020,345883,38.3543845731765,846801,256902,276784,34695,79528,28.7833572318777,46413,182,4714,803
"17167","Sangamon","IL",2020,533766,40.9025825373828,260235,89990,223762,243421,85345,14.3275121354964,25427,1833,243,2664
"13083","Dade","GA",2020,409953,35.1977212401107,225747,437420,78735,271150,36316,14.792785247555,10821,2891,4789,11712
"18173","Warrick","IN",2020,492750,34.5120705477893,553153,130751,267121,159559,61835,25.4563638486434,16488,6392,1609,9448
"18043","Floyd","IN",2020,483020,34.9003258626908,178878,398111,101065,245480,44678,16.6228919476271,29408,826,1768,20758
"13173","Lanier","GA",2020,982674,42.1411370066926,811167,234471,232912,103149,51824,18.9341392728966,7811,7451,2905,49554
"13037","Calhoun","GA",2020,28078,49.0310013946146,13738,437054,82931,386767,32758,11.8772635771893,10049,9389,1886,48802
"51775","Salem","VA",2020,29803,41.3347326777875,858540,466249,35338,112802,64750,15.9418017731514,46141,8662,3260,35709
"51770","Roanoke","VA",2020,434130,30.3017185395584,514280,136296,8854,164952,66878,26.3936145708431,737,6324,2713,28946
"17141","Ogle","IL",2020,943134,49.0770339826122,68027,233932,62864,389354,57027,6.47620748030022,23393,185,4358,36373
"17061","Greene","IL",2020,759612,37.9022849770263,821535,453113,447,125095,69643,9.9423432443291,27119,7483,1584,32601
"18165","Vermillion","IN",2020,121187,44.0098052844405,614360,57677,185307,74400,80623,28.6652129678987,29534,2961,2707,816
"26117","Montcalm","MI",2020,310116,32.6430219924077,45560,240068,280561,27336,91476,25.9551875828765,24508,386,2020,1398
"26159","Van Buren","MI",2020,954878,40.2127110073343,43747,191235,188254,192924,80556,9.53195853624493,7065,4497,398,10652
"16053","Jerome","ID",2020,691137,48.2511815335602,321751,453195,190892,176991,37307,27.5349946063943,31092,5977,4719,16972
"18059","Hancock","IN",2020,400511,35.4964763112366,688416,286765,264842,270033,68801,18.8684401463252,6799,8993,1879,20568
"18109","Morgan","IN",2020,55124,47.7953611221164,667343,291375,177741,66563,82086,24.5399164222181,24847,1145,4518,22655
"51079","Greene","VA",2020,166942,32.6677209837362,790847,335254,172276,329164,56445,6.37186620268039,14321,3588,1817,25186
"51820","Waynesboro","VA",2020,205594,47.0417634630576,199179,302380,57081,93077,67444,19.0368964232039,18571,6256,1246,7155
"51678","Lexington","VA",2020,527568,43.1162193184718,460323,63592,234066,180121,47943,25.6243772874586,10907,6962,1725,2901
"13061","Clay","GA",2020,67603,37.6141904760152,214816,231035,111185,55390,51037,20.4447049426381,21505,3197,4045,5931
"17173","Shelby","IL",2020,486220,33.501648386009,585726,90608,161676,244600,32767,24.8661846690811,37786,6287,4086,35352
"17105","Livingston","IL",2020,124156,30.7229550369084,613532,354714,125893,296172,31487,6.95704762008972,11427,9586,3834,6385
"19085","Harrison","IA",2020,7074,37.2377206385136,674417,121076,240093,173678,91751,9.62329083820805,30105,6036,307,15533
"20191","Sumner","KS",2020,693259,36.2177224876359,350403,128714,52916,115929,43134,18.4901399724185,5972,6427,1692,5706
"20037","Crawford","KS",2020,785540,37.4475818127394,281341,402136,17829,225910,38400,27.8508858883288,24646,6933,4582,31199
"18017","Cass","IN",2020,768569,40.9268917888403,211689,117122,170326,382806,89490,6.57843999331817,8949,871,737,16595
"18065","Henry","IN",2020,115920,32.4555189814419,705057,444858,1394,57962,73086,6.59564583445899,37714,5904,3010,30470
"18133","Putnam","IN",2020,337988,49.8265379155055,267448,342919,6331,148964,30708,6.94221122073941,17928,2582,1946,47921
"19175","Union","IA",2020,755293,39.3386972369626,477739,184974,17155,222273,43320,8.42824442777783,13983,8554,4180,28123
"19047","Crawford","IA",2020,548483,45.2389956032857,59386,429932,199990,354555,54251,13.3879506622907,2045,7730,2291,32841
"54101","Webster","WV",2020,561189,30.5426861578599,502155,31463,179010,250956,46239,27.7819591294974,19166,589,3662,48089
"54079","Putnam","WV",2020,156549,48.4583998657763,746547,179157,68489,184539,51381,19.5475852885284,27646,4447,4778,4511
"17045","Edgar","IL",2020,570635,34.0010210359469,879516,410701,150126,183545,80740,13.9245152485091,10938,4616,217,29133
"17005","Bond","IL",2020,856658,39.5097502786666,362411,486177,109384,6769,36250,16.8647587543819,49511,7696,1735,47368
"26091","Lenawee","MI",2020,765393,48.5240040533245,400215,415295,179490,144318,80378,12.7624400262721,49706,703,3385,29028
"18031","Decatur","IN",2020,223887,38.0733684590086,145550,253322,247402,231358,64225,11.6209391341545,7091,1528,1920,16932
"18117","Orange","IN",2020,111654,30.7356227748096,220681,496314,241862,193098,74043,28.3239461842459,18888,197,1972,43194
"20021","Cherokee","KS",2020,468125,43.0551144154742,14850,424725,236230,216979,70188,23.3760093001183,35159,5038,2032,33
"19081","Hancock","IA",2020,256730,45.0033133942634,143688,480164,32461,378296,81220,20.0911030825227,1719,1697,4125,6379
"19033","Cerro Gordo","IA",2020,799086,32.8262730594724,856172,226047,77982,226245,79330,28.403313086601,37562,7536,295,28372
"19151","Pocahontas","IA",2020,595336,37.9160838900134,397266,182387,286866,254926,41654,17.0839143870398,48161,6370,4878,24657
"19161","Sac","IA",2020,13725,45.3030485799536,393759,138138,114471,329973,42778,16.3596358918585,509,6589,3016,48086
"19103","Johnson","IA",2020,503333,32.215203284286,200828,354417,71484,380921,50608,29.0853519528173,1995,4204,1761,49126
"54097","Upshur","WV",2020,812095,45.5942234862596,834958,224557,220529,369306,45285,21.0218615550548,48917,5772,4229,12779
"54015","Clay","WV",2020,257216,40.9194188006222,42895,471678,246440,317193,78264,24.6388962154742,47833,6833,361,32951
"55005","Barron","WI",2020,263150,45.5573772452772,822685,139588,117121,170189,35649,28.0647331336513,11111,8230,3848,11138
"26153","Schoolcraft","MI",2020,507562,31.9211949268356,637627,234297,128425,30094,41155,24.6811276720837,29708,4005,4300,45975
"18007","Benton","IN",2020,991649,30.1689688535407,683951,15084,172100,325075,63843,13.3518931933213,28761,8472,4767,21663
"18127","Porter","IN",2020,603466,39.2340742051601,535198,102185,93942,123891,63656,19.697523904033,35726,5452,1388,44308
"20091","Johnson","KS",2020,969589,36.3194963894784,102776,81095,297047,90339,88696,27.7436957706232,45500,3172,3230,20765
"20137","Norton","KS",2020,228033,48.6823480436578,39488,254447,81848,81687,56476,22.9187996254768,45345,1136,3363,41348
"20013","Brown","KS",2020,72039,49.9705255124718,118979,446018,171454,79216,96084,19.5627233898267,41432,4789,3925,37400
"05063","Independence","AR",2020,602518,42.5188321433961,691382,387557,281485,353862,37506,24.8034686094616,8589,9984,96,30183
"46071","Jackson","SD",2020,260105,46.4773936290294,202159,357784,45498,282949,48537,5.85401085671037,23780,6814,1629,30219
"47177","Warren","TN",2020,478596,49.0230452176183,378770,196579,13756,261422,68141,16.0846842580941,38639,297,3269,35500
"47169","Trousdale","TN",2020,949379,48.4436942031607,515656,197183,3640,295268,44854,13.6062214919366,17545,637,3422,44086
"29043","Christian","MO",2020,55221,33.3798722503707,882996,365493,284240,280438,30383,25.122895995155,40520,9560,2727,9866
"29109","Lawrence","MO",2020,21678,40.502769742161,415685,80688,10023,378867,72944,8.23565569706261,20841,6467,251,10281
"29115","Linn","MO",2020,431512,38.7034904584289,850307,335469,170955,74323,76986,11.8197918357328,35810,6695,2332,31629
"38101","Ward","ND",2020,264168,49.3852450558916,286322,24416,12531,130024,69023,27.666646639118,48286,629,4592,29895
"38049","McHenry","ND",2020,530635,32.5029288977385,88236,490071,200435,380480,87323,23.1982396403328,19389,2358,1746,17138
"38103","Wells","ND",2020,820736,34.6187720447779,122000,319342,249023,252830,30279,17.8148748422973,22639,8034,3938,40920
"46065","Hughes","SD",2020,981221,43.429884207435,369442,287762,58828,318615,88460,7.33948791283183,16794,757,1314,11891
"47017","Carroll","TN",2020,410027,32.610076344572,761742,212376,287997,50918,79000,14.9980316124856,29643,5162,2651,14628
"47007","Bledsoe","TN",2020,625160,42.9474737774581,559043,248980,277993,56729,78328,18.2393776730169,16702,7351,3283,36008
"35025","Lea","NM",2020,674700,43.0783785320818,734043,393979,185596,213952,58368,12.6938998827245,12803,9183,4911,8082
"29219","Warren","MO",2020,463838,46.9693562248722,231635,232535,32728,275293,43185,9.05945293023251,3950,9867,2658,25443
"29117","Livingston","MO",2020,434551,46.7475944664329,378697,166181,138139,167208,46628,18.4357951232232,22147,8173,307,3069
"38025","Dunn","ND",2020,641947,49.6203316329047,329308,445712,256441,287515,81863,14.1003811685368,1933,2020,2289,37610
"39157","Tuscarawas","OH",2020,851218,39.2821293277666,752403,449400,158784,327165,97329,21.9592292688321,11659,608,4040,6072
"39023","Clark","OH",2020,728762,33.3562242332846,861676,392195,111017,279936,57354,22.3919430468231,45984,8756,4149,29115
"47015","Cannon","TN",2020,762027,48.5408926662058,817605,54220,9277,272926,37116,8.81639350671321,34719,1678,317,31080
"47061","Grundy","TN",2020,378391,30.8570637507364,609223,162697,67907,266013,39686,23.7385241675656,34152,9770,824,33846
"36101","Steuben","NY",2020,947554,47.2835755115375,449998,272769,290204,17439,49543,26.2346540531144,39717,4527,4950,27635
"37185","Warren","NC",2020,124443,38.5813774447888,798335,1636,34570,240393,80941,17.4455496377777,47022,6831,4320,15288
"38033","Golden Valley","ND",2020,791108,42.3075250349939,456005,492370,284387,277415,61776,28.4697103733197,21608,6938,126,39541
"29003","Andrew","MO",2020,981558,32.9960283404216,404122,337958,77156,2345,99740,27.8577094618231,26052,4675,2005,6311
"29035","Carter","MO",2020,70754,38.8844671938568,362921,353838,218429,165572,73976,20.2409210451879,12445,1558,102,13925
"29007","Audrain","MO",2020,889697,43.2923392532393,593749,38100,229768,220496,39187,19.5717875682749,7435,8011,2092,6350
"39109","Miami","OH",2020,156065,33.3242029231042,578193,249229,172708,372446,70938,25.3392705006991,15778,3031,1951,14750
"39149","Shelby","OH",2020,488251,35.4675452457741,479691,151575,130019,384334,45548,10.9059997554868,26660,1178,4485,37696
"39113","Montgomery","OH",2020,753354,47.1535521838814,70325,300291,250750,194565,98355,8.59183643013239,33683,7394,2076,33304
"47075","Haywood","TN",2020,805438,47.1380885271356,90455,202421,4844,209918,41136,21.7815268214326,42785,8312,4575,9631
"47023","Chester","TN",2020,502592,30.0689697032794,452167,412103,172103,208853,68304,9.32038648286834,49123,1348,92,30888
"39081","Jefferson","OH",2020,921667,42.172586354427,804100,82749,197737,156629,95133,28.223070759559,23329,1785,1201,49932
"39039","Defiance","OH",2020,796518,45.1995045691729,187059,375862,199465,306778,56013,15.498970199842,10456,2638,3150,6140
"46121","Todd","SD",2020,467710,47.8784105647355,739022,41337,81376,277252,69290,16.3461564178579,30214,5818,2827,40245
"29059","Dallas","MO",2020,73686,36.6984344273806,213628,360876,42736,308037,91449,8.39415429043584,10062,101,3494,17764
"29089","Howard","MO",2020,867279,35.0585079286247,539800,130455,95911,366744,81417,24.4180230144411,10785,9274,892,27310
"29185","St. Clair","MO",2020,837702,32.0130963809788,126502,275352,143705,178730,47070,5.52482262835838,40098,7356,632,26142
"39041","Delaware","OH",2020,571842,34.2971426900476,414154,144884,78639,372869,36814,21.7781326861586,28651,9242,674,36046
"39019","Carroll","OH",2020,517617,47.4090089416131,680796,86091,238587,253014,87723,23.3591414534021,22736,8467,2982,19974
"39131","Pike","OH",2020,323978,43.5175096383318,763928,331472,236476,312808,35858,27.4582720024046,33268,5113,3179,7010
"47153","Sequatchie","TN",2020,10682,35.4663038719445,421107,293105,31872,346693,51400,26.9607087958138,31315,824,2842,44282
"47095","Lake","TN",2020,805983,37.6649602409452,168469,387816,202137,212966,66457,13.0408135196194,34211,9079,4564,8388
"47115","Marion","TN",2020,512591,48.6562253395095,641080,311102,108770,233829,74420,7.01658548321575,34034,7200,3795,34422
"47161","Stewart","TN",2020,910459,38.0550031922758,716335,266096,214515,302305,88729,18.4891154943034,11309,9166,2296,24075
"29093","Iron","MO",2020,75610,49.0356120606884,114343,314821,145284,161586,51492,24.3556977494154,38309,7587,1315,13755
"29063","DeKalb","MO",2020,657000,45.5109065910801,194989,283288,168173,316619,56406,23.6593642050866,8010,4828,1643,33688
"29203","Shannon","MO",2020,154005,47.6035183295608,266897,407704,277286,394370,30547,10.27690614108,4050,6983,2701,3224
"39045","Fairfield","OH",2020,696369,37.8665939392522,845799,405565,241069,207127,91735,20.8124789071735,45610,5582,1292,26931
"39153","Summit","OH",2020,838467,38.0700211506337,121850,240102,114503,100155,82078,20.8125106594525,16036,5409,2322,16001
"39091","Logan","OH",2020,741809,47.309992951341,198119,323240,68118,302950,57781,15.2354967384599,39821,8159,2542,35049
"48397","Rockwall","TX",2020,980312,30.4939256049693,471086,369601,226521,396400,98991,25.2038052666467,14702,5879,2709,31443
"48123","DeWitt","TX",2020,730357,42.4198267608881,9501,257053,113097,334592,50663,5.68421472096816,19091,5900,4685,36170
"48209","Hays","TX",2020,20863,37.8012248501182,707732,19764,149743,16501,77786,13.4354762453586,41953,1976,864,6504
"48489","Willacy","TX",2020,904038,35.2921256422997,230979,193211,28600,254000,87614,6.56219426426105,40366,5013,3148,4836
"48017","Bailey","TX",2020,89949,43.1159461289644,10981,295231,101287,158870,93794,14.8153386847116,12221,954,2834,30087
"30111","Yellowstone","MT",2020,41707,41.9267123984173,744471,456265,96170,102847,43529,29.9413163459394,26928,3491,867,30802
"30097","Sweet Grass","MT",2020,302078,43.6554785491899,743037,353994,82664,287032,37826,26.8418856326025,29843,2852,1653,28293
"39117","Morrow","OH",2020,903333,38.8741797907278,115225,146435,260537,340116,66410,12.8614640166052,156,1262,403,31972
"39159","Union","OH",2020,404035,44.5934364804998,194293,113348,87571,330498,86738,8.64956253906712,10919,3193,3830,46792
"39057","Greene","OH",2020,502606,43.6880832305178,193558,488747,113573,95136,55900,12.0343712053727,24676,7721,4670,48202
"48299","Llano","TX",2020,259937,46.0734682064503,312961,200638,89558,189290,98167,7.01769308769144,45126,2011,4690,14070
"48257","Kaufman","TX",2020,683161,39.3878750409931,306923,493519,177374,167690,90528,6.22657591709867,29886,3524,4593,36356
"48181","Grayson","TX",2020,581175,43.78478102386,530244,171362,260680,218798,70221,15.6503088958561,28974,2343,315,16784
"48075","Childress","TX",2020,808608,39.6561181452125,718346,475845,146373,380311,73822,20.749999252148,770,5381,1242,32941
"48483","Wheeler","TX",2020,190211,47.6514189923182,716843,107511,91120,292400,58369,20.5889368033968,10927,8643,1826,37452
"51073","Gloucester","VA",2020,486042,35.9126017056406,180148,287836,142514,174279,71646,21.0367146832868,41340,3343,347,19511
"51735","Poquoson","VA",2020,489569,38.6336303129792,699209,456773,200864,225206,89165,26.6373625502456,37683,8357,1568,28926
"53061","Snohomish","WA",2020,775485,37.3038857057691,285023,396151,81297,322160,84896,7.0633987034671,19735,8274,4596,24446
"30065","Musselshell","MT",2020,610899,48.194499341771,88388,54060,294260,162466,84548,8.7425261863973,23197,8329,3447,10536
"30019","Daniels","MT",2020,240504,49.5533265871927,18327,450739,89501,371129,85238,11.7094004305545,1542,2258,252,15347
"31041","Custer","NE",2020,257554,48.8889716053382,812154,277445,244197,248201,80368,28.9007530442905,28647,4003,2611,26542
"39151","Stark","OH",2020,710245,46.6359304683283,245496,385776,31424,287530,83511,29.7968303097878,47317,1368,2760,10632
"39083","Knox","OH",2020,156943,35.2906197914854,463242,27966,231695,392093,93479,16.3582602003589,15645,7281,1857,15807
"39075","Holmes","OH",2020,241925,36.6303990921006,169378,173564,268406,248028,57362,15.6869648152497,46475,5517,4962,30108
"48291","Liberty","TX",2020,715712,39.5758278062567,460762,8206,146395,17472,51331,19.6545252122451,7866,8894,30,17687
"48031","Blanco","TX",2020,304101,41.3492170581594,553118,349191,218601,324111,61045,25.5555243010167,15514,6479,2235,43432
"48219","Hockley","TX",2020,252230,35.2562705939636,262840,335388,278491,293484,45839,28.0720540275797,4780,8365,1687,29081
"48149","Fayette","TX",2020,10343,31.4538399735466,363482,439208,239506,283959,98878,10.5616583616938,47286,799,3385,19175
"48221","Hood","TX",2020,426780,45.9530463349074,583215,232274,55589,318927,83311,10.7951183756813,22849,5880,3644,7723
"51169","Scott","VA",2020,635318,38.571764160879,451883,33119,69195,326524,49793,28.6254268384073,7853,3341,3360,18957
"51071","Giles","VA",2020,318876,32.2467852756381,80397,175198,98482,375274,36103,22.3869017686229,36990,8130,2427,2499
"31045","Dawes","NE",2020,176023,38.4612052468583,594789,43610,16359,148955,96009,25.5963598040398,47548,7981,3457,32182
"31123","Morrill","NE",2020,815317,38.8628378883004,797107,353093,9779,323094,88791,16.5861483674962,3457,7265,1845,22324
"31037","Colfax","NE",2020,837902,37.2475822363049,385278,41231,225866,273912,66355,9.87839261186309,47637,9116,32,41537
"31039","Cuming","NE",2020,432957,37.0254266215488,281693,470634,172347,267718,81927,13.445070264861,45846,4935,4173,21300
"39071","Highland","OH",2020,92746,35.9802077431232,706552,197485,178967,45629,84563,17.0506058097817,48368,5666,3832,41281
"39173","Wood","OH",2020,294612,49.8331943014637,874234,104745,81106,160153,94260,13.7521919980645,48729,8146,4733,3914
"39055","Geauga","OH",2020,744612,43.7211716454476,895217,498488,262025,65726,52259,22.6580294850282,19992,9632,4541,24277
"48065","Carson","TX",2020,359344,46.7364330496639,214863,187055,7911,347620,84547,8.62546807155013,17458,9280,1524,29359
"48143","Erath","TX",2020,281294,38.1216347124428,580785,378822,264564,295524,36498,19.9424130155239,20851,2133,4553,43608
"24039","Somerset","MD",2020,510712,46.6137866163626,757677,179338,21755,312746,73067,9.48672256898135,34813,4227,4029,2940
"02130","Ketchikan Gateway","AK",2020,203495,44.6622098702937,526136,58970,252429,239769,74247,24.009021873353,6771,5673,3030,33985
"25023","Plymouth","MA",2020,544621,33.4452500101179,879097,103977,228486,20356,92034,21.7494914203417,10242,3448,4517,17524
"01127","Walker","AL",2020,40439,37.8563117608428,323497,353097,165727,202834,70673,29.5817070186604,44879,2410,148,37110
"26033","Chippewa","MI",2020,218577,43.9915962889791,750159,240920,271998,57758,51058,15.7872339605819,42015,4806,3286,46294
"39051","Fulton","OH",2020,897101,31.6429275181144,154739,52708,73327,343485,39828,29.714651616523,47401,6610,3929,38187
"40129","Roger Mills","OK",2020,921540,35.2135676471516,692625,134686,177235,176957,52201,19.3311988562346,30645,5811,3777,16059
"40025","Cimarron","OK",2020,881146,42.9226137837395,125387,109359,281337,146474,81695,20.4863700387068,29846,2934,4121,26455
"31023","Butler","NE",2020,710768,45.6350871548057,316514,351504,207479,261226,65206,23.4262488328386,46179,6317,1362,1938
"31011","Boone","NE",2020,884408,38.7505071749911,514359,30270,40674,343077,60731,14.8797099548392,41045,2184,4440,9584
"31117","McPherson","NE",2020,936873,39.2994171893224,51105,237476,164270,360757,89997,21.5946597291622,24193,8423,4308,47756
"31079","Hall","NE",2020,523548,36.889177877456,60218,422036,211538,350302,90910,7.62286531506106,3484,159,4570,31848
"39121","Noble","OH",2020,467937,33.6663080332801,370256,167321,191690,218638,43427,17.2994732228108,29099,6311,2095,3275
"39031","Coshocton","OH",2020,853451,35.0308537017554,267013,481598,129584,152797,33619,23.3429914293811,48231,3988,567,8616
"40121","Pittsburg","OK",2020,562171,41.9890229683369,875918,179709,169018,194445,54664,27.2843219235074,7111,9487,3465,42777
"01057","Fayette","AL",2020,508118,35.2231002459303,791933,434012,241453,56600,72213,20.0679419224616,23873,8067,138,1563
"27099","Mower","MN",2020,160860,37.6698998082429,609643,382661,112059,183098,88862,29.8734993394464,28528,2404,4792,24043
"27157","Wabasha","MN",2020,792209,44.0118015231565,42248,260557,30799,194085,58418,20.9368526597973,18713,835,3561,17080
"41041","Lincoln","OR",2020,28504,44.9756211508065,743792,120895,67060,61531,90692,7.41736107273027,8910,6207,1147,13783
"41009","Columbia","OR",2020,285993,48.3095917291939,358755,334550,137768,298880,79470,15.6775454536546,10899,9585,1420,5746
"42105","Potter","PA",2020,465247,47.0291636837646,635435,402261,273887,212443,61852,19.9894134316128,4072,1934,1093,44809
"31159","Seward","NE",2020,812601,42.1225418243557,92700,79274,255246,287599,52232,13.1591336696874,25797,5480,173,46268
"31019","Buffalo","NE",2020,772164,40.4950619675219,566093,139659,55311,147988,64508,12.9940204741433,19189,8816,1144,44358
"31097","Johnson","NE",2020,565077,48.4921799879521,833722,400611,50931,214241,57299,27.1621520293411,7390,7881,2543,49949
"40137","Stephens","OK",2020,488671,32.3371856659651,335093,498395,248054,108862,78578,23.6755668662954,36402,1249,3851,4388
"40149","Washita","OK",2020,91116,38.5603754874319,439946,143217,283259,250086,68699,21.9972245406825,49705,4060,21,20220
"40077","Latimer","OK",2020,440254,45.3993749478832,53467,467062,272435,212042,36124,27.0865071285516,33624,5092,751,41822
"27135","Roseau","MN",2020,301676,31.8474273849279,568984,23893,222998,134362,36132,11.3802419346757,38719,998,3072,24544
"29021","Buchanan","MO",2020,398259,37.5977412657812,361874,436298,26340,236532,43548,7.64095102320425,47307,3175,3950,23718
"27041","Douglas","MN",2020,956603,30.3937297174707,796627,361682,270472,176503,44688,28.3011831296608,46901,1832,734,26771
"27057","Hubbard","MN",2020,256463,44.8121024714783,349527,383074,295997,89433,75239,23.2076367200352,15286,4985,2701,31662
"27029","Clearwater","MN",2020,723378,43.4327860409394,413154,192515,25123,21105,36333,19.3321587704122,12863,3533,4130,17857
"27159","Wadena","MN",2020,312885,38.8203717302531,892703,163673,218975,255833,36328,16.4330908865668,13127,5653,1964,12995
"31001","Adams","NE",2020,18653,38.4526858339086,512261,446169,31819,273285,93727,18.4421998576727,27055,2516,2354,44477
"31099","Kearney","NE",2020,214526,43.8239688286558,572718,200169,49609,132643,46767,26.6779628477525,2005,9707,78,19139
"31017","Brown","NE",2020,144895,47.6709122722968,123916,432044,111137,194490,92007,19.5276078314055,47740,3252,4571,995
"40063","Hughes","OK",2020,293070,30.086957924068,392098,316425,30191,246203,57188,22.0486034301575,23412,8882,3440,39338
"40093","Major","OK",2020,361556,40.9869805164635,36913,361875,233589,334522,49400,7.41964688175358,7550,5676,9,27647
"29209","Stone","MO",2020,499623,47.3521010996774,313109,304598,204504,165169,62755,13.9812210237142,20916,2034,3814,34138
"29127","Marion","MO",2020,989092,34.9589484510943,865204,195724,113568,78730,35655,20.6217587413266,26878,8836,3836,25824
"31031","Cherry","NE",2020,94819,44.6514599630609,613093,11120,241351,239441,53915,25.3150444256607,45629,8434,57,24760
"27143","Sibley","MN",2020,123339,45.7959452178329,131081,249143,220889,163380,56377,18.8604138512164,34046,3721,2101,8418
"28067","Jones","MS",2020,776641,44.2644090950489,183161,155413,68672,196745,62140,6.3352713896893,27180,9167,708,36659
"28017","Chickasaw","MS",2020,179839,33.82600214798,189923,25981,107537,331705,90585,17.5164288212545,1324,7610,3864,2618
"28013","Calhoun","MS",2020,780723,44.7533006360754,430619,322049,40700,23169,38153,28.0306811339688,6218,761,1986,13795
"31005","Arthur","NE",2020,508432,35.1819824939594,885856,263968,165957,315436,87921,22.657608888112,9823,6260,80,24049
"32027","Pershing","NV",2020,583841,37.9120326740667,575820,24559,58453,261951,38726,21.7946884292178,45001,3739,2895,37731
"32021","Mineral","NV",2020,572561,33.5083171259612,635038,210911,95254,245938,80808,29.3169550958555,16531,7913,75,38925
"33001","Belknap","NH",2020,702798,46.5629350254312,803414,230306,249829,196936,32511,11.3862711598631,20131,7262,946,38530
"40055","Greer","OK",2020,865390,46.2109124660492,841915,60441,29168,283475,73978,27.932739747921,32246,4609,2345,37594
"41069","Wheeler","OR",2020,449407,31.3338386965916,788311,39961,158273,246605,95498,12.0766749209724,4367,9129,704,435
"31055","Douglas","NE",2020,277419,49.9325793143362,152658,420466,75166,49790,53361,9.23691390315071,23570,8281,889,46416
"28125","Sharkey","MS",2020,14813,36.8908998463303,694128,294956,123004,76176,99411,22.8022874461021,25847,7671,1852,1534
"28159","Winston","MS",2020,902654,35.9008215973154,659795,373715,64399,44709,31906,18.0598024232313,38032,8988,2084,24709
"28145","Union","MS",2020,705644,45.4301061853766,212179,200905,220267,143476,30984,20.5677449598443,2643,4026,2202,20868
"35001","Bernalillo","NM",2020,566692,38.5225035622716,332110,237489,12084,61139,85520,9.98224805342034,1098,2348,4099,36743
"35047","San Miguel","NM",2020,780289,33.2830786705017,407661,411888,264552,110445,57258,11.0798097983934,18695,2992,692,39325
"35053","Socorro","NM",2020,646990,31.8274814914912,556076,161638,158667,52522,86500,11.2325125094503,10104,7646,431,8834
"42011","Berks","PA",2020,692736,38.3149987086654,577069,256903,107854,284126,67185,28.9716221287381,8920,7476,1971,6348
"42087","Mifflin","PA",2020,866431,40.7550176093355,866643,296929,238510,191604,47962,15.5916150554549,20882,2870,3920,1794
"31015","Boyd","NE",2020,66317,39.7228881157935,314675,203427,120580,193647,38192,12.2875742509495,26081,2255,113,47946
"31057","Dundy","NE",2020,432187,43.4867990901694,639179,393078,216794,111999,32706,13.0485522048548,8081,5889,3606,44314
"31049","Deuel","NE",2020,746453,47.7061832137406,17555,12827,55759,353801,65557,13.7952996604145,23642,1407,2916,25142
"28097","Montgomery","MS",2020,468326,45.9081173269078,433787,254573,54616,4964,48284,20.7970551401377,2280,2521,2049,22775
"28007","Attala","MS",2020,55927,42.5514761917293,514666,448146,237115,362785,73576,22.8648550936487,17808,7855,4287,18564
"28061","Jasper","MS",2020,174465,47.7327143959701,340419,177597,54026,224620,49276,26.3559670082759,32685,8417,1858,44421
"28015","Carroll","MS",2020,389486,47.5867247208953,121999,233439,108118,118569,42322,25.7341697707307,28019,9146,722,35308
"28105","Oktibbeha","MS",2020,559241,37.8372860746458,333538,478894,137461,241412,73483,8.92241713125259,41483,1689,1008,17116
"35057","Torrance","NM",2020,454653,44.5688961585984,460018,145507,188460,191540,33885,10.2344110968988,21620,8210,2932,16229
"35028","Los Alamos","NM",2020,11211,38.1206286977977,709484,443381,172381,252117,62406,17.2730386909097,28676,3081,59,7254
"36109","Tompkins","NY",2020,317497,46.2593781435862,624139,301085,185887,320024,85512,5.30752132297494,41958,9711,638,32887
"42053","Forest","PA",2020,99294,30.9991389326751,500994,116164,207233,180613,94949,20.2378025173675,4347,2192,1356,6041
"42093","Montour","PA",2020,658759,31.0162763576955,607117,42603,11586,247583,87143,7.28117379010655,599,904,3392,1123
"42107","Schuylkill","PA",2020,718790,39.0573022374883,890273,370668,53858,321700,64230,13.497835486196,44411,1071,1498,2270
"31177","Washington","NE",2020,952501,30.2271001460031,199728,88116,29069,326353,68939,16.8059676431585,31937,1304,3452,19405
"32009","Esmeralda","NV",2020,947282,45.6725636683404,63497,767,41259,35213,68837,8.28764028963633,22474,3608,2148,42775
"32013","Humboldt","NV",2020,752960,45.2563944412395,770304,318045,173692,364521,33201,21.7750044201966,4682,5764,3288,43057
"28065","Jefferson Davis","MS",2020,765055,43.2470960216597,306306,87778,215585,305142,81184,29.8743310919963,22797,330,1263,28365
"28063","Jefferson","MS",2020,214589,31.2412615865469,643718,231538,135311,292474,66144,16.9921628152952,27002,2291,415,34409
"36121","Wyoming","NY",2020,494554,45.8693350106478,529820,379834,283273,189733,53895,5.18317846697755,27195,468,2842,22056
"37105","Lee","NC",2020,412316,30.3364799916744,846766,68045,69535,266924,63227,12.9227897396777,26067,3297,753,2267
"42065","Jefferson","PA",2020,53677,41.8118685251102,384888,131396,151015,264453,61341,15.487599496264,15805,9064,2100,37350
"42047","Elk","PA",2020,708790,31.5723601495847,292241,474792,164750,140542,62929,5.4814003361389,36665,1090,238,39605
"45071","Newberry","SC",2020,945795,49.0659554582089,68543,16162,238199,289953,91302,24.3832411896437,46401,7947,2227,9953
"46077","Kingsbury","SD",2020,153443,33.8651184923947,575801,281197,88812,241641,33383,22.678081523627,8675,6393,121,20038
"46043","Douglas","SD",2020,606243,32.5297745829448,321524,317096,96611,25651,86405,29.6880720427725,24329,8454,4543,29995
"46025","Clark","SD",2020,22532,45.2538146497682,189832,351840,103811,8678,38497,10.8251063630451,38676,3818,1490,22709
"46033","Custer","SD",2020,644083,46.4604981569573,474507,446635,112473,110873,72580,26.3783871964552,17552,979,2212,39225
"46063","Harding","SD",2020,294446,49.5509743643925,213374,356431,15321,155816,50981,24.355335138971,45593,4495,1456,25065
"28037","Franklin","MS",2020,957485,37.9595514573157,147291,445848,124374,223043,88378,14.5603276626207,35999,1500,158,34413
"29179","Reynolds","MO",2020,218490,49.8832804569975,571295,248630,220763,379746,94039,25.4100946662948,37233,9781,3655,26710
"29151","Osage","MO",2020,403195,40.9592262562364,860629,231867,33252,43649,57501,22.4399310315493,40355,7623,4299,10753
"37069","Franklin","NC",2020,209739,44.9790137354285,792032,421299,114671,14410,66196,28.9469711203128,17096,3681,1537,36371
"37003","Alexander","NC",2020,120893,35.6777191720903,22564,360774,234077,43106,82928,8.2910929643549,430,9684,2403,43533
"46111","Sanborn","SD",2020,695213,45.9129249351099,808363,419690,77623,62350,46073,27.4051094730385,1325,2767,439,22433
"46005","Beadle","SD",2020,994928,39.2826174665242,708151,197641,273435,192504,33153,25.1944400148932,34619,6550,238,32621
"46125","Turner","SD",2020,433579,39.9969084234908,868324,108253,176855,165800,92780,23.2064141961746,9511,4638,3412,10182
"46107","Potter","SD",2020,915586,44.4812078587711,77447,125294,52621,76643,39792,8.99392526014708,41279,9091,2885,41940
"16067","Minidoka","ID",2020,211409,35.4758622962981,440008,342075,230759,20642,39393,23.3483884960879,30018,991,4208,38036
"16051","Jefferson","ID",2020,885618,48.6515612574294,731927,338059,106762,159974,31134,9.84199296333827,18931,1619,4120,36956
"27067","Kandiyohi","MN",2020,303929,31.4116510935128,14364,166257,288497,200559,75681,12.0077290059999,8433,3347,3903,16587
"27085","McLeod","MN",2020,317746,36.170771443285,114254,133594,202959,170152,91930,17.2485432424583,26340,6277,3380,14198
"28133","Sunflower","MS",2020,594950,47.3221216537058,611729,297340,228321,298786,61876,29.901195266284,18777,3080,4631,33625
"39103","Medina","OH",2020,819628,36.7421229463071,893615,254120,208074,388301,34046,10.166889121756,38864,9815,4603,18595
"40057","Harmon","OK",2020,427238,39.5050859684125,540013,79688,27863,75370,74206,8.82545155007392,26578,4047,3915,49355
"42069","Lackawanna","PA",2020,876052,32.3021109495312,323743,372230,96931,284569,51058,19.7256535361521,21493,9027,847,32401
"42041","Cumberland","PA",2020,206827,42.6689611840993,769935,127091,282962,59523,34745,23.9321613579523,5846,3239,867,5765
"51035","Carroll","VA",2020,592666,47.9558970453218,288923,177686,99601,359053,84357,29.5627721829806,25561,2609,2421,22965
"54089","Summers","WV",2020,892339,41.6859580157325,361687,396444,139299,263734,38568,26.6837545332965,45146,8913,636,1651
"17033","Crawford","IL",2020,174150,43.9077284606174,801818,431356,265291,361971,93694,24.8447250819299,26075,556,3354,46102
"18093","Lawrence","IN",2020,383545,40.5972561053932,808916,196014,236139,4298,34380,22.8917023178656,40862,9753,1019,10583
"19113","Linn","IA",2020,888278,35.7622971339151,289254,31639,181580,83045,70486,27.9330455244053,28483,9635,3063,40658
"19087","Henry","IA",2020,676503,41.6198753705248,281448,292123,125762,35091,84012,17.5385515973903,19768,9073,4723,40170
"28025","Clay","MS",2020,710466,47.7678941562772,278426,306400,56990,333213,36366,7.08142789197154,25527,6524,131,39207
"28115","Pontotoc","MS",2020,146782,44.1341485828161,614836,468214,166688,285805,34447,17.2723012871575,21959,8172,2393,37848
"28009","Benton","MS",2020,944433,44.0969315031543,122270,314045,167689,256302,43489,17.5346342218108,29666,4696,1924,3525
"47043","Dickson","TN",2020,812909,30.0918443594128,612362,367148,28498,291659,54403,20.5732845654711,46214,1435,3451,42540
"55009","Brown","WI",2020,890479,30.3978588292375,46401,493838,59296,136442,99516,10.1011667237617,7197,6322,3952,15778
"05083","Logan","AR",2020,69480,37.6138515630737,317326,345162,16723,228314,61231,25.1518217567354,31221,3550,4019,35545
"19197","Wright","IA",2020,233214,33.6289766756818,370716,283255,21635,230307,82056,22.4966228893027,6189,866,3156,7774
"19187","Webster","IA",2020,439874,47.6351735601202,553527,6159,78969,86393,92558,6.41553496359847,32200,189,2619,37058
"19125","Marion","IA",2020,260223,37.0726464921609,519690,476833,232800,18112,57133,27.5995150161907,47318,9716,4393,37979
"19083","Hardin","IA",2020,514049,46.2192492326722,848939,277811,13940,275150,97016,17.9582523193676,13779,365,3963,35518
"19135","Monroe","IA",2020,697884,45.1005527563393,620487,50930,89537,398660,74734,10.3697269235272,10228,6675,4001,15125
"20095","Kingman","KS",2020,783121,49.9426652910188,782775,316687,246752,208043,77235,14.7478655283339,10308,3336,2520,40576
"29073","Gasconade","MO",2020,979231,37.4453712673858,330915,407512,89000,69205,38836,19.184400922386,22906,8237,3982,10906
"13047","Catoosa","GA",2020,292953,44.3029975378886,381365,85479,234718,115674,94016,12.8761655371636,8535,3033,2489,13493
"17137","Morgan","IL",2020,246037,36.5611905045807,559917,34218,62890,174150,87593,10.3279327054042,11003,4537,3172,30618
"47087","Jackson","TN",2020,183864,41.6354686673731,131557,281630,197615,329517,42266,29.3866272619925,1103,4213,2225,52
"48329","Midland","TX",2020,207534,46.2585330847651,608096,428974,260602,31804,62646,11.3364063738845,4995,289,3385,663
"48249","Jim Wells","TX",2020,810197,47.6524161966518,324613,295457,282644,93928,45714,19.2744237557054,16994,2661,1502,14880
"48431","Sterling","TX",2020,834622,46.5805441653356,304373,154730,234578,175145,88961,15.9546625055373,32175,6808,2507,13615
"08061","Kiowa","CO",2020,36264,31.7344484105706,531416,359447,175457,87683,60251,12.8665652545169,44193,5418,148,14028
"13287","Turner","GA",2020,847518,39.1797800594941,751209,338256,214363,345953,72941,5.88060121051967,20124,2736,1951,34869
"20063","Gove","KS",2020,229834,33.2291617849842,128781,122703,209789,8130,53502,10.0730143440887,20938,831,2530,1575
"20065","Graham","KS",2020,321124,30.3335934039205,489406,313853,281209,345303,50139,28.1619613186922,39750,432,2025,27101
"21061","Edmonson","KY",2020,674496,33.8543633837253,502370,353873,189256,268254,79787,22.8454587527085,29085,3994,765,39377
"21081","Grant","KY",2020,419169,49.5948275923729,760829,153876,59426,213788,54060,26.4178602269385,10770,5871,4616,23748
"39053","Gallia","OH",2020,992610,34.2634635325521,174230,429483,292087,177638,35154,25.2221285027917,29370,7402,781,35635
"39155","Trumbull","OH",2020,88186,32.1853952202946,376029,82671,24233,74279,84430,11.4240728097502,7744,7008,4737,38679
"42007","Beaver","PA",2020,73461,35.1141789229587,553428,415383,220761,96106,46229,9.0162549354136,37830,9529,119,41276
"49039","Sanpete","UT",2020,750555,37.071517072618,607521,68498,228164,304631,33368,24.1770547069609,29609,4489,2641,4010
"51690","Martinsville","VA",2020,726716,32.9924486391246,840588,470204,156717,29128,31392,19.4924780644942,10752,6078,4518,31156
"55139","Winnebago","WI",2020,879147,45.4567902674899,79519,372637,220880,64941,67491,28.1158334820066,34725,312,4107,27554
"72009","Aibonito","PR",2020,353584,34.7560647083446,259976,451921,30822,237712,97002,22.4201067362446,37912,780,4264,47871
"27095","Mille Lacs","MN",2020,763480,32.7464224724099,833502,390656,287943,335361,57751,25.1322080392856,9177,6014,4724,48819
"31109","Lancaster","NE",2020,915131,42.9403716977686,628944,192769,80245,93859,36301,11.0247664863709,12886,8233,1310,13055
"38069","Pierce","ND",2020,484556,46.2470366992056,83170,71269,148223,259994,43759,24.2103782610502,37379,5040,2390,43161
"46029","Codington","SD",2020,909535,37.8064252063632,65401,229127,57330,170983,89011,24.3984979472589,45368,9419,3943,3476
"21113","Jessamine","KY",2020,672045,41.9298336049542,449886,187649,148883,6335,89285,27.0829810015857,3616,6621,1656,40868
"46047","Fall River","SD",2020,660608,38.5014319233596,894399,34933,213406,42176,43263,17.0273986947723,25523,7846,1957,17280
"47047","Fayette","TN",2020,311304,48.2641113735735,741881,398910,61878,387834,92260,5.03943180199713,7068,3360,2054,10073
"17067","Hancock","IL",2020,225268,39.6130894776434,277631,259380,137981,371470,38642,23.0722021090332,27117,145,4650,38757
"18111","Newton","IN",2020,65799,31.3324965909123,567790,265093,62741,259527,86232,20.6826110265683,2667,4318,578,8654
"19089","Howard","IA",2020,210645,40.7137618260458,462420,495848,101462,113692,39666,16.9063224177808,23694,2274,1456,16804
"18067","Howard","IN",2020,380477,48.6992370290682,467057,373067,140612,162129,45978,5.82188444212079,32479,8376,2223,44639
"72101","Morovis","PR",2020,583688,43.0601625610143,632319,241953,170268,315476,34987,14.2920578259509,44968,3041,995,26187
"72117","Rincón","PR",2020,605226,30.7096001692116,320392,229540,77659,11245,37432,23.5895704955328,26313,4020,1728,722
"72143","Vega Alta","PR",2020,979554,38.7210352672264,139050,272204,100349,175007,82921,17.5459682545625,26079,5809,37,20977
"01061","Geneva","AL",2020,680491,37.4226045189425,357063,332214,18151,184788,50415,18.0811975046527,35347,7122,3162,17608
"21077","Gallatin","KY",2020,464681,49.4957947172225,739925,269519,176337,77768,65497,14.2520071775652,19429,6760,3449,46833
"48365","Panola","TX",2020,496967,45.8229903131723,444723,478666,267235,184230,45568,5.06583986687474,4534,3100,909,23565
"51700","Newport News","VA",2020,820482,30.9569861507043,392500,464567,235903,250034,57581,9.05658575473353,48983,630,1765,30593
"20039","Decatur","KS",2020,519244,31.6408885456622,653074,131814,269744,107216,35903,23.2781306444667,11675,2013,3454,45444
"21161","Mason","KY",2020,668121,36.095881271176,851649,330244,196468,166005,33741,28.140496754786,48645,2855,1711,41550
"40119","Payne","OK",2020,579443,49.6948460675776,93101,37721,181104,101518,50313,10.7411264162511,37141,7083,231,39505
"02105","Hoonah-Angoon","AK",2020,25889,49.9428525101393,323648,298288,265594,253670,75625,12.7721712063067,25204,4580,3200,23605
"72085","Las Piedras","PR",2020,910510,40.6144760828465,167774,276508,285661,117060,99493,22.1909369353671,10690,5660,1609,12543
"12085","Martin","FL",2020,79538,43.4867084398866,614094,155432,264829,85898,94025,25.5715728050563,48459,7515,3846,4892
"17063","Grundy","IL",2020,563089,47.9514858499169,449845,158536,243224,130740,71440,17.5536805600859,16045,2806,1994,6737
"27011","Big Stone","MN",2020,481381,45.6296554487199,179471,93033,235826,64315,73840,9.3974396889098,42010,2267,225,42260
"28003","Alcorn","MS",2020,339077,47.1214430080727,152578,372259,102860,200838,89470,17.8144995775074,4665,8208,1738,49628
"31065","Furnas","NE",2020,18549,33.3625582559034,186631,431629,163871,170275,95196,26.4328277739696,46591,3497,781,38186
"51115","Mathews","VA",2020,715277,37.5609032157809,38608,250550,195423,67423,36601,28.6580141820014,47405,5103,4614,10615
"01079","Lawrence","AL",2020,543255,42.1988253481686,547910,95306,226193,76039,49507,22.8335386677645,38158,4186,3008,39992
"01027","Clay","AL",2020,42343,30.5758766364306,607484,312930,64685,234720,36711,21.3052373216487,24425,3291,1764,190
"27133","Rock","MN",2020,784082,31.4768539462239,659316,37972,296674,104772,55797,20.1836906676181,41274,5647,1750,5955
"05049","Fulton","AR",2020,398751,39.0968883782625,107441,254551,287880,71599,95556,19.1531516914256,29094,2614,4300,25387
"39001","Adams","OH",2020,10133,36.3801866816357,849028,47861,14583,194704,49383,6.30994757055305,2726,940,4082,16337
"17117","Macoupin","IL",2020,6983,37.1975937206298,286721,314138,85146,166775,38755,15.3940623463131,20774,4955,633,30794
"32007","Elko","NV",2020,140815,37.8812185116112,443657,358518,299720,74523,43952,24.616387138376,10421,8678,4208,22647
"35003","Catron","NM",2020,698840,42.5955078937113,356990,312366,225614,373041,97734,21.6019261698239,34904,8166,3921,40880
"39111","Monroe","OH",2020,885524,34.5673637185246,858389,27427,7545,331770,93758,10.9700255806092,10173,4103,2385,46382
"22011","Beauregard","LA",2020,869400,33.6573921330273,598104,477077,274539,336049,58707,23.6165739083663,33822,8467,257,29473
"51089","Henry","VA",2020,657993,40.6693373993039,271026,465764,78229,135704,68874,20.7137007045094,31372,7918,2783,11141
"29186","Ste. Genevieve","MO",2020,826882,47.7423605928198,215748,169468,119415,325326,70929,6.74309530993924,4329,1535,4917,8811
"32510","Carson City","NV",2020,703821,38.1825969554484,396358,221367,141831,97375,86935,29.9221845646389,42293,9005,2256,23296
"16017","Bonner","ID",2020,812840,48.8828446622938,402448,381397,254354,328462,69665,29.7749995440245,17126,1646,2175,8065
"17157","Randolph","IL",2020,592776,42.8001647954807,724150,23410,226408,205355,75101,8.5090726276394,41073,3562,2627,30782
"47109","McNairy","TN",2020,755243,33.6343869520351,485362,423970,139114,313002,49015,5.16734827077016,6006,1157,2948,43928
"48505","Zapata","TX",2020,644741,31.1911661317572,426057,12503,82645,244154,75539,9.46590277715586,40791,2591,3349,4256
"08009","Baca","CO",2020,2978,45.9593977732584,435151,2078,31647,177224,65946,10.3963285346981,38506,6796,1529,25127
"02020","Anchorage","AK",2020,864846,36.7940204497427,572726,202669,263970,141182,99059,16.7397883033846,4242,8958,4897,2836
"02185","North Slope","AK",2020,661686,31.6831590561196,448769,9815,230888,219329,92177,25.3870686644223,35019,5427,2440,46242
"51077","Grayson","VA",2020,273820,30.6026956439018,221941,122393,210236,194509,93246,8.60756836598739,35893,8110,4394,22219
"53059","Skamania","WA",2020,534669,30.6119776936248,555514,179599,208002,59498,69199,20.2230502979364,45322,4396,3921,30419
"35013","Doña Ana","NM",2020,684426,31.9266198249534,252712,311457,268381,252418,33413,25.8336779673118,25825,4498,3904,13656
"36015","Chemung","NY",2020,547907,34.3348754988983,34593,850,273486,97752,66885,12.5758318707813,3506,6355,4230,24349
"26101","Manistee","MI",2020,239502,31.3476028200239,60324,39907,67359,391633,76846,21.3175476598553,16110,4676,4776,35943
"19131","Mitchell","IA",2020,337527,44.1011408809572,683210,163572,146203,54760,31645,27.8539438568987,28164,7469,3712,22304
"19159","Ringgold","IA",2020,399512,31.2224236270413,383810,455493,18839,223946,94346,18.2160718960222,46849,4714,1491,30632
"26127","Oceana","MI",2020,200094,37.3879781737924,851236,396294,177249,386373,85602,17.9647076944821,29630,1752,339,40049
"02220","Sitka","AK",2020,984446,36.3479871070012,399760,13585,93515,274591,55778,16.8277801491786,43915,5197,28,30129
"01087","Macon","AL",2020,377305,40.0738917849958,292461,104264,201722,155060,89566,7.60474531096406,43483,1682,2721,22471
"27047","Freeborn","MN",2020,252738,42.7061686757952,83627,360884,171715,169659,46258,6.86525782337412,20748,563,3209,42611
"27049","Goodhue","MN",2020,115974,36.1034285696223,22964,209272,116209,231582,47826,20.8561159740202,34628,7433,4388,12705
"53003","Asotin","WA",2020,94760,48.9315674686804,337523,238827,143010,154066,42147,21.1614871991333,31385,4038,3339,33181
"55089","Ozaukee","WI",2020,535058,44.2681712750345,885808,65034,133134,4202,84115,8.38266286998987,26220,3066,3058,44142
"56021","Laramie","WY",2020,438154,47.5547064980492,298935,313869,240543,328786,74289,10.1579011720605,32083,4215,4512,2332
"48147","Fannin","TX",2020,3699,31.6107058012858,783807,69014,218739,203155,49440,25.4980011680163,6505,418,1367,12397
"53009","Clallam","WA",2020,87426,31.4782738732174,841901,58089,73977,92635,46968,24.2784426559228,25080,1760,1812,26212
"54077","Preston","WV",2020,575152,46.7453255830333,892505,448321,1291,371974,71590,27.3182695393916,468,2812,2823,6636
"20107","Linn","KS",2020,303942,32.0043956767768,211174,208966,31410,280282,36123,17.4252901761793,49893,2470,2488,14570
"20117","Marshall","KS",2020,920689,31.9004296092317,658321,251238,69234,160333,33233,26.4813618920743,18895,3496,4636,36417
"40043","Dewey","OK",2020,845730,36.653467793949,546631,31492,109736,229642,63752,10.5488160287496,4005,959,3653,10639
"27155","Traverse","MN",2020,59240,43.0477247340605,122156,27238,58243,37186,63867,25.5909086333122,38333,822,2108,41082
"27081","Lincoln","MN",2020,578616,47.437941194512,287557,424128,11320,175210,86354,8.94072339986451,8902,6649,2144,17732
"28075","Lauderdale","MS",2020,416358,49.8606038885191,611322,410362,31689,383073,97089,8.04868821403943,5264,7833,3689,22945
"28141","Tishomingo","MS",2020,317159,45.597056238912,115297,88157,16967,111210,74401,23.1934560707305,14220,867,4512,21017
"05047","Franklin","AR",2020,303142,35.410812725313,706461,440226,256705,398840,75065,8.8303148583509,348,2458,130,28258
"05135","Sharp","AR",2020,853475,35.2160010254011,480596,733,12383,304817,68664,5.28271786868572,25925,1364,1831,21774
"12043","Glades","FL",2020,712965,48.9152882993221,194599,152641,182797,5119,92572,16.5605571714696,21502,1829,3061,18032
"55071","Manitowoc","WI",2020,500707,36.6575083043426,334800,26161,58955,226318,42526,27.5016135140322,36165,2092,2613,43297
"56001","Albany","WY",2020,158075,46.515106507577,791672,18134,175169,352320,54801,21.9017777021509,2193,6675,526,43695
"05097","Montgomery","AR",2020,288096,47.6753910910338,711192,369466,92662,165095,64246,16.6647934541106,32358,7094,1129,33410
"22023","Cameron","LA",2020,123551,40.2541331620887,590095,67349,289002,41280,73089,5.92749038594775,12044,1465,2266,49353
"31067","Gage","NE",2020,731747,31.4091018261388,306481,285556,229910,48846,81104,10.1743335439824,8321,2651,533,43036
"31145","Red Willow","NE",2020,308205,38.3529099682346,692788,107366,243316,205161,47789,11.745054142084,6318,69,2983,49623
"28147","Walthall","MS",2020,27179,42.6080445526168,554912,18861,252935,3142,81789,24.6206186024938,22595,3216,2109,8354
"29129","Mercer","MO",2020,972945,34.7576604271308,48400,176099,264576,194521,78291,29.7999734885525,21318,9670,1772,49186
"30011","Carter","MT",2020,474709,36.3180175609887,293871,87275,227213,78681,52933,10.2228104963433,35779,4491,1008,43900
"31129","Nuckolls","NE",2020,457972,46.0277984105051,740178,394957,59319,53402,33584,14.9067832983565,43208,2607,1988,23227
"37049","Craven","NC",2020,516173,36.1708550993353,267275,184529,233219,388840,40693,10.9160350763705,38679,8855,1033,13466
"37175","Transylvania","NC",2020,15313,34.5336079830304,571887,489617,50841,140303,49360,13.502553938888,48627,32,4736,45736
"13063","Clayton","GA",2020,149850,42.1565044857562,651341,369566,128416,358322,77297,9.19248855323531,23933,7007,2980,44454
"13275","Thomas","GA",2020,192226,38.9155205711722,760496,238130,279698,61120,97567,5.03514758427627,9485,7483,4157,41017
"08039","Elbert","CO",2020,502965,40.7196192489937,306639,23643,118531,398940,79616,16.8642769462895,42373,4715,2649,1937
"13069","Coffee","GA",2020,739605,36.8764271354303,874413,159266,94941,344766,74615,25.015092974063,21850,9400,2770,12917
"33019","Sullivan","NH",2020,806644,46.4489133981988,272077,320357,103765,270395,35148,7.68631943035871,8716,5847,1303,45646
"35059","Union","NM",2020,491650,40.169951505959,836839,358811,116617,351762,74663,25.5158113851212,29773,9237,2996,4439
"38081","Sargent","ND",2020,73617,44.2536833928898,610654,282171,59432,162175,77328,8.5864575067535,32538,3699,2321,18436
"18053","Grant","IN",2020,956681,48.9929036423564,652735,353922,256646,352635,54648,25.9992598625831,19437,1772,1927,9086
"31021","Burt","NE",2020,489298,41.0324521595612,223049,254823,75761,3222,78854,6.03048735181801,7780,1544,2828,6752
"36117","Wayne","NY",2020,635754,30.6335128564388,217786,439643,9727,7377,49221,9.96986452490091,14972,947,3976,30757
"13187","Lumpkin","GA",2020,482743,33.7562764110044,720787,346900,65208,138340,32363,12.5303214893211,43817,3690,3225,36035
"13081","Crisp","GA",2020,612991,35.5108500411734,554584,321569,81847,3999,60946,22.6172635518014,20063,8645,3074,1300
"13197","Marion","GA",2020,67998,49.543499192223,704332,73583,266034,193541,51783,6.71309093711898,29507,4816,1098,2797
"18099","Marshall","IN",2020,305321,48.1869487976655,824438,75160,201008,53241,78407,7.08206679672003,1802,1248,3232,44887
"19037","Chickasaw","IA",2020,788895,48.8514592172578,710535,227667,138741,253744,50700,21.7008822842035,18627,1762,480,13569
"19095","Iowa","IA",2020,572564,41.5875880001113,433624,90122,54908,278764,72996,27.359915706329,6248,9026,1567,44054
"19073","Greene","IA",2020,997908,49.7321526426822,201145,476006,12194,46841,60649,10.6966086907778,24514,8194,3645,29140
"18085","Kosciusko","IN",2020,106140,48.9649645611644,239406,155866,103158,287279,55829,8.92115525319241,27623,8993,2722,18634
"18131","Pulaski","IN",2020,85294,39.3164389580488,428070,303074,27640,174677,36682,14.937567205634,3280,3895,3086,37680
"19121","Madison","IA",2020,158534,37.9312799079344,772751,179966,137029,296961,81426,16.1468270653859,18836,5821,4891,27927
"20163","Rooks","KS",2020,816241,43.0399547470734,442945,462353,241052,72451,34551,5.94334417372011,12664,6520,2575,40340
"20127","Morris","KS",2020,45866,35.073520084843,261706,328267,134329,339451,84799,18.4058433992323,9976,2615,118,6655
"36011","Cayuga","NY",2020,531847,49.293548874557,762701,27945,217141,213542,37505,14.6168089134153,19952,8674,4880,16114
"13223","Paulding","GA",2020,201080,30.7544384570792,707539,77136,57005,80259,82489,13.5414466273505,14366,745,4929,49037
"13225","Peach","GA",2020,184620,43.4643141133711,335339,255715,155557,345101,89942,15.5062784918118,33490,2778,4292,36217
"48163","Frio","TX",2020,674053,36.9450080534443,840187,152411,3033,137505,38539,21.83941486408,27521,2439,1133,25199
"20041","Dickinson","KS",2020,6930,36.053270874545,188759,291377,208116,295546,73964,8.84083216194995,43118,1406,3848,6010
"20187","Stanton","KS",2020,263567,42.1726084779948,681571,43947,150807,48786,55423,10.1134024048224,32648,6745,791,20928
"21169","Metcalfe","KY",2020,743903,33.8509810250252,18746,303984,284745,176197,91821,12.3688054399099,17774,371,488,46076
"28091","Marion","MS",2020,253776,43.4964197548106,59012,17340,151006,332496,91952,6.98608156642877,26490,129,2242,40061
"28119","Quitman","MS",2020,676178,34.8870385251939,8245,222766,71580,34651,92702,21.7155220929999,32851,9179,1560,23657
"20083","Hodgeman","KS",2020,280137,33.7025275314227,100300,196899,126189,399615,90064,28.1707970087882,35258,1783,2280,12167
"21141","Logan","KY",2020,13357,42.6477494556457,36781,397204,59502,107242,73194,27.1528680238407,25223,5251,632,46639
"45037","Edgefield","SC",2020,404376,38.426518458873,737522,333701,84772,85593,93251,24.2666502669454,44817,3427,2265,33522
"37171","Surry","NC",2020,859985,33.4403623687103,494609,376682,75096,362321,73244,25.2436259598471,36702,6707,2181,6613
"13155","Irwin","GA",2020,251288,43.8243374414742,327509,320660,268984,336153,65319,18.055848935619,5726,8711,3687,675
"48307","McCulloch","TX",2020,570732,48.2899790722877,596290,275597,222630,172727,53753,21.8303750979248,19347,7190,2707,19348
"48045","Briscoe","TX",2020,102341,48.3512170705944,613855,278467,112029,41149,37347,7.17694345046766,41339,2180,1482,47217
"48003","Andrews","TX",2020,534975,43.9812652906403,150893,489210,119308,228733,99873,6.92213328555226,35454,3,3578,47409
"48463","Uvalde","TX",2020,659046,38.7591836042702,503835,84439,274313,225079,32737,21.6796758014243,21573,5804,1857,20595
"26119","Montmorency","MI",2020,74318,45.1092589506879,315863,83639,269235,255831,46407,19.4843720714562,15173,6236,1433,40355
"29017","Bollinger","MO",2020,699391,49.2648692894727,770019,189890,162756,218809,85507,10.4953769023996,8069,9853,1613,40893
"29071","Franklin","MO",2020,768355,40.0784043036401,433380,256155,292152,144032,62934,20.9399943542667,49068,8563,2117,31349
"30103","Treasure","MT",2020,879852,33.0576752917841,255814,184059,245170,183827,98453,20.3713308391161,5721,7815,1549,7061
"46105","Perkins","SD",2020,253003,45.0115038407966,858297,447248,19587,188552,61984,15.7294982532039,7727,8901,3512,39637
"48117","Deaf Smith","TX",2020,533670,32.4713771836832,655501,121439,35574,62474,92025,10.5626816465519,331,9765,663,25207
"50019","Orleans","VT",2020,841474,41.9039568863809,614923,171915,134584,109047,55058,28.6140633816831,15025,1994,1262,14687
"13109","Evans","GA",2020,661642,34.9307904904708,43789,27396,270154,355960,99643,29.7779011377133,28495,291,1460,26884
"13201","Miller","GA",2020,774434,32.4711722368374,777824,270383,288599,97448,52585,28.5204015218187,22376,8519,1994,13678
"15005","Kalawao","HI",2020,469156,36.3323741871864,703323,221864,216014,180066,37675,22.9549209948163,48481,4514,866,42415
"22007","Assumption","LA",2020,181311,41.0543544637039,371781,388462,99127,100913,54212,10.4449068848044,13371,1236,2194,15150
"23019","Penobscot","ME",2020,938004,33.6116109089926,691518,448073,296240,341092,62403,15.7246037165169,44224,9096,2415,39802
"27065","Kanabec","MN",2020,68566,49.6999174077064,209153,349222,203777,324032,57905,16.4594588521868,4668,5600,2752,31667
"31185","York","NE",2020,385310,37.9948378074914,873581,294472,210293,246612,69612,8.27228575479239,42788,7081,2623,40555
"35049","Santa Fe","NM",2020,584200,45.9816541848704,555608,235651,22331,37659,45991,28.2584112323821,16299,4581,611,4518
"37025","Cabarrus","NC",2020,859809,35.9969777241349,19085,389636,249496,25193,71646,13.9946552354377,28196,2330,3054,39791
"72149","Villalba","PR",2020,423931,46.9845825666562,101658,496315,47868,242016,78461,14.126854193164,40242,6574,2343,35162
"72049","Culebra","PR",2020,48812,38.3895380375907,24616,325555,206861,123212,83707,28.751492908923,2155,6671,532,32509
"12005","Bay","FL",2020,917907,35.1883781608194,849162,167305,272355,55225,66682,6.19536585989408,17053,1792,932,39893
"12111","St. Lucie","FL",2020,121150,33.6498056026176,878362,290035,126966,321616,55757,28.8741174573079,38530,9258,856,29429
"29051","Cole","MO",2020,456711,43.5292402561754,90771,21585,26232,293064,51686,21.2292283319402,38107,6973,2929,38438
"29137","Monroe","MO",2020,181508,38.3109896909446,606562,141463,248359,169979,92768,8.89432205702178,33517,4415,1725,3487
"30017","Custer","MT",2020,736645,33.8182278955355,737032,287027,70542,236381,46881,16.8105865374673,42250,4222,4049,30154
"47039","Decatur","TN",2020,94031,37.7648079534993,175339,445788,67303,189925,47206,5.41987404692918,45,8771,937,29181
"72087","Loíza","PR",2020,976449,47.2075174748898,387957,43914,179197,317799,56868,20.9020784136374,24703,3900,4503,7660
"17099","LaSalle","IL",2020,452318,34.1929181711748,754951,366430,289233,274374,82454,13.2197074894793,14862,8597,4809,21207
"13087","Decatur","GA",2020,910459,48.2110448880121,208244,97284,298887,357389,34552,18.4616850235034,5192,3224,4773,12346
"13045","Carroll","GA",2020,880058,30.111615722999,324176,295769,232300,392764,61059,12.3708898562472,699,7883,4588,2487
"46069","Hyde","SD",2020,489716,33.1758776400238,451662,133214,123259,12800,59720,9.87894545658492,16583,85,3588,23878
"48439","Tarrant","TX",2020,584570,44.3101235339418,658858,433603,19915,281545,92225,11.1779987881891,147,7099,4063,28057
"30095","Stillwater","MT",2020,432562,48.7581213004887,852555,109580,272485,355429,50919,10.4532105161343,8097,2919,957,13893
"31137","Phelps","NE",2020,680258,42.6289803674445,653585,191951,284100,303294,84463,13.2107479334809,1576,6606,698,36106
"48113","Dallas","TX",2020,603543,31.4498647395521,823928,490450,143708,261896,52151,28.4947277582251,27246,9469,3824,18000
"48497","Wise","TX",2020,455714,35.1285159634426,608553,189244,105780,117699,54975,6.72454649582505,15578,2819,4980,21598
"17115","Macon","IL",2020,327567,35.1775527512655,814972,363137,51277,216213,76847,22.7022492396645,22338,8910,2298,34362
"17181","Union","IL",2020,892769,32.6375350682065,459057,36334,152214,160250,75309,16.2120481207967,2590,2921,2677,48643
"17021","Christian","IL",2020,809688,33.0340957827866,476056,24286,275102,89223,86541,15.9868917439599,11699,8867,2692,2354
"48085","Collin","TX",2020,948772,33.6029828153551,662870,434275,134415,179028,30191,26.3638286746573,9314,8663,4431,18883
"48375","Potter","TX",2020,409464,40.3100719908252,831543,294162,61324,128722,99764,22.5419280712958,18982,623,1066,10066
"48303","Lubbock","TX",2020,280500,41.8463779473677,297582,336531,167999,84961,92262,15.8631659008097,39114,4969,505,24690
"48093","Comanche","TX",2020,446728,46.2633833428845,436798,183529,292931,212110,89123,28.3804165618494,41447,724,595,34342
"31141","Platte","NE",2020,758201,47.6189115596935,495654,185911,61555,210600,67356,17.417547754012,15614,2168,4564,16467
"31063","Frontier","NE",2020,334507,42.8160405764356,634111,32859,193212,382799,62359,26.5616638131905,43885,7950,1729,5355
"31093","Howard","NE",2020,901208,49.277666551061,44677,311033,107707,186366,61023,13.2888022938278,19919,4601,2243,28523
"31081","Hamilton","NE",2020,565200,38.7880010064691,354302,435010,121191,175742,93790,8.69641415309161,16622,2218,4693,3848
"48251","Johnson","TX",2020,168056,45.8893654961139,507981,364679,145382,179767,99963,5.66332281567156,39060,597,1802,30503
"48451","Tom Green","TX",2020,81090,35.7342653907835,198274,439817,131571,275722,64468,11.7337686952669,30623,950,2113,5128
"48309","McLennan","TX",2020,368074,30.7577941566706,663929,294380,35355,145754,39938,13.6956179060508,5289,295,3424,4416
"48059","Callahan","TX",2020,508260,35.9691184293479,801266,30980,198257,364953,42691,8.46889846841805,11444,6054,1220,30956
"48179","Gray","TX",2020,85713,48.875661236234,193963,101567,47040,253158,88086,15.9369927144144,35443,7118,3036,47402
"17191","Wayne","IL",2020,66586,35.4800342675298,295734,314192,216314,189843,38764,26.5349503268953,6682,4619,3254,12553
"05033","Crawford","AR",2020,48692,30.5931024299935,238194,344469,46980,69591,72939,15.9217610675842,26493,6389,548,38333
"48253","Jones","TX",2020,730008,32.2668004548177,340187,92677,183010,271698,54698,18.1874403101392,10983,952,2823,8125
"55041","Forest","WI",2020,171726,31.8315769825131,857225,127266,89462,309399,71836,12.610363693675,228,2109,4019,31146
"55099","Price","WI",2020,773228,33.8638920430094,830309,414619,207903,64195,39543,15.7267904677428,4927,7314,3279,14236
"01093","Marion","AL",2020,581771,39.5278866169974,63231,278833,160997,134611,58242,15.2025706903078,36394,4238,3941,6286
"32019","Lyon","NV",2020,722248,40.1452927011997,223347,314414,100963,132177,45334,15.0118867121637,46359,2882,427,1072
"35061","Valencia","NM",2020,192373,48.0243558436632,480019,246060,78746,382203,40432,18.4928818268236,14778,7236,4692,2170
"48493","Wilson","TX",2020,96092,34.5994944497943,77706,125817,231982,328228,98053,5.15409276820719,33559,4594,333,5266
"48281","Lampasas","TX",2020,324370,31.1392064066604,565669,156833,51329,270522,70319,7.0092680642847,23188,5273,2192,35177
"48177","Gonzales","TX",2020,161419,42.7757946541533,716729,409481,286671,115809,62936,14.630631498294,48016,317,3591,21218
"48305","Lynn","TX",2020,266664,31.6792459459975,298970,454884,181582,19927,75866,29.2087946448009,22213,9895,2303,1526
"05077","Lee","AR",2020,716581,33.9170308224857,20751,443471,79135,172803,63204,5.93443401856348,24414,2047,1627,45825
"06071","San Bernardino","CA",2020,250243,39.3974246969447,545605,31652,78063,296953,37864,17.1362566482276,24188,1636,3165,22017
"06003","Alpine","CA",2020,879772,45.561466049403,696008,415876,57182,319737,44012,22.8846250812057,28511,3990,3368,9495
"06049","Modoc","CA",2020,61971,42.1028311084956,109983,64148,189297,351213,94917,9.38217722112313,1443,6597,1696,48557
"09150","Northeastern Connecticut","CT",2020,220273,47.6479306723922,803706,99688,229357,243205,80143,11.9421874068212,37074,6883,3890,17920
"08063","Kit Carson","CO",2020,857327,39.9087199103087,536171,460925,83962,25023,83124,10.1401002099738,36369,2122,3211,9962
"26011","Arenac","MI",2020,342828,42.7948068501428,635640,252016,32555,31668,38898,15.6427141581662,38666,1236,4909,12763
"36095","Schoharie","NY",2020,35728,35.1017346698791,410921,55989,238903,148918,98614,25.9689720708411,32242,1859,3974,44523
"36099","Seneca","NY",2020,290305,40.8429612591863,388625,366356,294134,76452,99039,20.4184586484917,19818,4505,1763,12444
"48151","Fisher","TX",2020,59127,34.3563411431387,595028,282331,47809,241687,58068,11.8008479487617,29780,6487,1495,10229
"48327","Menard","TX",2020,411931,42.4790159566328,14440,155859,82405,15252,60148,28.1318684120197,24417,7809,1277,23040
"48389","Reeves","TX",2020,503478,46.2237918796018,776737,135841,236972,181437,30168,28.2593390159309,4198,2772,2992,14321
"48433","Stonewall","TX",2020,72909,39.0523910196498,411338,62388,238139,71791,80850,24.278480502544,46003,6749,117,32545
"49021","Iron","UT",2020,185389,40.4390921676531,419925,178489,256242,121352,80822,8.21585001656786,7928,5418,3999,48978
"49027","Millard","UT",2020,29472,33.3391334768385,790931,178347,249462,180921,53390,5.98418231355026,1341,6801,843,30973
"39085","Lake","OH",2020,110365,42.1331725269556,484013,149087,117425,164365,65136,13.095670962939,43144,6561,3806,12090
"41029","Jackson","OR",2020,738301,47.3786615114659,372093,358188,183133,178857,87136,11.868220603792,36969,5378,1289,38067
"12015","Charlotte","FL",2020,684167,37.928459616378,395585,291069,103105,69580,55617,16.7970979248639,26553,7261,3480,32056
"12063","Jackson","FL",2020,3817,30.4487522318959,885852,101851,161592,138687,66851,8.53971142903902,5038,5597,3160,48143
"36037","Genesee","NY",2020,977272,48.732894519344,426885,482504,294792,229126,53347,17.7210462058429,48748,1990,881,22380
"37001","Alamance","NC",2020,493798,31.1543209012598,226149,414119,284322,122164,58187,25.4704342409968,1730,7268,2169,779
"37063","Durham","NC",2020,657814,44.0876138070598,257125,126288,77807,20889,84311,17.4803137849085,42105,184,3471,17154
"49031","Piute","UT",2020,261748,38.8231006124988,216714,176302,131522,182615,97237,9.90608793334104,34848,1534,1039,9012
"51109","Louisa","VA",2020,914878,38.7934835581109,581838,478384,60611,25394,89435,15.0335991068278,38745,8448,1335,1472
"51091","Highland","VA",2020,147838,30.0397637765855,120893,211037,167720,204794,93042,6.55477577354759,31187,9791,3213,48622
"51530","Buena Vista","VA",2020,814766,37.5648744171485,84170,37780,1162,102070,56968,21.9967013527639,24572,3336,4905,49391
"54041","Lewis","WV",2020,617582,42.8209739271551,416160,386111,163400,53535,95391,26.7748193244915,43829,7101,1211,27010
"55137","Waushara","WI",2020,16806,45.6797227170318,699564,48659,274995,209235,92317,8.1701511470601,44127,2539,119,34370
"42057","Fulton","PA",2020,557502,38.5604185238481,648113,46111,172809,334212,60393,14.6261771279387,21601,2308,329,46503
"42039","Crawford","PA",2020,233690,44.3945919908583,430012,56069,10939,33366,92996,6.41124990186654,39892,2074,744,11352
"29161","Phelps","MO",2020,539576,47.9124715831131,860315,380430,259937,253008,82959,13.7959158059675,32657,708,1026,33156
"17113","McLean","IL",2020,834632,43.3878851635382,503144,8856,84786,129694,98392,9.11489068646915,41116,6661,323,30153
"17051","Fayette","IL",2020,623558,41.6708696214482,656077,497481,71052,200002,78412,9.71436703810468,33464,106,974,19729
"26049","Genesee","MI",2020,957006,30.409576119855,790509,32561,287434,140599,66189,10.6470014096703,22565,2181,2116,36249
"37191","Wayne","NC",2020,205764,44.9131714180112,183885,344431,95523,348316,51589,24.6146265487187,34681,1219,2986,47576
"37097","Iredell","NC",2020,394605,47.3687442624941,289493,314693,84668,73119,65881,6.44570745178498,15301,8682,3972,40224
"55021","Columbia","WI",2020,181115,44.6266951784492,332222,39042,13410,273046,83280,7.78563516330905,10288,3140,265,16363
"55097","Portage","WI",2020,654967,35.1533952634782,85427,108053,72866,116546,43735,26.3649698416702,21463,3381,1020,25067
"56031","Platte","WY",2020,524433,44.4342585839331,625911,80556,209629,259169,81449,19.7763613087591,30454,629,1405,2344
"56027","Niobrara","WY",2020,767977,38.2775297295302,423247,202642,267910,84006,96212,19.2231376550626,32655,934,2989,38801
"29131","Miller","MO",2020,690756,30.3340799594298,204509,492396,211662,163079,74727,12.2301071893889,47391,2689,2894,32578
"29229","Wright","MO",2020,991221,48.51281223353,571495,8371,257395,311823,65293,20.3316980344243,35239,5055,1213,29673
"29177","Ray","MO",2020,948591,37.9703273810446,247006,362803,143963,128241,67035,26.4866758673452,7324,337,525,19845
"21015","Boone","KY",2020,109348,33.2183430157602,514201,152435,112161,179046,93069,17.070837628562,45573,4598,1046,38051
"36039","Greene","NY",2020,274425,30.4976452561095,562022,135147,177603,382947,38319,23.6531438142993,14297,8271,4264,39988
"37109","Lincoln","NC",2020,747001,30.5017205094919,274873,119977,60432,307385,61859,9.45759086869657,29688,528,1050,14623
"37067","Forsyth","NC",2020,358088,39.2664109170437,539888,254019,282751,166421,99584,17.4693161982577,22483,8700,732,2887
"38027","Eddy","ND",2020,321263,30.7361177168787,44208,275002,81081,64209,52098,24.3662957288325,48063,6791,4183,15399
"72119","Río Grande","PR",2020,990347,33.1689839577302,853960,63612,264598,124269,97592,14.1920527396724,26463,632,1027,6704
"72033","Cataño","PR",2020,296827,46.938960426487,832064,292373,36878,181775,51475,16.2372791511007,21144,309,3066,1769
"29001","Adair","MO",2020,486840,45.8936290303245,749238,54246,249528,181551,84176,28.4995710721705,45194,6385,3297,12785
"30107","Wheatland","MT",2020,492594,47.874529431574,820839,407,110673,364472,69525,8.08933912310749,7296,7562,2221,6984
"31111","Lincoln","NE",2020,16852,42.551501467824,552372,57461,180742,104995,58364,19.986815530574,30373,3258,2732,8406
"51021","Bland","VA",2020,690055,40.9177867230028,7549,409821,117688,252466,95525,14.0188229223713,48226,922,4771,46844
"51600","Fairfax","VA",2020,176781,33.9143084501848,353302,448129,203518,205354,38849,24.0031465725042,48660,7209,2306,40739
"51580","Covington","VA",2020,182330,48.8368419511244,782537,362853,140847,70925,91044,15.3573319211137,10898,3597,4627,7868
"38041","Hettinger","ND",2020,254561,32.0386473461986,762161,410037,40670,310418,60202,27.6442890940234,14005,8632,3451,46776
"38057","Mercer","ND",2020,896811,45.2336998144165,774179,279338,227072,244086,88983,7.48161303461529,4570,6520,2756,22246
"72053","Fajardo","PR",2020,191294,34.2873723804951,861827,77087,56448,204695,66384,5.60939362738281,13507,9676,3680,35983
"72054","Florida","PR",2020,970797,48.3392888028175,295562,161894,162006,201371,42776,10.1198002649471,14813,2787,2022,11008
"31179","Wayne","NE",2020,919543,40.4126122687012,651302,306294,137462,47848,39485,15.4394003865309,35140,5614,4081,7367
"31119","Madison","NE",2020,662348,46.1589747620746,690484,151142,146432,223821,84113,18.4844078915194,33448,480,4679,7233
"31139","Pierce","NE",2020,455393,45.9408634901047,860996,332260,19493,220044,78082,17.3226614377927,1933,5472,4652,5989
"31009","Blaine","NE",2020,97056,48.8701422279701,233816,393610,254691,10113,86694,20.6295563327149,38599,6650,4961,24818
"54105","Wirt","WV",2020,735759,33.1687216972932,112423,337851,113997,56936,98411,27.5059847696684,28085,5038,562,10020
"55047","Green Lake","WI",2020,857240,43.8555845012888,480016,172578,139079,373013,71752,22.998605518369,18298,3327,1878,24985
"39049","Franklin","OH",2020,347920,42.8971241880208,333300,216663,272254,17688,89731,9.92403310490772,31169,5649,3880,12178
"39063","Hancock","OH",2020,894101,33.954491885379,565839,209875,69846,295625,62710,21.82637919439,24129,7215,419,6589
"39077","Huron","OH",2020,370045,44.9989358196035,861572,163677,189874,311901,73554,6.63214367930777,25358,951,1942,1059
"72107","Orocovis","PR",2020,422495,33.2786098867655,139831,230856,114688,395372,47808,12.034036051482,4268,1453,1939,44820
"31149","Rock","NE",2020,354387,39.1215280070901,437939,371929,95611,294559,98365,5.25877530570142,22104,8373,1769,3474
"37081","Guilford","NC",2020,405093,40.9634552476928,543167,155166,122830,376526,58308,27.9725954355672,46416,7028,1889,6508
"37195","Wilson","NC",2020,465114,49.5847357297316,159161,204771,192659,383143,75392,7.3862608417403,4366,763,415,23318
"21143","Lyon","KY",2020,769433,36.0708279628307,233168,474699,276382,270697,95491,23.1202617648523,45718,5299,1986,18052
"21057","Cumberland","KY",2020,215866,37.1719863591716,725621,494905,75931,85124,72441,27.49760129489,18665,8749,3471,5336
"39033","Crawford","OH",2020,719345,44.1300629870966,743023,69730,196758,158767,39200,21.5360728278756,45274,4394,4394,27807
"39165","Warren","OH",2020,253091,36.3891092455015,94524,251166,193109,205434,77045,20.3455353458412,15741,5771,365,9730
"39129","Pickaway","OH",2020,977988,46.0690507013351,108752,130664,139449,50287,43857,28.7766014586668,38541,1921,2426,26567
"72013","Arecibo","PR",2020,648842,46.2997385021299,754971,89342,209510,25261,32403,20.5608093482442,21111,2166,3346,31691
"72125","San Germán","PR",2020,661591,49.8745471145958,101552,239817,266737,142564,77938,21.0530215303879,49967,8984,2937,18420
"38063","Nelson","ND",2020,392986,33.8632661895826,698455,29765,184713,73236,95661,13.3413511514664,735,8290,1982,36494
"38045","LaMoure","ND",2020,286504,49.3078217795119,96403,218049,189856,70809,51236,24.7402762598358,25602,5054,2988,11743
"38039","Griggs","ND",2020,418506,33.9497988438234,863155,97647,257645,8147,97959,10.6419064349029,46136,4239,1901,10338
"38065","Oliver","ND",2020,778397,45.8709044614807,482352,4042,40199,319658,71173,21.8971222301479,24850,2711,846,19063
"21039","Carlisle","KY",2020,987196,46.3123285770416,359426,391939,127172,293735,82113,6.5976432187017,34226,5121,4344,27592
"22095","St. John the Baptist","LA",2020,369782,32.8474207734689,673635,388411,280022,96259,94941,19.8328309645876,5788,758,652,16065
"40103","Noble","OK",2020,675148,36.5154935000464,751642,252513,6976,263351,97576,12.7216798032168,34739,673,3105,15542
"40005","Atoka","OK",2020,546174,43.5065693361685,566274,334151,55826,272243,83508,5.69564976147376,6002,5049,3116,30391
"72043","Coamo","PR",2020,277379,41.4941989304498,598988,245187,200802,45265,73871,10.4850279644597,36331,7008,513,42136
"72129","San Lorenzo","PR",2020,63441,40.3764984803274,124774,345339,13398,86090,59077,16.0430403437931,41461,2575,2254,37530
"39097","Madison","OH",2020,725264,33.7359239254147,177165,229108,21004,87410,60490,9.00462313555181,25983,2004,777,32257
"39169","Wayne","OH",2020,853633,36.7078829417005,622585,28477,70971,30992,51289,5.3094072744716,46650,5952,396,28635
"40107","Okfuskee","OK",2020,431138,41.6984339244664,92429,200416,131888,159827,84545,19.5895086810924,38453,5076,3395,14456
"27007","Beltrami","MN",2020,991406,45.6643255613744,834084,382887,197283,145351,53685,20.156647854019,3455,1845,2355,37530
"27001","Aitkin","MN",2020,454519,43.6727409996092,131303,415097,248716,227206,44730,29.4947232829873,11841,3596,372,35236
"27033","Cottonwood","MN",2020,383107,46.2192019447684,558620,421375,175456,323938,83476,9.77406770805828,41018,6192,3109,39818
"27051","Grant","MN",2020,704816,34.9800267163664,66828,80481,22574,387354,49150,15.1592272927519,26268,1736,448,2734
"42079","Luzerne","PA",2020,183786,45.0763417221606,783616,269213,114389,103453,35476,9.7411187319085,25973,8763,3220,28107
"42081","Lycoming","PA",2020,570652,38.9511297270656,77057,22031,254306,396072,66750,21.0816117422655,18538,5266,409,25215
"72019","Barranquitas","PR",2020,762560,30.7437407411635,514610,167925,293316,150052,57196,21.5383975894656,22557,8630,469,31661
"72027","Camuy","PR",2020,407741,45.13650176581,288506,288375,208350,66490,67360,21.4549000619445,16876,571,2861,22840
"40039","Custer","OK",2020,622269,48.5684590274468,338771,338033,118435,367482,35594,29.7603990370408,12528,6480,1093,14645
"40029","Coal","OK",2020,439250,49.9251717375591,632850,327738,214602,358448,89358,26.2339813704602,8844,3459,1365,17974
"41053","Polk","OR",2020,86619,36.402006354183,108680,116662,292389,17452,31287,20.1745528622996,27248,683,4825,28867
"27165","Watonwan","MN",2020,128284,37.7090135449544,497815,337452,30672,163304,38790,16.2153950554784,44089,1710,2728,8286
"28085","Lincoln","MS",2020,370851,41.0339523339644,286268,224474,203195,239004,66907,7.80193765647709,21611,4797,1188,15818
"28019","Choctaw","MS",2020,637438,30.8595593599603,34932,369862,283263,353391,86125,15.8609934337437,47376,9517,799,20831
"28069","Kemper","MS",2020,798490,39.663986642845,600894,445664,58257,166992,98235,14.8606713232584,49630,9555,3644,12766
"42075","Lebanon","PA",2020,696399,31.0884097917005,841794,62121,280510,304840,47022,25.9883642499335,31990,1181,2379,31272
"42019","Butler","PA",2020,255994,49.8108419869095,681552,249643,266944,161525,46097,23.4058291779365,2291,5957,883,22629
"45011","Barnwell","SC",2020,952237,35.1813036482781,191074,193494,13213,280567,45881,16.3626675854903,20614,1554,2302,32735
"72069","Humacao","PR",2020,525160,47.9096244229004,201718,37211,43860,371668,79735,8.0988383688964,14408,2655,2653,25857
"72089","Luquillo","PR",2020,829183,43.9346066210419,639553,59595,192697,189856,98526,10.1486584183294,15874,9474,2915,10496
"42021","Cambria","PA",2020,257311,36.1744556156918,229643,235297,146229,57996,75526,11.5032845013775,48660,3049,1552,42951
"46017","Buffalo","SD",2020,638898,45.4176522325724,506926,295574,125097,54181,88983,28.2470211340114,14188,1604,1555,17663
"46079","Lake","SD",2020,743146,33.5452070413157,432420,287905,291356,321171,42621,20.489046665607,14824,3398,2251,44597
"46049","Faulk","SD",2020,544090,48.4286605101079,437495,115304,191433,11183,33471,20.7884523796383,27135,3471,2590,3165
"28077","Lawrence","MS",2020,681185,37.9058316396549,869302,227710,32362,250929,96638,9.14965279051103,37483,2726,2412,30311
"29123","Madison","MO",2020,756625,44.0321617666632,593406,203478,224138,305470,53245,24.7335114236921,4194,1766,4382,24364
"29187","St. Francois","MO",2020,748176,40.1938423281536,639445,77454,180020,7869,35866,6.67759419418871,24325,634,3656,17119
"29049","Clinton","MO",2020,763161,30.6631206348538,143502,333105,212105,218153,62225,18.7250287400093,1637,9102,3153,29941
"45039","Fairfield","SC",2020,887967,46.696281787008,827040,409793,172673,42397,56125,12.6255651016254,12795,8406,4696,4897
"46037","Day","SD",2020,611466,46.381438258104,478788,29274,39481,301478,35396,9.75498368032277,17017,4743,509,32248
"46115","Spink","SD",2020,403258,35.8087219623849,850201,7477,290906,148302,57500,26.8831976060756,19987,3138,380,23816
"72035","Cayey","PR",2020,75906,31.7091007437557,505556,495128,155033,296553,37292,5.50971633754671,28358,9093,3142,19847
"72123","Salinas","PR",2020,201922,30.1769503578544,759352,461815,152452,248158,59453,24.4142360065598,20743,4274,616,48241
"72115","Quebradillas","PR",2020,7557,39.4079130003229,445801,159422,256149,313047,44493,5.89908714871854,15248,6112,4172,42105
"13307","Webster","GA",2020,591622,44.8652701452374,606761,402976,110566,355358,61277,12.6366569614038,39652,8993,626,46399
"30109","Wibaux","MT",2020,567181,44.7665925417095,775081,129415,230399,204621,69803,23.8964184897486,22730,3968,3963,37630
"29079","Grundy","MO",2020,572222,37.583859632723,583953,483474,195249,334387,30027,8.38316055131145,30932,1989,2219,28851
"29121","Macon","MO",2020,921527,49.4938036473468,272688,448821,16556,76542,52012,25.6240259169135,31363,4880,2672,15137
"29061","Daviess","MO",2020,827134,49.7369306720793,68408,196039,1193,210296,47653,24.5516580191907,42717,5573,3437,36584
"46021","Campbell","SD",2020,628885,39.0844846889377,77069,64179,26146,350712,31417,26.3557335606311,41866,3817,266,29381
"47141","Putnam","TN",2020,292024,38.1392540642992,696456,296922,140420,306692,56700,21.6395097330678,16109,9272,3056,680
"47077","Henderson","TN",2020,55288,47.2769685368985,143407,329755,26017,155981,59977,28.5054650227539,28883,3745,3456,20774
"72103","Naguabo","PR",2020,923897,47.6420029113069,870772,244403,58406,103905,30825,13.1056964059826,29668,5602,3021,38100
"72091","Manatí","PR",2020,201809,34.8423946835101,686460,180335,276996,13439,49991,10.8386096265167,20851,3777,1612,415
"18091","LaPorte","IN",2020,182443,34.3424967397004,259142,280225,117410,88497,54895,8.46045687329024,29920,790,2443,6471
"26015","Barry","MI",2020,999457,32.2563384566456,742751,383523,49176,272675,65074,8.12609413522296,22194,3679,2895,39683
"20023","Cheyenne","KS",2020,799653,46.2646940583363,165474,29878,294885,366768,55513,23.795226153452,22441,6671,2675,24533
"40111","Okmulgee","OK",2020,742423,47.3295926488936,317965,276912,215338,23363,68203,21.419466980733,42078,3101,4239,31041
"48367","Parker","TX",2020,652186,42.6601273240522,751427,160519,285800,291342,95318,12.4418130388949,13342,8293,3458,35619
"48385","Real","TX",2020,650566,47.6774529833347,4376,69860,166707,368519,88633,11.0537433659192,37499,4274,3825,39546
"02016","Aleutians West","AK",2020,632807,30.3205647272989,511398,172895,26846,335150,69225,8.75641629216261,39029,2435,4099,32940
"31105","Kimball","NE",2020,423491,46.5669602993876,578427,311320,41309,22326,44441,6.38107763486914,24754,7688,1998,38953
"31033","Cheyenne","NE",2020,542659,32.2749450709671,746802,368217,158010,350333,65872,20.7119705050718,41695,5733,4,17533
"72083","Las Marías","PR",2020,32940,43.5995853692293,299986,186137,57270,295745,44248,12.8759388183244,27115,918,1161,20040
"72081","Lares","PR",2020,36070,48.5557764070109,569335,412672,297340,152285,55666,22.7527950785588,38220,3160,1215,46654
"34037","Sussex","NJ",2020,650994,49.4535627076402,604785,70706,9251,150237,34527,10.7149472471792,13456,453,368,34777
"31143","Polk","NE",2020,799178,30.6287048943341,271244,116124,295137,134886,67819,15.3536520036869,28301,5794,335,6380
"40069","Johnston","OK",2020,486540,30.5028458917513,334893,121693,155244,303057,52290,14.7911289485637,1834,1932,2562,14628
"01133","Winston","AL",2020,97912,39.1962540289387,695967,263898,241742,184143,97126,13.2878671935759,19649,4867,25,22680
"37143","Perquimans","NC",2020,299428,35.669624148868,22745,56991,85107,197581,77789,27.3946256795898,45397,9236,4785,596
"40001","Adair","OK",2020,127570,44.6704301564023,80915,167442,13961,324333,39579,6.20387217612006,28739,6338,1899,31944
"40041","Delaware","OK",2020,214299,41.5125638293102,825259,476260,163722,46565,33036,18.877980527468,14827,2686,514,3362
"31169","Thayer","NE",2020,554379,44.1940366569906,168090,62127,115712,381569,61030,8.43808347242884,28982,1657,189,15877
"38087","Slope","ND",2020,268977,36.4816605718806,693737,250860,35610,87680,62369,22.2057945397682,31894,711,4191,40752
"19171","Tama","IA",2020,693622,41.9600274134427,858961,54475,141713,260259,59255,28.0923422670458,28125,4422,4058,44444
"31125","Nance","NE",2020,53734,38.2053062086925,15475,193921,53112,85978,58578,29.3688765971456,36375,2135,2614,39415
"55039","Fond du Lac","WI",2020,830510,43.4833652898669,23208,121467,17502,295713,97142,13.0861265829299,25869,3129,2823,49640
"51510","Alexandria","VA",2020,230958,41.9621365750208,604191,170997,88978,353960,39531,14.3426186940633,4654,3799,1836,35720
"30021","Dawson","MT",2020,884440,43.4939533332363,474695,17730,36076,64267,83949,22.4547703529242,11369,528,2286,26141
"31053","Dodge","NE",2020,739719,33.5459818458185,103924,306193,104399,276366,73737,23.4654114418663,35237,5622,4920,9177
"35027","Lincoln","NM",2020,186194,41.5003266977146,456384,431675,67844,6390,42806,10.2822418394499,48470,9091,1295,33448
"16047","Gooding","ID",2020,567142,33.7365974672139,368077,462029,198530,280593,33949,25.9853704553097,11949,7401,337,43368
"47131","Obion","TN",2020,755462,43.4663515537977,258853,268650,297834,12128,95887,15.0217972532846,102,9328,1585,30665
"37157","Rockingham","NC",2020,559925,40.1888896152377,613396,271519,154323,316160,63219,28.4458994469605,6733,5552,337,3596
"29101","Johnson","MO",2020,794623,42.018809420988,352608,140669,213751,200741,46575,12.5729609641712,47097,4457,1039,839
"31013","Box Butte","NE",2020,246033,38.0182445188984,346844,488340,208943,120730,48562,12.4357332312502,46810,3306,3206,24135
"30067","Park","MT",2020,113548,38.5669796122238,243227,476670,185305,398879,32361,28.382148280507,30606,3181,2299,40350
"39027","Clinton","OH",2020,828769,32.3515483178198,24108,314224,273147,66565,61625,18.0951250088401,21268,1479,2109,43747
"46059","Hand","SD",2020,46216,45.4333340469748,644965,54534,42952,102068,62297,13.5919014061801,2783,2124,221,29399
"46129","Walworth","SD",2020,226514,37.4761167401448,669074,106129,222582,289754,54797,13.2782129989937,31867,4004,4218,24775
"51590","Danville","VA",2020,733327,37.19054014422,139623,267992,159891,237352,63450,13.2861423667055,33103,7717,4551,7415
"55109","St. Croix","WI",2020,88506,32.4485172750428,149351,447456,276329,323189,99344,21.4241927384865,608,9561,1917,12329
"48247","Jim Hogg","TX",2020,983372,42.3698981525376,647898,493906,266760,275090,73532,20.416902519064,20026,309,3933,6735
"17081","Jefferson","IL",2020,744427,47.111096540466,812933,395853,215142,21631,43701,25.6014338531531,25343,914,3735,16019
"26149","St. Joseph","MI",2020,984763,42.5386217795312,536027,489308,206018,7481,92610,14.6419675159268,10424,898,1301,44774
"13211","Morgan","GA",2020,94964,34.0791843784973,755600,144728,1980,102583,75357,15.6150475272443,33517,4440,2879,44400
"47071","Hardin","TN",2020,631406,48.8621333334595,546679,119555,268400,397177,78497,11.7776183946989,44424,2190,3260,11395
"47083","Houston","TN",2020,4587,43.5658883396536,25089,271329,90539,11743,97855,11.5479957265779,21215,7317,236,10992
"48133","Eastland","TX",2020,840378,33.5597730334848,590609,283762,155301,138592,60408,9.90825456217863,43536,3064,1549,27069
"22047","Iberville","LA",2020,485981,35.2582173468545,250151,204118,122606,227040,77025,10.735206627287,5606,9324,4760,26280
"38031","Foster","ND",2020,604220,34.2807227233425,787106,352763,29076,343144,58575,7.53083778661676,19202,9084,3066,30220
"20185","Stafford","KS",2020,1341,39.1303754691035,567479,397281,199859,63622,80965,28.6222490784712,28004,6015,2824,13458
"21163","Meade","KY",2020,60008,44.8084951331839,104670,203109,182017,253824,86656,17.2893906896934,29580,6848,1968,18219
"31073","Gosper","NE",2020,201539,37.5723940460011,259310,163576,153730,229551,73291,5.95336710219271,28539,4184,2831,33039
"39163","Vinton","OH",2020,74307,39.1074397414923,320552,68014,57930,19818,81016,29.402509763604,47270,9299,605,30901
"29181","Ripley","MO",2020,233822,40.2377704996616,376190,269243,232485,357316,30989,13.0834704393055,15030,6056,1183,49357
"31133","Pawnee","NE",2020,859290,41.6273374762386,56125,432468,167280,148023,97428,20.7388041086961,9740,6746,2471,18355
"37189","Watauga","NC",2020,138731,33.8187959324569,746422,232363,291904,313627,85375,12.2854069352616,10914,662,1431,44922
"72151","Yabucoa","PR",2020,520349,37.8016739990562,669676,235594,160930,338628,53740,11.943240336841,8677,8209,2991,42717
"13159","Jasper","GA",2020,991691,32.6880445331335,441501,84591,205781,374698,81064,7.45560052571818,25168,1750,2662,23743
"42121","Venango","PA",2020,215736,37.1776833338663,234761,347813,192876,78899,84216,28.3146950544324,18210,1740,721,47784
"46057","Hamlin","SD",2020,28992,43.8740555616096,652865,72026,97008,178609,60066,14.9038400512654,15877,8716,1439,16875
"48021","Bastrop","TX",2020,421985,45.0305599393323,287297,387081,118257,40845,85215,25.1777287642471,27340,4500,4307,27263
"48285","Lavaca","TX",2020,9502,49.6404760098085,667136,454544,118808,16887,93090,7.98569306032732,1965,2949,1427,49693
"40071","Kay","OK",2020,635475,45.2319374633953,836570,462719,200493,141515,71648,7.39892009994946,21526,9638,2788,16927
"46081","Lawrence","SD",2020,182248,46.5782242501155,799378,19086,146424,188759,50689,10.8245204214472,9808,3592,2401,26603
"48267","Kimble","TX",2020,13234,35.7112727640197,123058,200398,114304,256320,74819,17.2289172839373,23549,3378,3778,35655
"29053","Cooper","MO",2020,909871,35.4754471406341,180187,265148,270578,218682,59045,13.175446477253,15510,6535,489,36868
"01113","Russell","AL",2020,449665,31.4616080466658,503004,58293,282107,185925,65372,26.0610363108572,45351,6288,4621,34297
"12079","Madison","FL",2020,144712,38.6028967611492,23737,114910,276110,137019,79659,12.8290143108461,4972,6436,4220,26037
"18159","Tipton","IN",2020,805337,49.1296120313928,853619,285275,215064,159865,61726,29.2598863202147,3288,1942,3491,15543
"24013","Carroll","MD",2020,2521,37.921499107033,872908,222265,38409,175118,60007,24.0885663963854,45423,7749,592,27071
"37149","Polk","NC",2020,462071,37.7216780092567,592527,151536,164721,371497,94878,11.3945936562959,12761,2807,4876,8418
"44009","Washington","RI",2020,412085,47.1686892490834,179533,67723,91496,158848,91098,12.4460568604991,45778,4015,1103,31226
"54075","Pocahontas","WV",2020,884154,44.0398726705462,198766,269905,135719,318246,32618,27.7303457621019,22189,4391,2358,25949
"56033","Sheridan","WY",2020,553406,36.3697096286342,396319,88624,130220,141803,80920,6.82786259101704,30679,1600,3733,19179
"13077","Coweta","GA",2020,182802,31.5581703279167,499496,371411,183510,348784,88141,18.1065022200346,37623,5359,435,33048
"21165","Menifee","KY",2020,980488,42.32624118682,864289,369549,295402,395439,78701,18.6009702808224,11730,4991,885,30337
"32001","Churchill","NV",2020,577013,49.8727253405377,810857,445488,61120,175234,60518,7.83052423619665,19419,824,238,12647
"46085","Lyman","SD",2020,3660,33.0011799931526,485833,483734,283479,301149,45576,15.7447095157113,40673,5970,1518,16601
"51037","Charlotte","VA",2020,486158,46.3736163266003,196252,337074,59323,2848,99605,28.4354987100232,17787,4187,3730,16007
"55035","Eau Claire","WI",2020,952670,33.7939726375043,169102,41747,54232,178954,31524,26.1319904832635,42786,1279,1669,41548
"72007","Aguas Buenas","PR",2020,703003,48.4320556744933,29356,303205,101656,656,75315,26.6488719685003,46108,6089,1930,2891
"72005","Aguadilla","PR",2020,143205,34.9893283611163,511901,144811,296623,255760,50260,7.86186194862239,35522,4585,3162,18275
"50011","Franklin","VT",2020,761122,49.7667265729979,177286,86717,202593,187404,83739,18.5410110116936,43793,7967,2166,16180
"05053","Grant","AR",2020,86715,47.0153274200857,241238,400264,186508,157343,44508,9.05353250680491,49787,1307,622,27387
"51683","Manassas","VA",2020,648064,34.4888601265848,152556,104599,276354,61058,95884,15.2952794462908,26990,9145,4244,16665
"25021","Norfolk","MA",2020,509173,44.3959848769009,585056,409415,240541,56237,43936,14.0697526698932,18674,5121,4695,24229
"12091","Okaloosa","FL",2020,8636,37.1976181259379,575602,154168,246143,143754,52624,12.9049953375943,28693,5235,1107,43379
"17055","Franklin","IL",2020,36309,34.2782716546208,548892,288608,206396,131292,94219,23.3546802203637,20153,316,831,19678
"31029","Chase","NE",2020,451162,39.5506015187129,375576,450678,56898,272452,51640,25.629343361361,10110,2679,669,10242
"55055","Jefferson","WI",2020,714956,39.6209400612861,103965,256574,158103,319876,61505,14.4699591922108,26333,1851,782,10137
"55113","Sawyer","WI",2020,794049,32.3629636224359,691744,231759,150964,335038,39915,10.6604273500852,44669,4173,4707,34022
"01081","Lee","AL",2020,634773,41.389910900034,835207,69530,60884,121187,94816,12.064377219649,16186,4695,3353,25319
"39069","Henry","OH",2020,137493,40.3911798680201,743474,117642,82182,160219,85563,29.7757090546656,33037,6775,3410,11556
"51570","Colonial Heights","VA",2020,64246,49.1199731687084,658124,122197,111841,373676,67423,23.8953425385989,660,4980,2803,40601
"28047","Harrison","MS",2020,428169,42.5095329107717,656566,383945,74763,159291,76598,28.8471990218386,4614,8782,2944,19058
"30075","Powder River","MT",2020,390226,30.8409147430211,417124,444376,277410,212001,61687,18.5637343802955,49198,6131,2366,46693
"17111","McHenry","IL",2020,276490,34.8795445496216,467798,12098,137452,52215,97903,26.4082624355797,17355,989,3563,24685
"17201","Winnebago","IL",2020,461870,31.8139691418037,824677,285617,16482,129415,64793,20.3081465687137,28950,7482,1800,48532
"18003","Allen","IN",2020,154418,34.9020008184016,440300,84102,148408,231010,70275,21.4078839996364,39220,6893,3871,4877
"13099","Early","GA",2020,233188,31.572792599909,22705,285900,193918,310997,98477,19.8310628486797,27791,3206,4281,445
"20017","Chase","KS",2020,281697,49.6795638464391,430782,441267,116615,88149,91453,18.4203110181261,41336,7801,2603,46060
"26123","Newaygo","MI",2020,940006,43.6066528921947,196100,33974,112140,156088,53306,26.2727978592739,42040,4491,3155,44622
"08101","Pueblo","CO",2020,934651,43.0640952149406,636857,340085,71241,374427,36126,12.7997402753681,48761,3554,3815,18087
"21117","Kenton","KY",2020,911984,40.1598268561065,707190,195842,134387,2907,36055,13.3708577905782,17325,901,1092,38385
"21103","Henry","KY",2020,807268,32.5713770231232,612533,105472,147682,74242,40140,22.4875431577675,29427,4120,778,19717
"48393","Roberts","TX",2020,728677,45.6866350257769,861180,344832,142041,376925,76742,14.6669982885942,48901,6362,1700,36220
"28099","Neshoba","MS",2020,340294,49.6886162320152,311791,470771,292313,141217,55767,7.50605723122135,43078,5017,2988,38475
"17127","Massac","IL",2020,726990,35.3147043054923,682694,278822,152288,1910,31936,9.81557322200388,12170,5717,3637,43811
"19057","Des Moines","IA",2020,536763,36.9020223338157,527828,118471,262454,220771,41541,28.2958839216735,29956,692,1780,13575
"20003","Anderson","KS",2020,499999,46.1060409061611,266439,78115,65117,78027,94116,29.6597013552673,28820,8318,1554,44838
"28131","Stone","MS",2020,874250,45.0484516937286,357434,381241,113725,213102,30362,6.75481293699704,43660,7285,2040,2068
"01019","Cherokee","AL",2020,120273,43.4564419556409,145494,408992,241587,238409,71304,26.9917813199572,27366,9957,3214,23518
"17187","Warren","IL",2020,151420,43.6295282933861,10350,233884,204940,327859,33580,14.5276529842522,1209,3177,1062,12583
"29067","Douglas","MO",2020,877566,39.9578362843022,401022,109344,111349,93607,70192,19.9539251346141,49068,2402,58,48527
"31151","Saline","NE",2020,427894,45.4945885995403,332001,474078,122542,17753,57948,18.3438272750936,43968,4490,2744,5248
"39047","Fayette","OH",2020,24760,41.8762127449736,884836,277372,197170,1773,65492,8.64663342479616,9253,9239,4163,22505
"13281","Towns","GA",2020,828992,34.4771016016603,126941,110015,141020,262095,84607,17.2983763052616,25986,5614,4905,30218
"16009","Benewah","ID",2020,802769,46.2476697796956,652191,476722,264625,328847,68974,11.152551737614,16844,9076,361,24726
"47051","Franklin","TN",2020,49723,45.0925013190135,569445,260003,79089,13244,96449,27.0710303692613,8414,9007,4884,30163
"47101","Lewis","TN",2020,85429,38.6083008581772,879199,370055,200465,339058,40045,11.4452920923941,13287,8365,229,21864
"18025","Crawford","IN",2020,42364,38.4788834815845,887268,304632,63168,306346,32126,6.27038603532128,10080,4289,1229,19925
"19193","Woodbury","IA",2020,526595,48.6865284945816,234445,269942,111963,89055,89819,12.6959113415796,45447,4700,2468,28197
"27115","Pine","MN",2020,526876,48.3310425421223,694597,432992,33888,171310,43581,23.1843698315788,1826,7066,2572,6899
"29173","Ralls","MO",2020,238870,43.1496377987787,389665,159378,70124,185050,56061,18.7156009441242,2231,1891,3780,814
"31157","Scotts Bluff","NE",2020,365749,39.920968557708,578655,186447,297514,289531,67787,5.79035157687031,15516,5573,1367,13790
"47139","Polk","TN",2020,725729,34.3721150048077,656325,449687,22538,177355,58228,10.7060248858761,26427,7962,4483,11424
"48217","Hill","TX",2020,620980,44.4540629722178,884780,411792,296850,209953,95963,8.0230411037337,24239,9691,2454,31106
"51061","Fauquier","VA",2020,349951,30.0993408402428,359385,497664,259534,65528,79412,11.2262007209938,31107,7794,4865,36274
"28031","Covington","MS",2020,278012,45.8978971280158,168676,74333,72295,227931,65503,7.27987022371963,24461,4014,1282,44484
"29015","Benton","MO",2020,480373,31.8435434205458,271617,169135,12444,306147,36269,19.4620622100774,3123,1849,1009,540
"31183","Wheeler","NE",2020,534566,48.7308353278786,721447,335243,98153,358785,44875,9.63957996689714,17576,3800,2035,20078
"37135","Orange","NC",2020,467563,33.6623089574277,51955,286501,178609,213051,58970,29.1682682593819,40023,6960,1393,6215
"26079","Kalkaska","MI",2020,415647,33.953144219704,536711,227132,85897,51402,59511,29.7014836000744,1527,5169,642,40507
"13131","Grady","GA",2020,407511,30.1994976541027,316846,151056,223260,233465,70989,19.6833172941115,27138,1045,1443,30600
"17139","Moultrie","IL",2020,730073,39.7325085103512,14019,211058,68194,175342,85135,27.4381604988594,28435,8897,1053,5381
"19181","Warren","IA",2020,241613,43.2367443665862,108470,114408,287325,368394,49656,27.9065667488612,47638,1699,2288,14640
"36089","St. Lawrence","NY",2020,49056,34.9025093251839,199642,208330,214665,193938,32598,23.8823756179772,38730,3818,1592,7425
"37169","Stokes","NC",2020,300157,49.3560556229204,413200,449287,171261,381070,53132,9.03026385465637,26003,8828,1620,29984
"51065","Fluvanna","VA",2020,825207,35.0348703144118,636502,338073,1750,187400,47826,13.8888488651719,21095,2740,1012,2082
"51685","Manassas Park","VA",2020,362504,47.9679886484519,325144,127956,16202,272989,98445,23.7903416401241,17573,722,1221,35156
"55049","Iowa","WI",2020,426600,42.4576950771734,56473,283251,54694,157838,52160,22.7354182000272,47695,1895,2167,29354
"37197","Yadkin","NC",2020,920327,35.4312521126121,393926,322461,278404,301788,53128,13.8021070812829,24854,3415,1776,41295
"38091","Steele","ND",2020,485039,46.8843154376373,546301,190272,142009,354618,70696,10.194038816262,34289,4413,2871,23920
"39089","Licking","OH",2020,471279,39.7947586746886,860953,154883,252172,280790,52353,8.02347042015754,47907,8281,354,47468
"20045","Douglas","KS",2020,677113,46.9246260123327,317387,361200,202854,173453,70738,8.18966961349361,25386,1202,1144,2427
"20111","Lyon","KS",2020,140218,47.9780845623463,589819,338758,133326,266604,89086,23.313668249175,16949,3568,496,39143
"21207","Russell","KY",2020,956489,44.72436722368,137920,127940,155316,23899,98840,6.99048875365406,11744,5257,4039,2295
"38029","Emmons","ND",2020,205374,48.3040030999109,218258,378483,20092,64720,92917,21.9205437006894,44478,7454,1983,38047
"39141","Ross","OH",2020,828525,36.7362221889198,216233,101234,13189,323638,33661,23.6812652973458,12880,8556,1960,29782
"55078","Menominee","WI",2020,14052,39.4469769578427,305219,2260,28452,71339,94532,24.5268062525429,38299,823,10,46810
"01059","Franklin","AL",2020,37483,30.7617823779583,258438,359714,252186,376479,73869,8.94207075587474,37169,2448,606,20476
"01111","Randolph","AL",2020,532650,39.0735168615356,380434,50814,128388,99993,31231,11.8772226339206,17079,9367,252,30116
"05127","Scott","AR",2020,387558,35.8799359155819,69563,203583,166579,309568,62625,26.0947994317394,24159,2558,2958,43515
"40127","Pushmataha","OK",2020,478836,31.8537936592475,296836,228457,248200,13790,63926,21.1647835106123,10523,897,3384,35126
"42109","Snyder","PA",2020,687644,49.4172322610393,638785,469033,37742,220713,66173,5.60985252493992,5903,5751,4318,9433
"46067","Hutchinson","SD",2020,417385,42.2663618065417,497497,414909,292802,184426,66662,27.6454650692176,8010,882,714,46479
"48457","Tyler","TX",2020,916529,47.588530476205,127646,232950,89803,114715,63758,12.7291532419622,2290,3721,1937,49845
"21233","Webster","KY",2020,998154,34.8575445311144,819528,160737,289009,324162,83793,11.4768123324029,3434,1764,3607,6559
"39009","Athens","OH",2020,239891,35.8957456750795,785380,287062,234502,275184,77051,25.0713547237683,3189,5837,603,37853
"01123","Tallapoosa","AL",2020,857199,49.8913425859064,689183,12149,124450,328675,96588,29.440795177361,25528,5222,1970,41803
"40053","Grant","OK",2020,421118,32.8766898717731,224877,64076,147044,333197,93222,16.935571586946,417,1078,4350,8114
"08045","Garfield","CO",2020,459635,35.7117299456149,458983,169442,88425,45827,73333,25.0691829551943,11966,7305,4317,40707
"17163","St. Clair","IL",2020,661685,44.1623029718176,215647,312785,286701,129518,36145,7.10308993700892,34861,707,4144,49991
"47171","Unicoi","TN",2020,668364,33.4462570166215,677075,188400,217619,214583,48854,9.71996154519729,43677,2414,3119,5059
"48129","Donley","TX",2020,311557,32.6773615926504,228476,216965,265519,273012,88927,28.1349240930285,21068,2006,1075,34516
"48345","Motley","TX",2020,605255,40.226151314564,704250,264570,299377,207527,62957,23.0527648073621,41868,2894,3765,9292
"51730","Petersburg","VA",2020,264740,42.7355138631538,418865,203818,92005,37000,87223,7.25965396384709,5544,9276,4017,27665
"47181","Wayne","TN",2020,465206,36.6695690713823,877565,10007,39171,307658,52291,16.4061379572377,19323,8446,3054,18018
"49053","Washington","UT",2020,43521,44.0508042834699,464558,182702,122314,369182,84094,13.6387706745882,11736,8804,884,22027
"50013","Grand Isle","VT",2020,584045,32.0145759219304,77947,171812,226053,150807,66734,9.54794855322689,33692,5650,1353,4999
"18153","Sullivan","IN",2020,259605,41.1901628738269,783669,125363,151526,114182,38353,15.5936347856186,1501,8558,2245,25387
"17085","Jo Daviess","IL",2020,614401,46.1079794401303,475687,409453,280468,370451,83621,23.5511043237057,3221,5426,550,10395
"26075","Jackson","MI",2020,821936,44.8943364061415,450054,226730,281080,249452,79717,10.9478503011633,44950,3432,3494,38472
"19007","Appanoose","IA",2020,423567,39.8125657439232,762044,437875,221839,373569,75589,28.8617739931215,38229,591,88,29081
"55141","Wood","WI",2020,389346,36.8017274653539,552384,375179,230289,349316,49195,7.03630704781972,9092,285,2354,43338
"72137","Toa Baja","PR",2020,135935,39.3834751751274,242754,171878,211349,368862,35237,12.6311568380333,19543,8008,567,38022
"72077","Juncos","PR",2020,449382,36.4780045114458,388687,459172,16221,207333,83419,17.7105577208567,11329,4113,3537,44817
"50007","Chittenden","VT",2020,332973,32.7193901315331,644139,445129,198461,1217,33040,11.017572642304,7896,276,4976,37923
"05071","Johnson","AR",2020,850976,37.5554147269577,828997,212015,166496,332592,78350,29.7950582124759,23090,7368,2504,26837
"51197","Wythe","VA",2020,709869,32.3806549981236,491799,314929,242358,161801,49931,26.2686017679516,29895,9402,3441,214
"53007","Chelan","WA",2020,10155,44.5402910513803,319867,157808,130928,200976,59844,7.30670932796784,45197,6811,811,33846
"55073","Marathon","WI",2020,175005,33.635215847753,224250,347410,255600,205661,85744,26.1471415997948,32297,439,2688,5947
"55131","Washington","WI",2020,260384,34.5152098592371,680357,99995,255824,254879,81677,10.3488749195822,20338,3934,4697,16493
"20011","Bourbon","KS",2020,602176,39.3018476013094,809768,176084,170122,284934,49143,23.0075109878089,46631,7100,4361,47236
"21213","Simpson","KY",2020,901572,39.9387321667746,16251,425263,69810,358301,46239,14.584492148133,39940,2533,729,20029
"40081","Lincoln","OK",2020,523194,38.678470402956,698449,241003,227719,291175,97742,16.29211995285,32571,2684,4333,17201
"72045","Comerío","PR",2020,590456,45.5290682474151,88155,419682,205975,28816,51290,9.45164578268304,11001,4475,2300,41829
"72135","Toa Alta","PR",2020,159585,33.4574953280389,330915,232607,240644,26718,67063,17.3679456359241,23183,5044,476,37255
"42001","Adams","PA",2020,788457,46.9841309404001,629192,134597,115623,381419,63307,14.7716142714489,40177,6513,2230,26388
"08014","Broomfield","CO",2020,342341,46.0260609723628,545544,355347,65092,11028,83522,17.733351503266,40251,847,2533,48189
"48109","Culberson","TX",2020,598374,33.1208461429924,467080,102046,24195,132505,71576,19.8523611831479,31767,8073,4703,45630
"48047","Brooks","TX",2020,309747,49.032687167637,53404,444322,223091,55662,40784,7.35366408596747,43294,3093,3640,27747
"27005","Becker","MN",2020,790917,35.0583195174113,76608,190526,128243,72974,40515,28.8215232326183,363,1465,2727,38860
"01053","Escambia","AL",2020,801430,30.3413880290464,338389,24852,56304,277749,97895,16.0585968533996,44173,1896,392,4949
"17093","Kendall","IL",2020,257168,31.401016949676,733740,299257,230786,282459,44200,16.2470302265137,44907,1774,3093,35027
"40049","Garvin","OK",2020,575434,39.6777163632214,122594,279660,284190,209164,49955,10.3691177687142,22073,4117,3837,847
"25003","Berkshire","MA",2020,122860,38.8373011071235,609503,304900,163184,45087,79605,25.0606005033478,14316,8406,1334,24685
"48165","Gaines","TX",2020,950054,34.751145914197,839004,255148,200796,63816,92927,17.299102707766,1947,1298,3784,38680
"56041","Uinta","WY",2020,41542,45.9682861762121,538901,368855,10169,7191,78109,23.2954482443165,45522,6976,1592,7566
"05137","Stone","AR",2020,450898,38.6693817656487,598644,191390,104660,32050,69783,18.5984670021571,2427,6236,4267,31580
"27151","Swift","MN",2020,37673,33.8484759395942,870312,418313,57551,314986,59316,8.62167434068397,16883,669,4601,48188
"28135","Tallahatchie","MS",2020,65193,35.1553302584216,504557,443369,201104,312655,95094,10.0868899445049,18794,5510,1820,49070
"20131","Nemaha","KS",2020,868401,48.636079300195,787258,199258,210561,223115,33591,11.7097407125402,37666,7621,4650,34661
"19143","Osceola","IA",2020,748766,40.1064766384661,281117,257399,105656,380228,48736,12.4203843367286,30229,5128,3304,45855
"20007","Barber","KS",2020,316370,32.322468557395,771734,126734,70792,369371,55710,28.4076295047998,35211,9417,1019,18067
"21191","Pendleton","KY",2020,164147,48.119855155237,228690,423718,235824,235761,42925,26.9786454224959,26222,5809,4329,18474
"28005","Amite","MS",2020,321896,45.8648370252922,241328,45374,242494,135574,85589,17.3084445251152,14471,2849,317,4661
"29133","Mississippi","MO",2020,15773,46.0758061753586,743091,240114,167942,73295,49537,19.4858812505845,28864,987,1551,38869
"13145","Harris","GA",2020,514792,49.2169062793255,859846,427750,65584,33317,75835,27.2414813877549,48301,5156,2575,42392
"18137","Ripley","IN",2020,755815,39.4797712098807,297875,472513,820,119682,63676,14.1943608189467,3021,2985,432,36941
"20169","Saline","KS",2020,527891,35.81358759664,250491,65851,178169,279823,95570,27.1416759770364,46119,5603,1624,20909
"29107","Lafayette","MO",2020,249710,33.7386575015262,173113,352091,151743,111891,63935,25.5544635071419,21208,1435,1690,25028
"18139","Rush","IN",2020,863839,31.4309400226921,181857,72076,78256,219599,84435,26.0763412876986,41235,5846,2828,3487
"19015","Boone","IA",2020,719747,34.0641614235938,385487,22663,266743,159698,84828,12.6033604855184,43549,39,1404,4510
"19009","Audubon","IA",2020,755725,37.9669009754434,26671,8506,133366,390155,60432,6.77624371717684,16879,248,4879,44436
"40059","Harper","OK",2020,260227,38.986804485321,62131,16074,34843,201205,99412,25.5990683112759,32581,3138,1010,19090
"42025","Carbon","PA",2020,485016,38.7382127856836,3159,186104,212067,268034,89751,9.52235670527443,15715,8240,2486,45262
"31127","Nemaha","NE",2020,791538,36.9755131844431,650736,359887,133435,36482,68908,9.88540264195763,44509,19,2816,1083
"33011","Hillsborough","NH",2020,246469,34.7267333045602,102988,175594,75335,101424,48799,24.2378025036305,45506,6690,1217,43422
"21171","Monroe","KY",2020,281708,33.7888600118458,887658,304508,27766,167872,69361,9.95959341642447,17519,7431,2661,29970
"28129","Smith","MS",2020,140061,45.4455404728651,319766,198332,169592,262072,66966,10.4855045804288,33509,8205,4918,33937
"29215","Texas","MO",2020,255798,31.8512604478747,735648,326243,290303,385061,85953,21.5123543236405,44782,9491,1259,26630
"29125","Maries","MO",2020,671998,45.8850824274123,827306,28885,55106,149848,64763,29.8567056492902,46689,747,1431,48624
"20073","Greenwood","KS",2020,327375,37.3994408082217,410759,60589,143307,329207,95406,22.5885756034404,37354,1295,3841,48481
"20071","Greeley","KS",2020,567182,36.8775464361534,24801,404339,59269,366002,81327,7.53074040520005,26334,5491,2546,1834
"46051","Grant","SD",2020,581298,44.6236347686499,368179,477444,79919,28947,72446,26.6078143217601,49428,7860,164,47267
"48485","Wichita","TX",2020,34801,39.7849315823987,379607,67028,115232,122277,92319,9.80982775916345,9014,6879,4392,35217
"47175","Van Buren","TN",2020,895326,45.9354059165344,608530,389077,171018,279501,46139,27.6117854879703,10956,4679,147,44381
"48145","Falls","TX",2020,270296,30.771796614863,821305,184449,158955,353749,67040,11.5765835228376,13451,3571,4155,44008
"37011","Avery","NC",2020,590323,48.3514009648934,419238,415582,110955,143115,76712,16.8537859234493,43568,8672,571,8853
"39105","Meigs","OH",2020,66744,46.3678331580013,753122,61115,38224,327908,32027,21.9626129849348,38910,6405,4570,27450
"37037","Chatham","NC",2020,749206,43.9171879179776,873909,161642,81980,262781,73854,22.5996297621168,34225,1587,2360,26918
"38093","Stutsman","ND",2020,832798,43.4878627629951,523626,303610,276345,150914,95114,24.596869655652,30701,8669,4463,45452
"42131","Wyoming","PA",2020,821141,39.8391877720132,376156,402522,261676,399338,98497,9.0993491129484,31173,6599,4486,14307
"50005","Caledonia","VT",2020,338263,49.1502123186365,514461,467443,277660,102823,82286,14.2705143149942,32842,2135,442,16854
"05043","Drew","AR",2020,505107,41.5394855570048,832190,20781,8802,395877,92515,16.532707727747,22416,9505,3908,42998
"12027","DeSoto","FL",2020,327816,43.3892078557983,832914,371532,144568,81445,55260,17.3652128269896,1859,3917,2642,46512
"48487","Wilbarger","TX",2020,589004,35.9681259887293,131068,375879,119552,40630,51382,8.45631434465759,867,1120,2635,18672
"22005","Ascension","LA",2020,682424,45.6843323912472,205737,281372,625,13661,74574,6.55958819086663,28114,8537,371,1668
"26039","Crawford","MI",2020,773274,37.9042790364474,188292,284977,267683,48953,88786,11.7607106582727,33655,9063,2724,32556
"41011","Coos","OR",2020,734997,45.5290268454701,712710,420014,263049,55687,57243,23.7710043217521,3123,3691,2914,3179
"46089","McPherson","SD",2020,968280,43.1219011358917,523072,279913,257940,163222,46166,17.502331554424,1265,5777,4272,6802
"45081","Saluda","SC",2020,552561,33.3208716707304,49971,336736,222415,156924,50794,9.63825672632083,38807,6588,4273,33232
"13117","Forsyth","GA",2020,226184,33.6941186478361,342119,103113,294321,125244,47506,21.7669724847656,27045,1462,2272,41937
"48415","Scurry","TX",2020,54875,44.5646665012464,91423,195067,78657,154456,51331,12.7085204422474,21128,566,1953,41257
"48417","Shackelford","TX",2020,365927,43.9357080636546,701858,240276,99424,247932,96588,13.570398989832,17920,5845,4846,17360
"27037","Dakota","MN",2020,60713,32.3248408827931,803608,358940,158674,133066,58577,28.537883622339,8510,8057,2354,14134
"27125","Red Lake","MN",2020,210837,40.5129058007151,47170,148596,249549,329074,59374,29.9062004964799,13509,9244,1862,8745
"48197","Hardeman","TX",2020,987410,44.739777543582,400897,184080,109488,51273,31277,21.7102248698939,22811,2144,1014,13640
"50003","Bennington","VT",2020,35710,48.0330717470497,355163,119985,292081,69631,92757,10.7438939926215,33049,3813,3279,30715
"47179","Washington","TN",2020,311749,41.827446767129,539666,416794,293712,157270,45277,24.6149224590044,40232,7439,4887,21062
"48009","Archer","TX",2020,594602,35.8269745251164,41165,71745,265747,188847,37304,19.2799489316531,21266,8655,2684,33445
"48275","Knox","TX",2020,549056,41.7350192321464,641385,240298,187765,374951,74971,9.57879792666063,45428,9648,3571,27942
"22089","St. Charles","LA",2020,429022,34.9739417620003,146818,183719,118480,116110,53832,26.3590437662788,24898,8458,4404,30796
"28071","Lafayette","MS",2020,521751,30.6531553715467,279475,310212,86125,393660,78274,21.272106411634,28171,3671,1821,42517
"28117","Prentiss","MS",2020,351919,41.1839087260887,220262,248690,208851,111947,67026,17.2737490106374,21002,30,4845,3468
"29175","Randolph","MO",2020,199966,31.0748402308673,72640,465701,57805,55617,39414,8.96003837813623,21381,2401,3307,29960
"51043","Clarke","VA",2020,631536,46.1822647601366,165767,118026,49501,35824,62860,11.5849207807332,32671,4018,1794,7607
"05125","Saline","AR",2020,677002,32.8722665226087,760477,454448,67552,65069,56224,15.9657996683381,41917,8326,3542,11427
"48331","Milam","TX",2020,403525,30.159495244734,170136,183478,197320,14531,60827,26.5136075566988,4323,3314,1843,4645
"53013","Columbia","WA",2020,464011,48.9531987765804,838144,282198,140373,73219,52013,18.1049781804904,9602,8942,2430,6064
"27149","Stevens","MN",2020,906176,40.0176992174238,158875,298012,16385,297423,69396,23.6284524505027,4656,2224,1520,41477
"27101","Murray","MN",2020,48837,35.176278357394,650419,348035,91338,220215,71310,28.3586819376796,32167,4151,2976,46983
"28127","Simpson","MS",2020,660538,45.316921453923,644482,225161,24932,187161,66544,21.1659054574557,13226,947,3867,40128
"31069","Garden","NE",2020,846157,44.6305732382461,888638,408068,105251,226898,77673,23.219086760655,4981,6140,3476,42813
"31035","Clay","NE",2020,812165,49.4771003862843,603397,287586,109812,15012,50142,26.8620988482144,47343,7569,4500,3654
"35037","Quay","NM",2020,518288,46.2378079397604,610349,163288,51285,80632,97449,24.372018793365,2321,1399,1496,24259
"36049","Lewis","NY",2020,709140,44.0503404429182,712519,117308,275596,110786,89381,17.1993206150364,11274,9125,847,19026
"13097","Douglas","GA",2020,932777,36.9933780608699,111697,317090,118411,109923,61473,19.1345703974366,19119,5152,2009,48319
"13043","Candler","GA",2020,444489,40.4971378296614,521845,143399,14461,399661,79617,27.1370258892421,26282,4540,1591,23995
"18169","Wabash","IN",2020,254241,46.7290341248736,643447,65702,38219,282044,56195,27.2078906721435,21611,9746,2040,21857
"19023","Butler","IA",2020,657828,48.3780738059431,95938,343574,248429,206590,46166,5.21026272443123,30452,2415,3633,35532
"69120","Tinian","MP",2020,739484,44.6611277759075,41377,174216,211213,380657,78067,11.0773923061788,23359,3742,3507,2970
"72065","Hatillo","PR",2020,402634,47.7716268133372,844851,380957,238955,287394,95540,12.6294264872558,25571,1502,3337,17973
"28155","Webster","MS",2020,962956,48.2590021006763,696479,261474,145793,204287,51214,23.051915965043,37348,3082,2501,40272
"29039","Cedar","MO",2020,88755,42.001704769209,369827,80735,111396,105222,31547,19.7811734641436,47847,8913,4149,9353
"31077","Greeley","NE",2020,386120,42.4090458685532,766286,50975,254724,244989,36465,28.3733024273533,17458,2756,4571,34561
"38061","Mountrail","ND",2020,545436,42.4974484788254,758055,153520,98946,210028,52049,18.1320443935692,21324,3863,240,14139
"39143","Sandusky","OH",2020,560467,44.2514231707901,525749,7058,225744,309956,88095,14.6328296465799,13953,4016,4475,2146
"19153","Polk","IA",2020,695611,41.5689508849755,241586,417088,80943,183009,72423,13.6868476355448,23314,7814,3804,34686
"19049","Dallas","IA",2020,539844,32.9552787076682,256903,24277,270645,289724,53790,10.6764161330648,19037,1981,4197,2311
"20001","Allen","KS",2020,915642,43.4706493932754,473799,41131,184251,185231,94687,8.33783865207806,20536,5546,2439,38792
"72095","Maunabo","PR",2020,571225,35.6415745988488,377559,313799,207689,164786,73919,7.14619087637402,18652,5426,2918,11953
"17039","De Witt","IL",2020,526973,44.482568888925,874800,438094,50351,46293,48297,13.5279370192438,28935,4510,3059,43703
"05027","Columbia","AR",2020,77088,37.4904965609312,389644,25717,86958,47939,51019,19.6191021951381,44210,3876,2096,33672
"40019","Carter","OK",2020,401387,43.6837210645899,101497,195958,58668,384967,84576,15.809210583102,30647,9692,1909,5488
"21019","Boyd","KY",2020,467338,45.9492248343304,425909,269811,212355,338292,54485,29.8104379279539,34439,2674,4070,12931
"02063","Chugach","AK",2020,583921,30.2753308741376,631320,488124,240808,92259,86155,18.9376191655174,6109,6120,2278,26166
"39119","Muskingum","OH",2020,21327,48.5687900986522,554033,11491,101388,329434,57513,29.9713316443376,39489,5443,1834,28364
"40153","Woodward","OK",2020,177643,49.8849917668849,331079,146653,227379,245211,64186,21.8951005733106,46601,198,3960,15314
"46061","Hanson","SD",2020,747312,44.348348332569,28569,255482,145719,118001,57236,17.3029136273544,25099,1503,409,41092
"46045","Edmunds","SD",2020,532764,34.3966108886525,55107,72436,259315,375817,71648,7.98511133878492,3114,53,2041,29735
"20197","Wabaunsee","KS",2020,57304,36.0693805385381,710843,184500,5336,270344,45641,29.4366251688916,22941,3321,4989,47935
"21211","Shelby","KY",2020,461432,35.5393642326817,586614,412383,169431,302389,48897,15.1038761611562,7897,9746,2900,8415
"27093","Meeker","MN",2020,35618,36.6307899449021,482230,30760,219227,315972,59561,24.1009361296892,5949,3076,2027,49442
"39015","Brown","OH",2020,49829,37.9306876379997,761874,406882,15506,243897,68202,8.2796190935187,46390,1399,969,22526
"17103","Lee","IL",2020,391514,45.2673945808783,11877,43103,38138,257814,41044,19.0578518272378,45982,7710,1758,38384
