"GEOID","county_name","traffic_fatality_rate_per_100k"
"01069","Houston",9.04196374960719
"01023","Choctaw",5.78723847300716
"01005","Barbour",10.1046542661346
"01107","Pickens",6.7308582155237
"01033","Colbert",9.99194701474467
"04012","La Paz",9.30636230120068
"04001","Apache",7.31409614862704
"05081","Little River",9.38234121907952
"05121","Randolph",10.6025792791421
"06037","Los Angeles",6.54415943712798
"06097","Sonoma",11.3509107546446
"06001","Alameda",11.9419680079685
"06045","Mendocino",9.15808358963158
"06015","Del Norte",8.40945437471922
"08077","Mesa",8.74483980393812
"08083","Montezuma",6.81439814504711
"08067","La Plata",9.75343200031505
"06055","Napa",8.00579303128412
"10005","Sussex",10.1249251200931
"12086","Miami-Dade",8.94374822983808
"12071","Lee",6.13478276730423
"12037","Franklin",6.32395827701829
"12033","Escambia",9.07195922578308
"17031","Cook",11.1900614656578
"17017","Cass",7.81761532261056
"17109","McDonough",10.5294474720745
"13245","Richmond",6.86662096043848
"17041","Douglas",7.14995454642432
"13103","Effingham",6.56106536881664
"16027","Canyon",8.73106037904959
"26103","Marquette",7.67631149715203
"18061","Harrison",6.41825910808009
"19177","Van Buren",7.61706426414136
"19045","Clinton",7.99827189954647
"19163","Scott",8.53272228958147
"18161","Union",10.232273196537
"26107","Mecosta",9.35697241999116
"26063","Huron",7.9568297274549
"36067","Onondaga",10.2850055037843
"20175","Seward",8.3882337984108
"36071","Orange",8.10358119627393
"08031","Denver",7.95961747016951
"36017","Chenango",8.85346570609636
"21101","Henderson",9.08494676162996
"21195","Pike",7.91581298454396
"08019","Clear Creek",6.32693836938096
"08055","Huerfano",9.29185950737131
"21093","Hardin",7.54704619727998
"21127","Lawrence",8.9169850804453
"26099","Macomb",10.1683070126318
"21135","Lewis",9.29052852063572
"22051","Jefferson",8.02291753297282
"22111","Union",7.90279963129314
"22067","Morehouse",8.23414375979151
"08091","Ouray",9.76957211187786
"23013","Knox",9.49979570867563
"23015","Lincoln",9.52810327650923
"02170","Matanuska-Susitna",6.67064603457199
"02290","Yukon-Koyukuk",11.0829527185164
"24005","Baltimore",6.73919676164575
"24047","Worcester",12.5772705213666
"24031","Montgomery",7.79844229535125
"01051","Elmore",8.86974374947049
"01009","Blount",4.74651724996398
"25001","Barnstable",7.78778250318241
"25013","Hampden",11.7278499500529
"26041","Delta",7.44283060043494
"01025","Clarke",12.483237991025
"01055","Etowah",10.7891158344371
"26013","Baraga",5.08227055797701
"01115","St. Clair",7.90675756485672
"01065","Hale",8.5870889912323
"27137","St. Louis",7.65824700341769
"27107","Norman",8.82463661570797
"27173","Yellow Medicine",6.4475684874668
"28087","Lowndes",9.43449992228624
"29031","Cape Girardeau",9.03398501643118
"29201","Scott",8.19213225149721
"29081","Harrison",9.21843574659395
"30031","Gallatin",11.4401011818415
"30071","Phillips",8.56250835458779
"30085","Roosevelt",7.51728020725781
"30089","Sanders",8.84503283024518
"31103","Keya Paha",4.3250406889859
"34011","Cumberland",8.60131128734227
"34041","Warren",7.35282226287944
"34005","Burlington",8.94274236571264
"34023","Middlesex",10.2482244909894
"35041","Roosevelt",9.80620135508677
"37031","Carteret",7.65712285249562
"37165","Scotland",8.0286642455062
"37009","Ashe",8.72404665360072
"37075","Graham",8.62530435590827
"38105","Williams",7.76626851592597
"38085","Sioux",10.0179507211873
"39123","Ottawa",11.7390883616521
"39125","Paulding",8.70994873975589
"39035","Cuyahoga",9.73612536006624
"40095","Marshall",7.38779319881879
"40013","Bryan",8.15126746136428
"40023","Choctaw",9.67406847187153
"41033","Josephine",8.53548357640801
"41045","Malheur",8.15221245082181
"41001","Baker",6.76084471028404
"41021","Gilliam",7.09070226316143
"42045","Delaware",6.92745274959615
"42049","Erie",10.033335199419
"42059","Greene",11.8335823288509
"45053","Jasper",9.13339534733817
"45043","Georgetown",8.19216448951245
"45091","York",8.90509780982861
"45057","Lancaster",10.2098414673363
"46009","Bon Homme",6.50897561857818
"47065","Hamilton",9.44854031489876
"47163","Sullivan",8.97662690416159
"47009","Blount",5.18091235080228
"47019","Carter",9.93265433167102
"48273","Kleberg",9.96794740642767
"48391","Refugio",8.39103422399671
"48201","Harris",6.88813771618993
"48443","Terrell",6.48171118143925
"48229","Hudspeth",7.59329160447719
"48205","Hartley",10.9041470147154
"48351","Newton",10.2300109377941
"54107","Wood",5.38249678938665
"49037","San Juan",9.33217451227704
"49033","Rich",8.50988363251065
"50027","Windsor",8.26993146731845
"51119","Middlesex",9.03853016944018
"51131","Northampton",6.01761418233348
"51117","Mecklenburg",9.49423317373774
"51133","Northumberland",12.1606584383119
"51051","Dickenson",12.1762455398978
"51107","Loudoun",6.21080121254857
"51181","Surry",9.29258332679758
"53027","Grays Harbor",8.43852665837635
"53053","Pierce",9.24192286883325
"53047","Okanogan",9.53422163916322
"53071","Walla Walla",10.9026328885675
"02066","Copper River",8.51357227613122
"54031","Hardy",7.19816757424408
"54023","Grant",9.46769639159611
"55121","Trempealeau",7.25578082313185
"55037","Florence",8.75502823115196
"02100","Haines",5.03553289694473
"56045","Weston",6.50169720629881
"05013","Calhoun",7.81199340655762
"05061","Howard",10.2483695448727
"05099","Nevada",10.0356466421148
"05103","Ouachita",11.585477203295
"06063","Plumas",6.9981330480298
"06101","Sutter",7.13429996383042
"06021","Glenn",7.87256648864163
"08015","Chaffee",6.25039338996196
"08065","Lake",10.3302540194439
"08027","Custer",8.04391157876707
"12097","Osceola",7.68025973620439
"12119","Sumter",10.2111275004402
"12107","Putnam",8.69538775003277
"13219","Oconee",8.77060734846354
"13135","Gwinnett",6.57514542775256
"13009","Baldwin",8.76568456809305
"13001","Appling",6.55400217126396
"13271","Telfair",10.8328185209465
"13217","Newton",5.19730178034515
"13163","Jefferson",9.00334218615125
"13267","Tattnall",9.3367271796852
"13317","Wilkes",9.12972475519307
"13319","Wilkinson",11.2458679379506
"13237","Putnam",8.63976679331112
"13079","Crawford",8.85239717224362
"16013","Blaine",8.26450926885449
"16023","Butte",7.42489072685738
"16025","Camas",10.3104835353112
"17065","Hamilton",10.7646972881531
"18055","Greene",9.37075199344281
"18051","Gibson",6.2647763343284
"18027","Daviess",6.58478844965167
"19039","Clarke",7.39217453551515
"19001","Adair",10.9585898792031
"20027","Clay",7.59628403299641
"20171","Scott",7.74468959983794
"20047","Edwards",10.953212195033
"21115","Johnson",7.96212182667077
"21175","Morgan",7.33171630392705
"21095","Harlan",11.4509147569433
"21187","Owen",5.21857429149412
"21097","Harrison",5.32886942516452
"21197","Powell",11.4328291299949
"21069","Fleming",10.4493331723839
"21063","Elliott",8.34053975240304
"21079","Garrard",8.91799580624078
"22069","Natchitoches",9.67635249192948
"22081","Red River",7.9059593130771
"22001","Acadia",9.82609535894104
"23007","Franklin",8.46284398769358
"25015","Hampshire",6.88617003700517
"26095","Luce",8.89731970347741
"27097","Morrison",12.2266137475421
"27023","Chippewa",9.51638386529502
"27139","Scott",8.49248735973069
"27087","Mahnomen",6.31194103126415
"28121","Rankin",8.74707976497672
"28083","Leflore",11.759230939454
"29113","Lincoln",7.98710886089039
"29167","Polk",5.80766341320085
"29207","Stoddard",5.47878705233586
"30013","Cascade",9.23535576126556
"30093","Silver Bow",6.81046271913311
"30055","McCone",6.11676496616132
"30059","Meagher",9.47481902608551
"30033","Garfield",11.2729987394646
"31071","Garfield",8.89083637429337
"31115","Loup",10.4907075538356
"31075","Grant",9.3944223527359
"36053","Madison",9.00085938539766
"36077","Otsego",10.0188882659893
"36051","Livingston",11.4565615563092
"37147","Pitt",5.59931878141057
"37085","Harnett",6.95092396775378
"37079","Greene",6.25789854431842
"37125","Moore",7.70654918526439
"37023","Burke",6.95383024303225
"37021","Buncombe",8.31784087606469
"37093","Hoke",10.2849875175295
"38073","Ransom",10.1068613060843
"38007","Billings",7.98159092790092
"39101","Marion",8.22193527531387
"40027","Cleveland",9.27123505487135
"42071","Lancaster",7.72222449480348
"42043","Dauphin",9.06272612893476
"42067","Juniata",10.5332847657666
"42027","Centre",9.58176946603332
"42035","Clinton",11.3806007329358
"42063","Indiana",9.10777995170547
"42099","Perry",8.48261933484139
"45077","Pickens",10.4375315504611
"45041","Florence",6.60006578401563
"45087","Union",9.93412134005855
"46103","Pennington",7.25902406905203
"46095","Mellette",8.10804535253846
"47035","Cumberland",5.38468318303315
"47021","Cheatham",6.61974485118761
"47005","Benton",6.57453282890816
"47041","DeKalb",8.8261466965466
"47129","Morgan",6.50327072881146
"47185","White",10.123608805642
"47151","Scott",10.3012757135163
"47107","McMinn",9.12460904545718
"47117","Marshall",7.20354042034976
"47003","Bedford",10.2575253648746
"48373","Polk",10.1209096117982
"48139","Ellis",8.61451065778248
"48491","Williamson",10.3052036892254
"48213","Henderson",8.70643069414602
"48005","Angelina",10.2170280885476
"48441","Taylor",8.42037486567179
"48199","Hardin",10.2237173336727
"48055","Caldwell",12.2136119702281
"48063","Camp",9.47890260046829
"48395","Robertson",7.3600315071929
"48223","Hopkins",8.50829182452439
"48225","Houston",9.57216850671537
"48341","Moore",6.82913070348607
"48461","Upton",7.90833714030951
"48387","Red River",9.99706772590566
"48383","Reagan",8.31659246254733
"48313","Madison",7.6340882233533
"49051","Wasatch",9.88755508092826
"49057","Weber",9.01088148588607
"49035","Salt Lake",9.94342791682238
"51101","King William",7.50695620369954
"51085","Hanover",8.66558330405169
"51003","Albemarle",8.84154874423544
"51019","Bedford",9.12841214531516
"51067","Franklin",8.8016681768522
"51015","Augusta",8.38076768667716
"51113","Madison",7.93941518359966
"51053","Dinwiddie",7.33770026926436
"51121","Montgomery",9.9349612780849
"51081","Greensville",8.03951561848939
"53005","Benton",6.84755958497566
"54085","Ritchie",9.11565438663179
"54033","Harrison",9.97115502055426
"54017","Doddridge",10.7216192363235
"54043","Lincoln",4.39867630268723
"54001","Barbour",10.0081642976182
"54007","Braxton",8.28354220015199
"55111","Sauk",10.0761965297635
"55107","Rusk",9.39833280727277
"60020","Manu'a",9.60055513927703
"69110","Saipan",6.40820720375714
"72097","Mayagüez",9.4832643279615
"72031","Carolina",9.60671132897068
"72113","Ponce",9.21905054812836
"72039","Ciales",9.29663406281121
"72047","Corozal",10.0346203737083
"72037","Ceiba",8.68736859006665
"72067","Hormigueros",6.2356348396891
"21237","Wolfe",8.36842965337236
"48243","Jeff Davis",8.37418665236234
"10003","New Castle",9.2175815081531
"06005","Amador",12.3592711334836
"06089","Shasta",8.79105998065927
"04013","Maricopa",7.00170502791241
"12127","Volusia",4.77798072332908
"12101","Pasco",9.2575302701975
"12123","Taylor",8.32660234156662
"12017","Citrus",7.11249279804226
"12131","Walton",7.68027414925454
"12031","Duval",8.94942497641919
"12053","Hernando",7.44990451684373
"12065","Jefferson",7.7581813135256
"12039","Gadsden",8.76952180447254
"17043","DuPage",9.36569212524315
"17161","Rock Island",9.48447056565419
"13215","Muscogee",6.73219352851633
"13039","Camden",8.1955512152746
"13127","Glynn",3.34396747711982
"13049","Charlton",8.70199602142035
"13241","Rabun",7.54082137905626
"01089","Madison",7.80144211523973
"01071","Jackson",12.727993291091
"05007","Benton",9.60552732103584
"04015","Mohave",8.46857616466257
"04005","Coconino",9.67917241027148
"05073","Lafayette",7.48766280340015
"05133","Sevier",7.41831884187481
"05021","Clay",8.98425336164558
"05107","Phillips",7.91110184075541
"05093","Mississippi",5.11094442972511
"05015","Carroll",9.40778973014356
"06083","Santa Barbara",9.76912233735029
"06111","Ventura",8.74762836065581
"06025","Imperial",6.21758903948388
"06065","Riverside",6.98768708447364
"06051","Mono",8.4479409490691
"06023","Humboldt",6.23991303921607
"06093","Siskiyou",7.44429735138334
"08071","Las Animas",11.7874328747159
"08123","Weld",6.4922917700807
"08069","Larimer",8.84993163458283
"09110","Capitol",4.79675824196236
"38067","Pembina",8.85196827986372
"37007","Anson",7.26555386270182
"38053","McKenzie",8.34228167557148
"39095","Lucas",6.9017612852884
"39171","Williams",10.8847325073044
"41015","Curry",9.8915753171665
"41039","Lane",10.4450863063761
"41025","Harney",9.70581845726987
"42051","Fayette",8.79834741264832
"42055","Franklin",9.78247401668757
"44007","Providence",8.36982584343942
"45003","Aiken",6.86433846753495
"13251","Screven",9.12061255114357
"12095","Orange",10.2345938134443
"16033","Clark",9.3864379661303
"16049","Idaho",6.56171432705249
"16069","Nez Perce",6.70916890063298
"16059","Lemhi",9.13454030186694
"17125","Mason",5.69963559488229
"16021","Boundary",9.24673574769039
"17087","Johnson",7.94170313099969
"18129","Posey",7.16872670037374
"19111","Lee",7.46182304126744
"26073","Isabella",8.69859335490024
"26115","Monroe",12.3566399582489
"19051","Davis",7.79124700236745
"19149","Plymouth",11.3787081652641
"19063","Emmet",8.48900750427133
"18081","Johnson",10.8143715487077
"20147","Phillips",7.38915544177844
"36025","Delaware",7.91975885067916
"36061","New York",8.72136176724871
"36065","Oneida",7.28842292700683
"08059","Jefferson",7.96496921384805
"08037","Eagle",6.17145709060763
"40147","Washington",9.99693725641871
"21027","Breckinridge",10.3351503438734
"40075","Kiowa",9.11827741852673
"40113","Osage",9.40485955304648
"08117","Summit",9.4480573241328
"36115","Washington",7.86714441491674
"36009","Cattaraugus",8.34668975098869
"21221","Trigg",13.7973142851068
"22075","Plaquemines",9.52400904723615
"08093","Park",11.4735235072915
"08051","Gunnison",5.57538659885072
"22113","Vermilion",8.3052806231572
"22101","St. Mary",6.25965408056185
"08107","Routt",8.80946968139953
"22017","Caddo",8.86347825674219
"08029","Delta",9.35912623562789
"22123","West Carroll",9.77157914851574
"22115","Vernon",7.11456334508419
"23031","York",6.15778852524874
"22091","St. Helena",9.20477144024051
"23003","Aroostook",11.0036447363523
"02090","Fairbanks North Star",8.43469228392131
"02050","Bethel",10.6539691521428
"02240","Southeast Fairbanks",8.75860921508862
"23017","Oxford",7.62708741898451
"24037","St. Mary's",7.88229794861722
"24017","Charles",8.16295341284297
"02188","Northwest Arctic",9.20915548465032
"24021","Frederick",8.01058778854344
"24043","Washington",7.73655159918708
"01043","Cullman",8.69794323195744
"01001","Autauga",7.73971688028122
"01121","Talladega",5.67523057999483
"25025","Suffolk",7.71401622543857
"25005","Bristol",10.136844497861
"01131","Wilcox",7.45377517046333
"01091","Marengo",7.37037654219124
"27027","Clay",9.79532932945341
"27017","Carlton",9.88460093420319
"27119","Polk",9.13243813590792
"01041","Crenshaw",9.9051790356476
"01085","Lowndes",7.6738424777149
"01063","Greene",10.2485709750513
"28149","Warren",7.27820192222135
"28153","Wayne",10.7608582424802
"29143","New Madrid",10.8595222583091
"29095","Jackson",7.17559389101756
"29183","St. Charles",7.87911273546828
"29197","Schuyler",8.13640775192067
"29023","Butler",10.6886887287881
"29157","Perry",5.95065899418585
"30003","Big Horn",9.6559634647093
"30053","Lincoln",6.73747371594759
"30051","Liberty",7.7772155832298
"30005","Blaine",6.96090429479243
"30083","Richland",7.53338444990187
"30001","Beaverhead",7.2025487285412
"30009","Carbon",9.85090270094175
"32017","Lincoln",7.6786827968115
"32033","White Pine",9.03429225717612
"33017","Strafford",8.3423695807465
"34009","Cape May",8.46374289653778
"34015","Gloucester",7.08075040934826
"34003","Bergen",7.02506116673247
"34019","Hunterdon",8.06096237436651
"35017","Grant",7.19276600514335
"35045","San Juan",6.51628119743939
"35039","Rio Arriba",10.0039967687894
"35007","Colfax",7.64991609110242
"36045","Jefferson",11.339915470134
"36019","Clinton",8.9510513016597
"36031","Essex",6.12239372343886
"37095","Hyde",9.58651527616365
"37055","Dare",7.90115701006687
"37129","New Hanover",12.1898614050099
"37119","Mecklenburg",5.33427381153194
"37137","Pamlico",8.36259899308828
"37089","Henderson",11.5406085543869
"37115","Madison",10.0158870386288
"37155","Robeson",6.87161866088363
"38017","Cass",7.83067435371437
"13185","Lowndes",8.79443899168941
"13171","Lamar",9.41957138795892
"13133","Greene",10.7643932101076
"13183","Long",8.85369748586893
"13019","Berrien",8.77862256724189
"13263","Talbot",7.40863959972363
"13191","McIntosh",8.32404452997534
"13205","Mitchell",7.90399556845593
"13141","Hancock",5.37765017959143
"13283","Treutlen",8.23987772837562
"13265","Taliaferro",9.36892079544764
"15003","Honolulu",9.17189861551785
"15001","Hawaii",9.12924981294477
"16063","Lincoln",9.32436316397445
"16037","Custer",9.200048490649
"16039","Elmore",9.33671046078305
"16003","Adams",10.3683025044735
"16029","Caribou",10.0990986584078
"17047","Edwards",5.93109790377179
"18049","Fulton",8.99030895369546
"18175","Washington",5.57170021418103
"18013","Brown",9.95103723902357
"18009","Blackford",7.95110702801958
"19105","Jones",6.59621994245285
"19077","Guthrie",7.53507204526262
"20149","Pottawatomie",9.42085249510855
"20055","Finney",9.05786274423307
"20167","Russell",7.46454040970366
"20135","Ness",9.33452506164258
"20093","Kearny",9.33258093582513
"21029","Bullitt",12.0979324269663
"21067","Fayette",7.56203412085341
"21209","Scott",8.76259726849404
"21031","Butler",8.47109353394433
"21025","Breathitt",10.0437645548896
"21181","Nicholas",11.6976132680309
"21155","Marion",9.59283275027481
"21085","Grayson",10.9077519718245
"21177","Muhlenberg",7.17028001327503
"45069","Marlboro",6.42746189283634
"45007","Anderson",9.80216964808092
"45083","Spartanburg",8.10370009922462
"46127","Union",6.59497728399127
"46013","Brown",8.63234628733034
"47079","Henry",11.0121693111833
"47029","Cocke",8.52296837846455
"47155","Sevier",7.34978749629714
"47167","Tipton",9.26338619850067
"47147","Robertson",9.386271599549
"48167","Galveston",8.69169902353319
"48261","Kenedy",7.51077541043932
"48479","Webb",8.76646295632368
"48409","San Patricio",6.72146992899902
"48141","El Paso",9.27976147170209
"48321","Matagorda",10.2622891138507
"48245","Jefferson",7.60051771061585
"49025","Kane",7.05729638607986
"51141","Patrick",6.69030841093934
"49005","Cache",7.8192493913556
"49043","Summit",7.2831434198269
"49047","Uintah",5.99149829985976
"49023","Juab",9.71459606183154
"50009","Essex",10.7007387310914
"51001","Accomack",6.78139414017703
"51095","James City",9.34119077441757
"51093","Isle of Wight",10.4754802216833
"51153","Prince William",8.76365213546394
"51057","Essex",9.57962576462716
"51105","Lee",9.38090150153652
"51195","Wise",7.77112534435829
"51191","Washington",8.3446877357165
"51083","Halifax",6.59507323851257
"51059","Fairfax",5.41624659562149
"51171","Shenandoah",11.1959190769127
"53073","Whatcom",11.2053947750581
"53067","Thurston",8.59351958116072
"53033","King",8.98918296056304
"53075","Whitman",9.48031182892947
"53031","Jefferson",10.0618947676393
"53065","Stevens",8.50334464738806
"54063","Monroe",9.27434554601599
"54073","Pleasants",7.66862242335439
"54095","Tyler",8.20277442026958
"54047","McDowell",5.8899314015968
"54025","Greenbrier",8.28038367837989
"54027","Hampshire",8.21962847404259
"54071","Pendleton",9.10896789986603
"55003","Ashland",11.0228304548944
"55011","Buffalo",9.68507651987065
"04007","Gila",6.04547453584575
"05023","Cleburne",9.66028451917572
"05069","Jefferson",6.95523702971931
"05029","Conway",11.4204660771736
"05117","Prairie",9.05210174874325
"05057","Hempstead",8.21820696237812
"05067","Jackson",10.840196404863
"05039","Dallas",7.75680019609736
"06039","Madera",6.0009451891077
"06047","Merced",7.68706594576114
"06103","Tehama",8.82070120416608
"06115","Yuba",6.57002022518758
"06043","Mariposa",9.92047776002351
"08053","Hinsdale",6.37566422317621
"08033","Dolores",6.42911616214975
"12001","Alachua",8.598131084353
"12073","Leon",10.242913645716
"12093","Okeechobee",5.69995781012498
"12013","Calhoun",7.93627014450602
"12007","Bradford",8.70835692251134
"12023","Columbia",8.3036962425519
"13089","DeKalb",7.1366935365451
"13139","Hall",5.92671093316835
"13153","Houston",8.93345107499395
"13137","Habersham",7.2004398650165
"13157","Jackson",5.9696341665291
"13279","Toombs",8.08741561594017
"13013","Barrow",8.83846367322732
"13269","Taylor",11.2702394643782
"13113","Fayette",11.2640864727153
"48455","Trinity",10.2911087127285
"48015","Austin",9.33707030850982
"48035","Bosque",7.93334562467207
"48001","Anderson",8.84879948001937
"48119","Delta",7.93120107285517
"48469","Victoria",8.67335001532684
"48411","San Saba",8.0797825052725
"48459","Upshur",7.05284811326252
"48083","Coleman",9.72312682874525
"48153","Floyd",8.81285772782782
"48471","Walker",11.6805037142926
"48477","Washington",7.0155352094021
"48335","Mitchell",7.41362062692677
"48343","Morris",10.0884990267197
"48263","Kent",7.21086201296502
"48011","Armstrong",8.48282980975881
"21153","Magoffin",8.45829911947719
"21121","Knox",9.12990598071393
"21017","Bourbon",9.09497801044617
"21205","Rowan",9.82985387065932
"21051","Clay",9.50261787134872
"21043","Carter",14.1787032188918
"21123","Larue",9.14322865986489
"22103","St. Tammany",7.74350953140286
"22009","Avoyelles",6.55475538100428
"22073","Ouachita",11.2571361077403
"22127","Winn",8.92320959430752
"22097","St. Landry",6.35560973141866
"22025","Catahoula",8.58963222641385
"22077","Pointe Coupee",10.0632317566418
"22041","Franklin",7.09760236559233
"24027","Howard",5.98683352374137
"27053","Hennepin",7.77837280816063
"27013","Blue Earth",10.9330252752848
"27039","Dodge",8.80333265685875
"28029","Copiah",7.98335554421794
"28089","Madison",8.37918130688969
"28081","Lee",8.43775052910872
"28051","Holmes",8.58162168187276
"28073","Lamar",10.2174366728566
"29057","Dade",7.75863169116481
"29205","Shelby",5.22845151436026
"30063","Missoula",13.0649262224778
"30043","Jefferson",5.6081307558473
"30099","Teton",7.88791477971474
"30049","Lewis and Clark",6.11810500380229
"30087","Rosebud",7.15077681602509
"30027","Fergus",10.3815214840519
"30045","Judith Basin",9.28973521949218
"30023","Deer Lodge",7.7480682350293
"31167","Stanton",9.01445540218085
"31101","Keith",7.40119783167681
"32011","Eureka",3.51368755638896
"32015","Lander",8.71091428385082
"34027","Morris",11.0913597077664
"35033","Mora",7.22928811997023
"35011","De Baca",6.06877601652606
"36091","Saratoga",8.286374633092
"37015","Bertie",5.48087382074366
"37027","Caldwell",8.41611563932958
"37111","McDowell",8.54616602311025
"37153","Richmond",6.79831217403636
"37123","Montgomery",6.34165404562345
"37083","Halifax",9.25698941395556
"37059","Davie",10.2903424493224
"37199","Yancey",11.7965238174108
"38005","Benson",8.7219931953329
"38003","Barnes",9.39522565281297
"38059","Morton",8.48750397979353
"38037","Grant",6.60596577506193
"39147","Seneca",9.8464363413628
"39059","Guernsey",10.3190746973831
"40073","Kingfisher",7.75681421137679
"41005","Clackamas",9.46834718935023
"41047","Marion",8.43120818268184
"41031","Jefferson",8.03988468809689
"42031","Clarion",9.93889763256414
"42061","Huntingdon",8.56940240321222
"45085","Sumter",9.38519839967041
"45031","Darlington",6.54986391478219
"45035","Dorchester",9.54320813855445
"45015","Berkeley",10.9770087063683
"45025","Chesterfield",7.84105735776519
"45075","Orangeburg",9.25703298072096
"45055","Kershaw",10.8793341781324
"45059","Laurens",8.5800392200035
"45017","Calhoun",8.35556449190988
"45009","Bamberg",7.21960838366839
"46003","Aurora",9.50215682235804
"47045","Dyer",8.64909621899544
"47093","Knox",9.67374363744439
"47189","Wilson",5.93173184841179
"47143","Rhea",6.20238141403879
"47053","Gibson",9.94161029034564
"47085","Humphreys",8.95809421482921
"47159","Smith",6.39531029161371
"47049","Fentress",7.57808745190291
"47145","Roane",7.78751925984466
"47105","Loudon",8.74397553622464
"47055","Giles",7.83571028406764
"47119","Maury",9.03311662635682
"47121","Meigs",10.5532279806361
"47135","Perry",9.12162424356546
"47127","Moore",7.2700406514022
"48091","Comal",9.91275362947699
"48453","Travis",8.5471474452306
"48475","Ward",8.49458216198962
"48161","Freestone",8.9936591117425
"48073","Cherokee",11.5954234193566
"48293","Limestone",7.72832434702602
"48499","Wood",5.22347485344415
"48333","Mills",9.19421603297989
"48317","Martin",7.20181555850191
"23025","Somerset",7.78214797454335
"24033","Prince George's",7.73845470195345
"24015","Cecil",6.06368398202892
"01101","Montgomery",6.86753409569971
"01095","Marshall",7.73601028282848
"25017","Middlesex",10.3000920895322
"25027","Worcester",4.51759696146008
"26083","Keweenaw",8.36865129608196
"01109","Pike",3.70761692057778
"27167","Wilkin",7.36421577451443
"27073","Lac qui Parle",10.0719473383818
"27089","Marshall",7.3572914443189
"28055","Issaquena",9.1384509407875
"28021","Claiborne",7.42878756402203
"29013","Bates",9.72461811541021
"29087","Holt",7.35173834302111
"30081","Ravalli",8.20832870973011
"31095","Jefferson",8.17254199553758
"32003","Clark",7.4519363446378
"33007","Coos",10.0633125594317
"34033","Salem",8.27976994979003
"34021","Mercer",6.1498400921892
"35055","Taos",9.02082789547404
"36013","Chautauqua",8.83921252027403
"37019","Brunswick",6.78725806676739
"37113","Macon",4.85678844478885
"37013","Beaufort",9.3814947953165
"37139","Pasquotank",5.14235134938281
"37173","Swain",10.3679963357841
"38099","Walsh",5.60425452272889
"39167","Washington",1.57541224150685
"39061","Hamilton",7.47059952580587
"40065","Jackson",8.40751294404431
"40079","Le Flore",9.46728368415301
"40135","Sequoyah",10.5655765812334
"41035","Klamath",7.58010224081228
"42133","York",8.52071599184156
"42095","Northampton",8.5873877710907
"42127","Wayne",8.05928783835665
"45019","Charleston",9.72011224647893
"45021","Cherokee",11.0795871302411
"46023","Charles Mix",6.58929078955476
"47157","Shelby",10.0450230490245
"47025","Claiborne",7.1788431906844
"48071","Chambers",8.72101153996891
"48323","Maverick",7.57052664086279
"48203","Harrison",6.73376853806677
"48037","Bowie",6.76607881718028
"48277","Lamar",9.02201421621977
"48359","Oldham",7.43954063841166
"48315","Marion",8.07843701943461
"49019","Grand",10.2287520762126
"49045","Tooele",10.8558150081819
"51099","King George",10.7789972215969
"51027","Buchanan",8.36856182315504
"53055","San Juan",6.58733106461531
"53011","Clark",10.571158640778
"53045","Mason",8.43225061731767
"53019","Ferry",8.85798975369399
"54037","Jefferson",7.41632696952199
"55051","Iron",7.52469678096666
"55007","Bayfield",7.25226919223931
"56029","Park",9.70316615408064
"78030","St. Thomas",10.4279154790307
"04025","Yavapai",11.0897032553441
"49029","Morgan",11.3244531584842
"49011","Davis",12.8279790415845
"51031","Campbell",8.13451526251066
"51075","Goochland",8.18510139036117
"51033","Caroline",8.71027744868194
"51155","Pulaski",7.78387467964901
"51161","Roanoke",8.39858603732877
"51149","Prince George",7.80919146806883
"51147","Prince Edward",9.51473364645646
"51157","Rappahannock",9.25387205825421
"51029","Buckingham",8.48136746725806
"51660","Harrisonburg",7.81714862990037
"51007","Amelia",9.95247609808481
"51097","King and Queen",9.52398214930337
"53077","Yakima",7.8671416431041
"53017","Douglas",5.47767147754097
"53041","Lewis",8.92498238271012
"53043","Lincoln",7.5176343183811
"54021","Gilmer",10.000332283189
"54045","Logan",8.82261218437651
"54081","Raleigh",7.5037093981342
"54093","Tucker",7.30640037910252
"55133","Waukesha",9.31921327573947
"31091","Hooker",6.08141910335526
"01003","Baldwin",10.9847729952056
"01129","Washington",12.6771155718172
"02122","Kenai Peninsula",5.55550423503924
"05139","Union",7.03439555169895
"06073","San Diego",6.23188879192162
"06081","San Mateo",6.86648855642946
"06091","Sierra",8.35526438549646
"06017","El Dorado",5.67444761521569
"06007","Butte",8.25383509355875
"09170","South Central Connecticut",8.214519827564
"06109","Tuolumne",9.54455619478968
"04021","Pinal",8.36569809883283
"12075","Levy",8.7112717471377
"12045","Gulf",7.79165502008856
"16087","Washington",6.75207019344217
"13073","Columbia",7.17223238485973
"13313","Whitfield",9.57174567609898
"13143","Haralson",9.02115637546195
"16073","Owyhee",7.24971356131362
"16043","Fremont",6.15995798658769
"17003","Alexander",8.38890027039544
"18047","Franklin",8.82587101524946
"26089","Leelanau",5.54119132089365
"18147","Spencer",8.08340707015659
"18183","Whitley",9.32034578822895
"08109","Saguache",7.9186302122024
"26121","Muskegon",7.4391775131903
"21133","Letcher",7.24166113631746
"40125","Pottawatomie",8.46505665212778
"08043","Fremont",8.24153073595429
"26047","Emmet",10.6673571413337
"08013","Boulder",11.1633246086512
"08049","Grand",9.68150274923214
"22045","Iberia",7.30835748301222
"22107","Tensas",11.6354686369311
"22019","Calcasieu",6.9945042830898
"22125","West Feliciana",8.59016033188512
"02158","Kusilvak",10.7266207317136
"42029","Chester",4.63298097960705
"45029","Colleton",8.06408004953895
"16007","Bear Lake",7.562041205973
"17185","Wabash",6.66743539577983
"17129","Menard",6.5393489044929
"26163","Wayne",7.49611864269124
"18083","Knox",9.62150900682907
"19195","Worth",8.50343839090795
"18073","Jasper",7.6058372462217
"36047","Kings",9.55733399372641
"26055","Grand Traverse",7.53131953600441
"40087","McClain",7.79920343337776
"36043","Herkimer",7.12208842094484
"21059","Daviess",8.7680069476614
"26053","Gogebic",8.596496767677
"05041","Desha",3.42324997392468
"06011","Colusa",8.451002520155
"12083","Marion",11.0233474623802
"12049","Hardee",8.86726743627383
"12125","Union",8.67739082877627
"13311","White",10.4693944020878
"13151","Henry",7.2491024200302
"13105","Elbert",8.82993327679849
"13303","Washington",6.73497984115966
"13149","Heard",10.8911301960206
"13229","Pierce",8.33851362763995
"16041","Franklin",11.0727153350501
"17175","Stark",8.95617239342316
"18041","Fayette",8.42944809456758
"19127","Marshall",6.92941805255637
"19021","Buena Vista",7.74357329000538
"20161","Riley",8.84247079149832
"21151","Madison",8.96172216788739
"21013","Bell",7.96622709541616
"21125","Laurel",8.15417317651379
"21183","Ohio",8.44915292136091
"21055","Crittenden",9.47223198534451
"21231","Wayne",9.0745973751308
"21131","Leslie",11.1338021035175
"21189","Owsley",10.1401484753774
"22071","Orleans",8.96390895071213
"22099","St. Martin",10.0964151071681
"22039","Evangeline",7.61886955568492
"23021","Piscataquis",6.0855306027639
"26135","Oscoda",10.8998610856654
"27015","Brown",8.75698110500198
"27145","Stearns",8.56475992624387
"28111","Perry",6.01392240245558
"29041","Chariton",9.11829478346625
"29027","Callaway",8.93393709540022
"29075","Gentry",11.1518557610277
"29029","Camden",9.75429625133952
"30007","Broadwater",9.49335751449407
"30025","Fallon",6.27681765388316
"31171","Thomas",9.16767853683418
"34035","Somerset",11.320566753822
"37101","Johnston",7.78566805129592
"37099","Jackson",9.99753281164457
"38083","Sheridan",6.76176234377395
"40145","Wagoner",7.53677076296356
"40133","Seminole",8.56244461385235
"41013","Crook",10.5174475066852
"41061","Union",5.81073023720247
"42091","Montgomery",10.2264288232932
"42013","Blair",9.37312839077446
"42033","Clearfield",7.28530285615717
"42113","Sullivan",7.66555843537537
"45047","Greenwood",8.31905204130815
"45067","Marion",6.69057588341013
"46137","Ziebach",6.32805419433445
"47097","Lauderdale",4.87829103717773
"47063","Hamblen",9.1884604926391
"47173","Union",9.75303461469747
"47057","Grainger",7.97121551271746
"48135","Ector",8.78982158286877
"48401","Rusk",8.63724901772033
"48103","Crane",9.94864658404187
"48115","Dawson",7.90094460022759
"48089","Colorado",8.31483155978866
"48287","Lee",9.41549127636876
"48347","Nacogdoches",7.67669638498062
"48025","Bee",7.91033024670537
"48405","San Augustine",7.4940257551825
"48319","Mason",6.70805571312974
"48173","Glasscock",7.22677713696159
"49007","Carbon",6.65025360803445
"49017","Garfield",7.58871846731389
"51041","Chesterfield",11.5361701111997
"51177","Spotsylvania",12.754901018214
"51163","Rockbridge",7.28907982624606
"51023","Botetourt",5.16581427378176
"51137","Orange",6.48955118502453
"51063","Floyd",10.1969696742532
"51125","Nelson",8.45808307397614
"53037","Kittitas",11.2383420786255
"54039","Kanawha",8.35045716161888
"54049","Marion",7.15107873144699
"54109","Wyoming",4.68527304780876
"55001","Adams",8.925440992336
"60040","Swains Island",8.969444794769
"66010","Guam",9.6257388008559
"69100","Rota",5.55688034915852
"72141","Utuado",8.36966095632878
"72003","Aguada",6.68096287122004
"72023","Cabo Rojo",9.94573639663076
"17097","Lake",6.8178066098371
"17029","Coles",8.72920455513309
"05009","Boone",7.64736375564343
"06059","Orange",6.96278935638274
"06041","Marin",9.13543833021517
"06085","Santa Clara",6.94424579532918
"06077","San Joaquin",7.01854371680139
"06019","Fresno",7.5293050018084
"09180","Southeastern Connecticut",5.99649356269642
"40089","McCurtain",7.09925838939109
"41019","Douglas",8.61566178593248
"41051","Multnomah",8.22881685393744
"42111","Somerset",11.2217862255374
"42101","Philadelphia",6.29011448412465
"30015","Chouteau",7.40974218440613
"30073","Pondera",6.88140201066763
"31155","Saunders",7.49600884566334
"31085","Hayes",11.145683594163
"36111","Ulster",9.44255939851218
"37167","Stanly",7.1164513354525
"37193","Wilkes",10.1155670477941
"37117","Martin",8.65777361349434
"38071","Ramsey",7.28527070903663
"39127","Perry",8.75742951093883
"40117","Pawnee",9.35444672078246
"41023","Grant",7.84746375292151
"41003","Benton",8.60765350486168
"45049","Hampton",7.82732758202256
"46093","Meade",7.1486482367078
"46041","Dewey",10.9391872507867
"46117","Stanley",5.92665934184692
"47059","Greene",10.4083881114316
"47031","Coffee",5.95404298669167
"47187","Williamson",10.1536825550943
"47037","Davidson",6.75546854551746
"48339","Montgomery",12.2682020241059
"48227","Howard",5.98726964842262
"48289","Leon",9.8636165541567
"48241","Jasper",8.56286419526287
"48449","Titus",6.99713930463192
"51127","New Kent",5.80474380877921
"51103","Lancaster",10.3367245943877
"51139","Page",6.73908940821609
"51017","Bath",9.91711037481514
"51036","Charles City",10.3416993030231
"53021","Franklin",10.7436490557623
"53025","Grant",7.72127894794247
"54087","Roane",9.7868656413672
"55057","Juneau",9.22479337893098
"56013","Fremont",9.80525406000162
"05003","Ashley",6.85844214435722
"06053","Monterey",4.23616982592883
"13027","Brooks",8.11699776087311
"16079","Shoshone",6.94091611092993
"17189","Washington",6.26154763089805
"18089","Lake",7.4133214264237
"26029","Charlevoix",8.87902960762628
"36081","Queens",9.61973711201229
"21007","Ballard",5.21052313362104
"21089","Greenup",8.36319785070805
"08005","Arapahoe",6.73371533506027
"24025","Harford",10.172249005242
"01117","Shelby",6.8225619249053
"25011","Franklin",9.61814244257089
"29227","Worth",7.57032181463177
"37133","Onslow",6.03294676915031
"37131","Northampton",8.12922339707243
"40141","Tillman",10.079124494955
"42125","Washington",11.604220937722
"45073","Oconee",10.784761169258
"48403","Sabine",9.10752214755304
"22105","Tangipahoa",8.83653842406029
"23027","Waldo",5.17496837920295
"02110","Juneau",4.51147041627836
"02180","Nome",6.17326642251715
"24035","Queen Anne's",14.062187752585
"02070","Dillingham",6.67510810389753
"24001","Allegany",5.94065630983922
"27031","Cook",6.48344378290641
"27075","Lake",10.7790588539668
"27077","Lake of the Woods",5.80483129650625
"28109","Pearl River",6.1283284152113
"28103","Noxubee",5.13282989251991
"29171","Putnam",8.30551936323015
"30061","Mineral",9.91322456340931
"30105","Valley",7.24435380671371
"30035","Glacier",7.44897357587187
"32031","Washoe",10.7250554944432
"33015","Rockingham",6.92027910786856
"33009","Grafton",11.0658096756195
"34001","Atlantic",4.64356729968865
"37039","Cherokee",9.97614854063335
"37177","Tyrrell",9.3810589577831
"37053","Currituck",9.87468200511483
"37029","Camden",11.4052406795278
"37161","Rutherford",8.08399702005471
"38077","Richland",10.17168809058
"38097","Traill",9.99898050534662
"13315","Wilcox",10.034350290642
"13025","Brantley",7.4145484107033
"15007","Kauai",9.30974783567257
"16031","Cassia",7.77583022113784
"19179","Wapello",8.2743580545185
"19035","Cherokee",8.66616412217513
"20081","Haskell",7.20023189932461
"21167","Mercer",4.85109775281099
"21235","Whitley",7.42807854010941
"21239","Woodford",7.36935233906779
"21217","Taylor",6.50743046557126
"21099","Hart",6.60540787792825
"47013","Campbell",10.446772782418
"47073","Hawkins",10.3773204269128
"47183","Weakley",7.89097710716075
"47123","Monroe",9.79623342312537
"48215","Hidalgo",2.90314687748601
"48057","Calhoun",6.32154277177947
"48465","Val Verde",8.45457651924403
"48419","Shelby",10.2976061234501
"51159","Richmond",9.09495842062337
"51069","Frederick",6.80704137066371
"51165","Rockingham",9.68701305901039
"53057","Skagit",9.70819614640017
"53049","Pacific",8.81251764966229
"55023","Crawford",10.8489166304028
"78020","St. John",9.49839470871288
"04009","Graham",10.3590955197325
"05011","Bradley",8.95979899141351
"05109","Pike",7.17074441485648
"05145","White",7.95648371420549
"05085","Lonoke",5.79923264999092
"05019","Clark",6.68946826532139
"12105","Polk",10.0832123469392
"12055","Highlands",8.75055781465399
"12133","Washington",6.16049633946725
"12029","Dixie",10.0175949000514
"48507","Zavala",9.99563015146217
"48349","Navarro",7.31747348598668
"48051","Burleson",7.83208017016022
"48473","Waller",10.6214556839989
"48185","Grimes",6.54195090928541
"48033","Borden",7.38368692541893
"49049","Utah",5.63680839096753
"22021","Caldwell",7.51386994814289
"22063","Livingston",8.43522336689
"22059","LaSalle",8.80250800933812
"23023","Sagadahoc",9.85522534899527
"26071","Iron",9.47315312602429
"27061","Itasca",5.96478316457757
"28049","Hinds",6.99169708083305
"28161","Yalobusha",8.90028508223268
"28163","Yazoo",7.32790638884779
"28053","Humphreys",9.81888032189792
"12009","Brevard",10.468287865493
"04027","Yuma",8.07028446221697
"05131","Sebastian",8.68663658404171
"06013","Contra Costa",9.33864189033275
"09130","Lower Connecticut River Valley",9.64974857915922
"41055","Sherman",9.6735758855174
"16083","Twin Falls",7.57337122067813
"16035","Clearwater",7.58503238192441
"26147","St. Clair",9.06890552065026
"19185","Wayne",5.96095746225996
"36103","Suffolk",7.59132170892625
"21003","Allen",9.98332620625982
"08097","Pitkin",12.6862995270777
"23005","Cumberland",9.9203149669337
"01035","Conecuh",5.44527821414705
"28143","Tunica",11.1654940938943
"29189","St. Louis",8.90093924739194
"30029","Flathead",7.43345467705138
"37043","Clay",11.1616766255935
"49003","Box Elder",9.85979295125582
"51179","Stafford",10.8120666860559
"02282","Yakutat",9.82444524871315
"12129","Wakulla",8.7928496560049
"13021","Bibb",10.8615003204638
"13029","Bryan",10.8449982033457
"16077","Power",7.58424117940528
"19031","Cedar",7.87731420960568
"21119","Knott",6.51725192094386
"22053","Jefferson Davis",10.1090757176187
"27021","Cass",6.33476524834111
"30079","Prairie",8.66371371173103
"37159","Rowan",8.45512453087379
"39021","Champaign",10.4077508216045
"45005","Allendale",8.27900473887648
"46055","Haakon",5.39733665991832
"48041","Brazos",7.83028296645324
"48053","Burnet",10.3073097690419
"48407","San Jacinto",10.7656775551277
"51111","Lunenburg",8.61008721870228
"51840","Winchester",6.99634614085351
"54067","Nicholas",7.14968727231917
"69085","Northern Islands",5.52416847956762
"72127","San Juan",5.51582406921977
"12057","Hillsborough",7.05230578365295
"12047","Hamilton",7.37791157248134
"13051","Chatham",8.11267724245852
"01049","DeKalb",9.86567179793398
"05091","Miller",8.31277348155987
"08113","San Miguel",8.17896892914087
"06033","Lake",9.88497861568933
"39161","Van Wert",7.90899584918315
"42017","Bucks",6.4589578398096
"45013","Beaufort",8.10166026100352
"36063","Niagara",8.28066529030768
"36119","Westchester",5.70056353252384
"36105","Sullivan",10.10973751418
"08001","Adams",8.18327504909489
"22029","Concordia",7.23319265165952
"22037","East Feliciana",7.7507117791584
"02195","Petersburg",8.30746981251648
"24019","Dorchester",10.9681622073556
"01073","Jefferson",7.38329049359111
"25007","Dukes",7.40789524964342
"26141","Presque Isle",7.44969172338167
"27069","Kittson",10.4154187245266
"28157","Wilkinson",7.14135649532334
"29037","Cass",7.63697411109354
"34031","Passaic",9.89252514942443
"37141","Pender",9.86649332921146
"37091","Hertford",6.38628072647843
"13305","Wayne",8.30748712397745
"13195","Madison",7.41696165351867
"13289","Twiggs",5.25588725497413
"16085","Valley",6.70337950070636
"19075","Grundy",8.40199902042648
"21179","Nelson",9.44390159880079
"47165","Sumner",8.97406874430266
"48427","Starr",7.50829735203154
"48377","Presidio",7.54758475597152
"51143","Pittsylvania",8.08672498422306
"53015","Cowlitz",11.4397427630833
"54057","Mineral",10.9085970858044
"05045","Faulkner",9.18963692370119
"05095","Monroe",5.5359043972752
"12117","Seminole",7.52381211154521
"12041","Gilchrist",10.9557401570607
"48239","Jackson",7.06624263075019
"48019","Bandera",7.89041844079374
"21005","Anderson",8.06094441550788
"22015","Bossier",10.0090903312265
"29033","Carroll",9.59077279452507
"30077","Powell",6.3921564892709
"30069","Petroleum",8.70845866895419
"37087","Haywood",8.68317274022653
"37121","Mitchell",5.08079442039527
"40101","Muskogee",10.7581064205152
"42097","Northumberland",7.75290288458284
"45061","Lee",6.66602814000267
"45027","Clarendon",7.37923896570905
"47001","Anderson",6.60009704627061
"47081","Hickman",8.47442626193137
"48381","Randall",8.12128579213654
"48481","Wharton",10.5146974519771
"51047","Culpeper",5.47567324367769
"54013","Calhoun",9.9375750611272
"54083","Randolph",11.0609617459035
"56003","Big Horn",6.84634631504942
"06079","San Luis Obispo",6.34763164811854
"06057","Nevada",8.91452507013404
"17197","Will",11.7200636848221
"17165","Saline",7.02057275164514
"26109","Menominee",9.03389324094224
"36113","Warren",6.87331265401306
"22031","De Soto",8.42575368340663
"02013","Aleutians East",12.6120618838702
"01047","Dallas",8.05863492480567
"01099","Monroe",6.53099156130105
"30057","Madison",9.7658440186005
"36075","Oswego",5.76689124736855
"40067","Jefferson",6.58315112422145
"44005","Newport",7.78394142538305
"48007","Aransas",9.107081872527
"54011","Cabell",9.50661587034331
"55075","Marinette",8.7804674096739
"05111","Poinsett",6.69848035489623
"12121","Suwannee",9.40398785357513
"13075","Cook",8.66423576602133
"16005","Bannock",5.7171335607083
"21109","Jackson",8.2358736116224
"22079","Rapides",6.64196234410436
"27129","Renville",9.85733071585104
"29211","Sullivan",6.1965505595663
"30047","Lake",7.2544530362592
"35043","Sandoval",8.11731054003426
"42023","Cameron",9.00030193254751
"47149","Rutherford",6.97184422248269
"48187","Guadalupe",7.50870007213456
"48189","Hale",8.10731931154264
"49015","Emery",7.38053229930238
"51167","Russell",9.68329714666495
"54019","Fayette",10.5822104207255
"60010","Eastern",7.39863889443253
"13007","Baker",10.3940810536287
"12103","Pinellas",7.4647203844837
"46123","Tripp",7.3388582942717
"48355","Nueces",10.0045308209385
"48043","Brewster",8.63478001364541
"51185","Tazewell",9.14291321882489
"54065","Morgan",6.26313052861157
"12069","Lake",8.30697159436613
"13107","Emanuel",10.5920650345767
"13181","Lincoln",9.11255474100756
"19029","Cass",7.33303362828664
"21107","Hopkins",8.74188145535388
"22083","Richland",9.84219273637503
"27171","Wright",8.33306678252513
"35021","Harding",9.93438884439286
"39079","Jackson",8.1029817097219
"41043","Linn",6.01873895330859
"48029","Bexar",9.59691220584542
"48423","Smith",8.23894570855692
"48311","McMullen",8.38519844852761
"49013","Duchesne",6.40030129094517
"51009","Amherst",6.02466033361336
"72015","Arroyo",9.5838005172618
"11001","District of Columbia",10.0898653831922
"12089","Nassau",4.63796900486374
"06087","Santa Cruz",7.45101038033951
"08023","Costilla",8.88179156295856
"41007","Clatsop",8.39867344923848
"42103","Pike",4.78161285800722
"17153","Pulaski",10.989346090687
"18123","Perry",7.63962365780448
"36059","Nassau",9.40211760153007
"26097","Mackinac",8.92856750962505
"22087","St. Bernard",9.67628645869486
"22035","East Carroll",5.5192954012404
"25009","Essex",5.67228679920916
"28151","Washington",6.30744881485819
"29099","Jefferson",9.27818196920194
"34013","Essex",6.68809430755952
"13291","Union",9.01142625199286
"13309","Wheeler",9.40424437478517
"17027","Clinton",10.5943177962291
"18157","Tippecanoe",8.07220399878314
"20069","Gray",8.50873333919806
"45045","Greenville",9.8452140397745
"48061","Cameron",8.52559639069691
"54059","Mingo",3.53188814161808
"55029","Door",6.23810464951197
"05001","Arkansas",9.25886886174403
"12077","Liberty",8.45383892009016
"13261","Sumter",10.3462831449648
"48353","Nolan",6.72524400515654
"21203","Rockcastle",8.16926532918607
"22033","East Baton Rouge",11.0393745435766
"29195","Saline",8.0876822027282
"13033","Burke",7.44332047432447
"13301","Warren",8.47003351931917
"13221","Oglethorpe",7.39049958536384
"16015","Boise",7.31562965583814
"18125","Pike",10.5329034663602
"20203","Wichita",9.73846500523913
"21033","Caldwell",8.91078029538976
"45065","McCormick",10.4786713286792
"47091","Johnson",9.88689757368477
"48039","Brazoria",7.88954967618897
"51193","Westmoreland",9.89645907225051
"53035","Kitsap",8.79103835353986
"54103","Wetzel",8.13439711133681
"55043","Grant",6.95892118973794
"78010","St. Croix",7.52312899816601
"05147","Woodruff",9.30955505108336
"08057","Jackson",9.07455033217315
"48447","Throckmorton",8.11847151717906
"48301","Loving",8.57784192803908
"21147","McCreary",7.68750951276106
"22043","Grant",5.36171187957079
"30039","Granite",8.2776391834533
"35019","Guadalupe",8.87800261904543
"37065","Edgecombe",6.19904392284504
"37017","Bladen",7.39508662895204
"45079","Richland",9.35824404857325
"45089","Williamsburg",9.78550496232785
"46075","Jones",7.86606858439592
"47033","Crockett",8.38275373941962
"47089","Jefferson",8.61124855799943
"48379","Rains",7.77057064357899
"28033","DeSoto",9.88508048619323
"38035","Grand Forks",6.4284901262364
"45051","Horry",8.02150883394482
"54099","Wayne",8.83556523231614
"56007","Carbon",9.2529465701209
"51145","Powhatan",8.47243066285068
"51005","Alleghany",9.07383640166877
"05017","Chicot",9.46543076594439
"08011","Bent",7.26499778798418
"13121","Fulton",7.38581229750798
"15009","Maui",11.0397967490642
"18071","Jackson",5.79214691560092
"22055","Lafayette",4.4787068830064
"28137","Tate",9.4216581805488
"29019","Boone",8.29636250319892
"35051","Sierra",5.25834395821358
"48105","Crockett",10.8890314874026
"49055","Wayne",8.93827021870976
"51830","Williamsburg",7.62910079226618
"06107","Tulare",14.8395220534731
"41065","Wasco",9.80472884731288
"37163","Sampson",7.17795509536227
"42089","Monroe",9.06420330778893
"48265","Kerr",10.2738545279201
"56035","Sublette",8.51698684992209
"24029","Kent",7.98324593003697
"37047","Columbus",9.77057804391046
"18069","Huntington",6.75744990206887
"51199","York",8.64694100150352
"53029","Island",10.0722816906999
"05075","Lawrence",7.34909547191275
"27103","Nicollet",5.22807209383861
"05025","Cleveland",8.70171428787308
"06113","Yolo",8.18212342507785
"26035","Clare",10.3571744272295
"21159","Martin",8.76005258674242
"22057","Lafourche",6.51526045021505
"26007","Alpena",9.64855667022456
"27163","Washington",6.54947024340255
"29069","Dunklin",10.3378754742799
"39043","Erie",10.2886362260941
"12109","St. Johns",9.9954562541048
"12035","Flagler",8.18136876133014
"37051","Cumberland",12.0879247780548
"38055","McLean",9.81846189791335
"39073","Hocking",11.1543266515432
"41017","Deschutes",8.45040771929076
"45063","Lexington",11.1259125279429
"48371","Pecos",6.35213337360562
"02164","Lake and Peninsula",8.22932699904271
"26003","Alger",7.57275246967591
"34007","Camden",8.55859174958472
"48361","Orange",4.7105162190238
"54003","Berkeley",10.7260468566121
"51187","Warren",12.3714844429181
"51640","Galax",7.79132136997884
"06069","San Benito",5.84185108604873
"22065","Madison",7.44011418078646
"08035","Douglas",7.58279164485076
"06009","Calaveras",10.6941306076718
"08111","San Juan",8.03005663065468
"13189","McDuffie",10.285755269442
"16061","Lewis",9.55963879564922
"19107","Keokuk",10.0487677810388
"21011","Bath",9.470571220665
"22013","Bienville",10.9230525127694
"37127","Nash",9.95741511904121
"37057","Davidson",7.8014549381313
"42129","Westmoreland",5.82938169490531
"51087","Henrico",9.13442109136658
"51175","Southampton",10.0768018916203
"55067","Langlade",9.2823317964122
"48155","Foard",9.43372167746474
"13213","Murray",9.74652734077213
"09190","Western Connecticut",7.64703661200798
"37103","Jones",8.88482607290326
"47113","Madison",10.9674832537673
"48467","Van Zandt",8.77500463193529
"54005","Boone",8.18082321207865
"24009","Calvert",9.36957426206352
"28001","Adams",9.78694826305815
"20025","Clark",10.7188112063572
"09140","Naugatuck Valley",10.6748605811326
"13031","Bulloch",8.62471045467294
"27127","Redwood",8.47368837084421
"06095","Solano",8.45795178518421
"29199","Scotland",6.89420603685472
"13179","Liberty",10.2471949126717
"01097","Mobile",6.08939929861743
"01039","Covington",8.71317394052218
"01119","Sumter",5.68724115746466
"01075","Lamar",9.63632967978439
"01029","Cleburne",6.58176555838499
"04017","Navajo",7.48416856355728
"05035","Crittenden",8.4398057888052
"06099","Stanislaus",9.82149170970092
"05055","Greene",10.7865015875141
"08081","Moffat",9.98015071468041
"08115","Sedgwick",6.48151603084275
"12087","Monroe",9.28306352537469
"12081","Manatee",8.11849743428205
"09120","Greater Bridgeport",9.55093489153357
"17171","Scott",9.61053645264842
"17001","Adams",10.4764359236495
"17095","Knox",8.8320137880826
"13147","Hart",8.42008705361456
"17083","Jersey",7.50778275399689
"17091","Kankakee",6.58839942819446
"13285","Troup",10.2993168242485
"16075","Payette",9.93964828194107
"12051","Hendry",10.6441567373167
"17135","Montgomery",10.8386611666839
"17119","Madison",8.75336251081397
"17037","DeKalb",8.93957504825964
"17089","Kane",8.83102610560518
"16057","Latah",10.1304331009399
"17179","Tazewell",9.59357233855098
"17023","Clark",8.70767331140486
"13295","Walker",11.3222595751258
"17073","Henry",5.94928410210256
"13101","Echols",7.54185930584651
"19133","Monona",7.50613109231012
"18075","Jay",8.3106633673904
"19061","Dubuque",7.80906544587047
"26129","Ogemaw",6.06393387450557
"18033","DeKalb",9.80686648748957
"18087","LaGrange",5.98150005274311
"26021","Berrien",12.1614040864482
"26165","Wexford",10.0744316168631
"19097","Jackson",10.8048737069778
"26059","Hillsdale",8.02310165899448
"26005","Allegan",7.76416208839827
"19109","Kossuth",8.79602525802859
"26139","Ottawa",9.67824350658635
"19119","Lyon",9.60131222454495
"16081","Teton",8.73928397759329
"17069","Hardin",9.92515218492831
"17059","Gallatin",10.1772759119914
"17147","Piatt",8.62601162138724
"17121","Marion",8.67483527130853
"26065","Ingham",8.58021550989525
"19053","Decatur",7.53808601512157
"26051","Gladwin",8.19970383758714
"26105","Mason",8.84272107686334
"18135","Randolph",8.39099751926001
"40143","Tulsa",8.88127079727966
"36079","Putnam",5.70999231998185
"40097","Mayes",10.4531288864915
"36029","Erie",7.59391713416778
"26085","Lake",7.17207034014145
"40021","Cherokee",7.37126333639157
"21023","Bracken",10.1843445531279
"26045","Eaton",7.69119069878727
"40035","Craig",7.32683042411226
"26155","Shiawassee",5.63047617143468
"20119","Meade",8.42570710076722
"20099","Labette",7.25615576220747
"20077","Harper",7.8980965609471
"20043","Doniphan",11.4017728340161
"20157","Republic",8.22733795562294
"20005","Atchison",7.2176941712128
"21075","Fulton",10.7757583307
"08003","Alamosa",10.1727397764337
"36001","Albany",11.6869994460721
"40015","Caddo",7.35200017272248
"28095","Monroe",6.64480821661458
"21035","Calloway",8.45729872843815
"26061","Houghton",6.64426007863271
"40105","Nowata",9.654724713709
"08087","Morgan",7.26380744826222
"08105","Rio Grande",9.62177515277959
"08089","Otero",10.3932786830147
"02068","Denali",12.026191344478
"02275","Wrangell",9.31372336562197
"24023","Garrett",5.49048062749924
"01021","Chilton",8.09540709424601
"25019","Nantucket",7.97364138398558
"01103","Morgan",10.1625330151025
"26017","Bay",10.5623648938824
"26151","Sanilac",10.0359096327634
"01037","Coosa",10.0273273424798
"27043","Faribault",11.4218109839431
"27117","Pipestone",6.83521569618893
"27055","Houston",10.0864598266433
"27071","Koochiching",10.4331292591987
"28039","George",4.39779402248177
"28023","Clarke",7.48204951465019
"41067","Washington",8.73804877964428
"55081","Monroe",8.97299716458979
"55129","Washburn",5.9227554666807
"55085","Oneida",8.66817445512157
"56025","Natrona",9.58028925552358
"13239","Quitman",7.93846514601485
"32029","Storey",7.93157626451229
"51720","Norton",6.43646322038149
"39013","Belmont",10.8031896842485
"39135","Preble",8.7968169045706
"41071","Yamhill",8.53829768557902
"42003","Allegheny",10.6696580858967
"42005","Armstrong",8.10515528589744
"42119","Union",7.15941069163742
"56009","Converse",5.53153836083534
"60050","Western",7.43320505354332
"60030","Rose Island",10.0465802442287
"72021","Bayamón",8.70955357708007
"08085","Montrose",7.35279737541794
"12115","Sarasota",7.70606856422108
"12021","Collier",9.67077551068233
"39025","Clermont",7.83222202845803
"39037","Darke",7.38085517607377
"42077","Lehigh",10.6844712834458
"42037","Columbia",7.98431618789924
"72051","Dorado",6.12111756973272
"72073","Jayuya",9.1333584138966
"12099","Palm Beach",6.21227997574969
"12061","Indian River",12.204496516566
"39093","Lorain",4.97794554192792
"39007","Ashtabula",7.86656040507645
"45023","Chester",10.6862057134843
"45001","Abbeville",7.58661454513779
"46035","Davison",8.76104014149022
"72059","Guayanilla",10.4545989005007
"72075","Juana Díaz",9.08726286874337
"12059","Holmes",8.27614126537286
"17007","Boone",8.06155398954342
"17049","Effingham",10.005962113037
"31059","Fillmore",5.69517871263668
"31121","Merrick",5.77465690556071
"31047","Dawson",7.80553456377883
"46097","Miner",9.20039927754382
"46087","McCook",7.49476574415483
"46015","Brule",9.02600182822025
"46073","Jerauld",8.29926513126764
"72131","San Sebastián",7.60833402158206
"72011","Añasco",10.8235631912425
"17019","Champaign",7.74877075813951
"17013","Calhoun",6.13870815694466
"31181","Webster",8.60042707924303
"31163","Sherman",7.43443597923163
"31007","Banner",9.42369401354794
"31113","Logan",8.19710218624515
"46119","Sully",9.27123635884524
"47133","Overton",5.9881598239991
"48157","Fort Bend",9.43302979332378
"72099","Moca",9.20791164260969
"72061","Guaynabo",7.96441216182927
"17133","Monroe",9.47458416676369
"17183","Vermilion",8.20639399522881
"17107","Logan",9.23825325197014
"33013","Merrimack",8.34803618842248
"35005","Chaves",8.23261053794919
"36023","Cortland",6.66746584262564
"48013","Atascosa",6.38159404061157
"48121","Denton",8.96834873341679
"48325","Medina",9.00221994937812
"72105","Naranjito",9.27858711299892
"72079","Lajas",10.2243775722495
"17199","Williamson",9.97632084560046
"13111","Fannin",7.81555975723663
"17177","Stephenson",8.55703570896855
"36041","Hamilton",8.23829383437894
"36097","Schuyler",6.5766554807893
"36123","Yates",6.27813266899651
"48027","Bell",8.07896948960211
"48049","Brown",11.6369825374116
"48231","Hunt",8.23336942101838
"72057","Guayama",8.56324555558549
"72025","Caguas",5.98403646032227
"01083","Limestone",8.17677844582343
"04003","Cochise",10.9470710680005
"04023","Santa Cruz",7.98658108872486
"37183","Wake",10.2012001005645
"37151","Randolph",8.00907902951643
"48259","Kendall",9.29599688999116
"48233","Hutchinson",10.0014758634293
"48207","Haskell",7.34048976475699
"48099","Coryell",10.3236809808293
"72029","Canóvanas",8.9738885976504
"72041","Cidra",9.39488563222172
"04011","Greenlee",5.62555125010104
"05113","Polk",9.44152315016608
"37061","Duplin",7.74395233713905
"37035","Catawba",5.82232733309633
"48183","Gregg",8.33430316569452
"48101","Cottle",6.5529741185594
"48193","Hamilton",8.05279339590732
"48437","Swisher",6.15412996496235
"48125","Dickens",6.50921898329827
"72139","Trujillo Alto",10.6726430697889
"72063","Gurabo",7.93185179379114
"05005","Baxter",10.6148968343792
"06075","San Francisco",10.6695135489871
"06027","Inyo",4.79249727652537
"06061","Placer",8.83696468927263
"37107","Lenoir",6.06306086680968
"38089","Stark",8.25456270412577
"48445","Terry",9.42215282458285
"48425","Somervell",8.82959828299293
"48069","Castro",9.68597564358352
"48175","Goliad",6.47243017788569
"48235","Irion",10.5597355194825
"48107","Crosby",8.89766393326052
"48413","Schleicher",7.17038912232022
"49041","Sevier",6.99710997892199
"72109","Patillas",6.93418195132968
"72153","Yauco",4.9865626604629
"06035","Lassen",11.493077815198
"06029","Kern",12.0871755245783
"38015","Burleigh",6.96900410281283
"38047","Logan",6.12584963990114
"38043","Kidder",9.45961080612676
"49001","Beaver",9.85511745161443
"50023","Washington",10.4810452834147
"50015","Lamoille",7.83233236283618
"72001","Adjuntas",6.04340207189665
"72145","Vega Baja",7.95698159718473
"08007","Archuleta",8.12361793310806
"08103","Rio Blanco",8.43972825194016
"08075","Logan",7.53707993261087
"39003","Allen",4.840012897146
"39137","Putnam",6.17543171028382
"39139","Richland",6.32038878184604
"39011","Auglaize",10.2330231655917
"51135","Nottoway",10.0965400788603
"51790","Staunton",6.40024744121548
"51670","Hopewell",9.31236387545568
"72055","Guánica",6.07618101957156
"72133","Santa Isabel",10.0794728748395
"09160","Northwest Hills",8.75940160856617
"38013","Burke",6.27906060555869
"38079","Rolette",8.56034075210795
"38075","Renville",9.64728551559907
"39133","Portage",4.18130232237072
"39005","Ashland",9.49643034332448
"39065","Hardin",7.52915242431763
"39175","Wyandot",9.33860773309762
"51750","Radford",5.39090018406822
"51183","Sussex",9.84490658986481
"51610","Falls Church",9.3493133597341
"51595","Emporia",9.3143540493712
"72121","Sabana Grande",11.0100283002899
"72147","Vieques",5.33698057762351
"39145","Scioto",10.9699611911294
"39087","Lawrence",10.3101347278516
"39115","Morgan",9.75887926949573
"39067","Harrison",7.66403629981336
"40061","Haskell",9.38805884258943
"51620","Franklin",9.22243973208009
"53001","Adams",7.6735984079096
"54091","Taylor",8.75481111104497
"72071","Isabela",12.0719433506325
"72017","Barceloneta",9.8734621766692
"39029","Columbiana",8.0201292438999
"39099","Mahoning",9.33452473459996
"40011","Blaine",8.84158747969214
"40091","McIntosh",10.8616261107
"55025","Dane",9.47768537509047
"55103","Richland",6.92714486259917
"55135","Waupaca",7.7116945277917
"72111","Peñuelas",9.74175875158938
"72093","Maricao",9.39685854722281
"13231","Pike",6.24694385343178
"13055","Chattooga",8.82912680791503
"13011","Banks",8.81303391595947
"13003","Atkinson",7.2210099258285
"31025","Cass",8.97455184806728
"31061","Franklin",8.89750877131048
"31175","Valley",7.2458312034426
"48337","Montague",10.0249147258888
"48211","Hemphill",9.61904775310561
"48111","Dallam",8.14153753360819
"50001","Addison",5.98201005439208
"13321","Worth",8.08074151287815
"18181","White",7.7415586227562
"18011","Boone",10.465304978125
"13125","Glascock",11.2775678883355
"16001","Ada",12.6263598284445
"32023","Nye",7.76964601735477
"32005","Douglas",6.68434203760778
"51740","Portsmouth",8.92890492980446
"51800","Suffolk",10.5460566191541
"51520","Bristol",6.66396107149263
"18121","Parke",6.68208088934895
"18101","Martin",9.70988490289984
"20141","Osborne",8.31315878548526
"21071","Floyd",8.8907373404772
"21001","Adair",8.16748171469723
"16011","Bingham",9.12387564146495
"16065","Madison",6.35457401882958
"33005","Cheshire",10.2944284325801
"35006","Cibola",7.34322267857505
"35015","Eddy",5.87827243428176
"53063","Spokane",7.61490644551246
"53023","Garfield",10.246830026843
"21227","Warren",7.23940675352501
"21009","Barren",9.22440135869791
"17009","Brown",8.13285352821744
"18037","Dubois",5.96497294420924
"18015","Carroll",5.02908706756813
"36085","Richmond",10.2181326773629
"36033","Franklin",9.14080400841238
"54009","Brooke",6.96281485675226
"55117","Sheboygan",11.6138222366041
"21219","Todd",7.73580250039074
"21073","Franklin",10.6946050630476
"21173","Montgomery",7.13810224872773
"29103","Knox",9.35340907643001
"31003","Antelope",6.45009889796308
"31089","Holt",11.0392483192507
"37071","Gaston",6.96191223916215
"37041","Chowan",11.822952831408
"55059","Kenosha",10.6113439497548
"55083","Oconto",8.00454687302493
"21215","Spencer",7.74424594872473
"21045","Casey",6.46816375718446
"21223","Trimble",9.0803787762673
"21139","Livingston",5.68268317639627
"29141","Morgan",7.0834979110064
"29225","Webster",9.17426268591622
"29083","Henry",8.57785485116754
"30037","Golden Valley",7.02672130929958
"37033","Caswell",7.64911925804841
"37181","Vance",9.00569798405136
"38051","McIntosh",9.15333976533048
"38009","Bottineau",8.24553061906834
"55105","Rock",5.82263785656227
"55013","Burnett",7.27619268004237
"21201","Robertson",10.4009094408589
"21149","McLean",9.85522072787028
"19019","Buchanan",7.73621761324296
"19055","Delaware",9.10170188326635
"19013","Black Hawk",5.6589083212564
"19117","Lucas",8.00949066839719
"19011","Benton",10.1989498136394
"19025","Calhoun",5.34337569704039
"38095","Towner",7.4164792553149
"38019","Cavalier",8.13497520971495
"39017","Butler",7.49178035738094
"39107","Mercer",8.03400055051461
"55095","Polk",7.31096961458427
"55031","Douglas",8.06406524904384
"22003","Allen",6.37487949417498
"22121","West Baton Rouge",9.9653985995136
"19027","Carroll",6.65380171959283
"19069","Franklin",7.26218803512433
"19157","Poweshiek",9.2847063877522
"19147","Palo Alto",10.2476311880982
"19017","Bremer",5.63893165568704
"19041","Clay",9.91097630117542
"40033","Cotton",8.41155397455591
"40139","Texas",7.87121770181061
"56037","Sweetwater",11.5068241733951
"56015","Goshen",6.88715681252329
"56039","Teton",7.75567826096165
"22061","Lincoln",9.83657665713681
"26137","Otsego",8.82718849840047
"26143","Roscommon",7.50450176532645
"27059","Isanti",9.90116810773488
"19091","Humboldt",9.28918616191279
"20173","Sedgwick",9.32120699853917
"20079","Harvey",8.7037830957564
"20009","Barton",4.38640282850129
"20145","Pawnee",8.80572155333119
"40085","Love",8.75745557394506
"40045","Ellis",10.6300687304732
"05119","Pulaski",8.55379817026862
"05101","Newton",8.33562507727975
"05141","Van Buren",8.17805487790661
"27153","Todd",10.7035007472525
"27131","Rice",6.85724979880067
"27121","Pope",8.67659262207082
"27113","Pennington",5.5476450323548
"20031","Coffey",7.55071621580942
"20059","Franklin",7.12374671820205
"20165","Rush",10.9597432867978
"20105","Lincoln",7.71720303883145
"20097","Kiowa",9.22293512416708
"20195","Trego",10.6782418918156
"40003","Alfalfa",9.87216978498341
"40007","Beaver",10.7196806923146
"05129","Searcy",8.01268329510288
"05065","Izard",7.2016308666742
"05037","Cross",6.65691868641911
"28079","Leake",10.2333733971807
"28043","Grenada",9.75923206208879
"28123","Scott",8.99864464711089
"28107","Panola",6.26764565077409
"28101","Newton",7.74526826209127
"28011","Bolivar",5.45923502585576
"29119","McDonald",11.3253034266533
"41063","Wallowa",7.74639607706749
"41049","Morrow",10.4623416211017
"42115","Susquehanna",7.97719135921047
"08021","Conejos",7.87958073225922
"28035","Forrest",9.71140133957721
"28139","Tippah",7.8229766502419
"29077","Greene",8.85526856113177
"29159","Pettis",11.187926215978
"29149","Oregon",5.95982389669694
"29510","St. Louis",4.87294442348135
"29111","Lewis",8.11561218123311
"46007","Bennett",7.58124077760054
"46083","Lincoln",11.472224106805
"46011","Brookings",9.64445732440508
"48067","Cass",7.05390754489029
"12067","Lafayette",7.75483992498275
"13247","Rockdale",8.72508882286914
"13209","Montgomery",9.62705210445765
"29221","Washington",7.69707183417089
"29055","Crawford",5.51746935391269
"29065","Dent",7.3229537326448
"29139","Montgomery",8.49021208611298
"29097","Jasper",7.96701720721552
"01013","Butler",9.28350273639573
"30091","Sheridan",6.97872147351004
"46031","Corson",6.43793774447611
"47125","Montgomery",11.4253126935853
"13115","Floyd",7.06912839987651
"13199","Meriwether",6.51428888069646
"29047","Clay",10.126522843847
"29025","Caldwell",8.98506939388486
"29169","Pulaski",13.1625172279659
"29085","Hickory",9.08789292711019
"31131","Otoe",8.21987274840442
"31043","Dakota",9.49093519209518
"31165","Sioux",9.55093194958352
"47027","Clay",7.81778906595917
"47137","Pickett",7.32694954689739
"13095","Dougherty",13.7972930553775
"13071","Colquitt",9.0276056501648
"29223","Wayne",7.93716335300629
"29105","Laclede",8.76247416802418
"29135","Moniteau",10.4253038231046
"31173","Thurston",7.26295151468163
"31027","Cedar",11.677525505911
"48271","Kinney",8.76794754906947
"48079","Cochran",4.11118632316272
"48369","Parmer",8.42316153526305
"13091","Dodge",7.1306893448633
"13299","Ware",8.8521217266138
"13035","Butts",6.57778114682631
"13259","Stewart",9.16548130953421
"31107","Knox",9.5367701560002
"31051","Dixon",6.44275394202408
"31087","Hitchcock",6.80057518173007
"48077","Clay",8.25764242164888
"48097","Cooke",7.81250638532961
"13297","Walton",8.26615766354897
"13059","Clarke",6.98000318918566
"18105","Monroe",6.75183809098895
"18143","Scott",6.92346704659488
"18119","Owen",7.30776478365105
"18023","Clinton",7.45219539032488
"47099","Lawrence",6.12214093196063
"47067","Hancock",8.397226443567
"05115","Pope",8.97066634862702
"05079","Lincoln",9.12066901968732
"05051","Garland",8.04378865763882
"27035","Crow Wing",11.0938223522198
"27109","Olmsted",9.68856457088478
"27147","Steele",7.84131583610787
"18145","Shelby",11.8371449217471
"18045","Fountain",9.1356762048371
"18149","Starke",4.93252853203707
"47011","Bradley",9.19406963424742
"35023","Hidalgo",8.14044941795507
"48295","Lipscomb",8.22768823411725
"05123","St. Francis",8.33663177073653
"06105","Trinity",9.70011323287879
"08095","Phillips",8.85553789975524
"08125","Yuma",7.60621686877814
"08047","Gilpin",5.48611603489679
"27019","Carver",7.16770661016541
"27083","Lyon",8.57799686796654
"27161","Waseca",8.23248610926565
"18115","Ohio",5.77511457786461
"19093","Ida",7.88960330974211
"19067","Floyd",6.94664235826404
"19165","Shelby",10.9197145422421
"48421","Sherman",11.3792078200647
"48357","Ochiltree",8.41409637468193
"48087","Collingsworth",9.23439075285146
"48495","Winkler",7.33376103540343
"48501","Yoakum",7.13860191084625
"08073","Lincoln",9.29114988633622
"08025","Crowley",10.1263269392721
"08079","Mineral",6.36811813955753
"27009","Benton",10.875118024582
"27079","Le Sueur",7.40134657431563
"19141","O'Brien",6.16776650769746
"19169","Story",9.86190706552994
"19099","Jasper",10.0665573641887
"19183","Washington",10.6673109958553
"19065","Fayette",7.70656874371428
"49009","Daggett",7.84077441333118
"12019","Clay",9.48077262764778
"13057","Cherokee",6.23564357419516
"41037","Lake",11.7316373568869
"37005","Alleghany",6.30242804436683
"38021","Dickey",9.84878124467824
"19003","Adams",8.22170310626696
"19137","Montgomery",7.96629554511929
"19173","Taylor",3.7290822678979
"19079","Hamilton",8.92269397957408
"20155","Reno",8.3602227991388
"50025","Windham",8.57796766866137
"13017","Ben Hill",10.7278592681556
"13233","Polk",12.4066106359557
"38001","Adams",9.06039552655093
"38011","Bowman",8.94299625960761
"38023","Divide",8.71736848862039
"20015","Butler",8.55620848634337
"20051","Ellis",9.1553792977011
"20053","Ellsworth",8.94207328664569
"20029","Cloud",11.313576035088
"50021","Rutland",8.53574400881904
"13067","Cobb",7.92574165325464
"13235","Pulaski",6.77982565309281
"48399","Runnels",11.0221561904804
"13085","Dawson",5.47847430992323
"13293","Upson",10.4348479012289
"20085","Jackson",8.09239448594764
"20177","Shawnee",9.7946160457003
"20049","Elk",4.28258109617408
"20139","Osage",8.89295205467408
"50017","Orange",11.1298835972137
"51650","Hampton",8.79898870654442
"48363","Palo Pinto",9.81546254488245
"48237","Jack",8.5184902242647
"48279","Lamb",7.82282059361887
"48255","Karnes",8.43318017929606
"48081","Coke",10.745595416247
"48297","Live Oak",6.31005132403202
"13015","Bartow",7.38034103100709
"13177","Lee",11.3922293799821
"20115","Marion",9.80931284625552
"20057","Ford",6.24906565227574
"20189","Stevens",8.49902515272893
"20159","Rice",12.0846005152004
"20151","Pratt",9.69098872340784
"51710","Norfolk",9.91558952086746
"51810","Virginia Beach",9.10939055410284
"51013","Arlington",9.22172555819093
"48191","Hall",9.61212548808598
"48269","King",7.95565151295733
"48171","Gillespie",9.14795770591282
"48435","Sutton",5.16771140215951
"48159","Franklin",6.77034835849931
"13273","Terrell",7.93535710419056
"13249","Schley",7.93979620660243
"13277","Tift",9.45762438472461
"20061","Geary",9.74250280150837
"20193","Thomas",7.6140603756401
"20143","Ottawa",9.89222202413413
"20205","Wilson",7.41154999231241
"20109","Logan",9.26147011595749
"51550","Chesapeake",8.17282393182945
"53039","Klickitat",12.0156809014865
"53069","Wahkiakum",9.29915547850096
"48131","Duval",7.11990456213526
"48283","La Salle",8.9979830819847
"48429","Stephens",9.51720177186625
"48503","Young",6.965409737611
"48195","Hansford",6.24895371061928
"48023","Baylor",7.57609968559828
"48127","Dimmit",10.550705020681
"48169","Garza",9.48715372157204
"13255","Spalding",7.71854023957184
"13165","Jenkins",12.551358437509
"20067","Grant",8.04093606356873
"20199","Wallace",8.73699112189276
"20033","Comanche",10.3922464909248
"20101","Lane",10.7379301379868
"21157","Marshall",7.69710691157875
"21083","Graves",7.86602697823604
"21049","Clark",8.6570927275032
"53051","Pend Oreille",12.1646230540377
"54053","Mason",9.21812401039418
"48137","Edwards",4.2707330984709
"48095","Concho",8.55596455563639
"21193","Perry",7.89036752249346
"21229","Washington",6.76587745752071
"13193","Macon",8.21898911484038
"13175","Laurens",7.99465084783733
"21087","Green",7.48751995777773
"45033","Dillon",10.7074796639789
"54035","Jackson",9.33297302338565
"54051","Marshall",7.34162882085855
"21137","Lincoln",7.8192713941357
"21065","Estill",9.49526541705769
"21129","Lee",8.19393261459049
"13257","Stephens",7.20751228279685
"13005","Bacon",8.35858410731458
"46135","Yankton",9.28210306634146
"46099","Minnehaha",10.9674042166476
"46027","Clay",10.0468015745149
"54055","Mercer",7.78774691929576
"54069","Ohio",10.4925371479927
"22049","Jackson",8.68853191954124
"22093","St. James",6.32059536877943
"23001","Androscoggin",7.79968398509452
"13161","Jeff Davis",9.87836721838351
"13065","Clinch",10.4171814962774
"46053","Gregory",6.98681172047837
"46039","Deuel",11.2023366363902
"46101","Moody",10.0827314937909
"54029","Hancock",10.0388156421052
"55127","Walworth",9.84485542700819
"23011","Kennebec",8.90890102114211
"26087","Lapeer",10.1280306793412
"16045","Gem",6.13720736768433
"17053","Ford",7.86474708021501
"46109","Roberts",8.82855849002645
"46091","Marshall",10.7122895675917
"55093","Pierce",2.4201896053966
"55063","La Crosse",10.9923397038949
"27003","Anoka",8.12237001783143
"27123","Ramsey",9.97901480254547
"17169","Schuyler",5.35192862140264
"17035","Cumberland",7.60945440904115
"18107","Montgomery",10.9424107262843
"18103","Miami",11.2273159707558
"46102","Oglala Lakota",8.37549402460343
"46019","Butte",9.36249587278346
"55061","Kewaunee",9.25667045309362
"55065","Lafayette",7.02428688557815
"56011","Crook",7.02067878271654
"56005","Campbell",6.10343720845561
"27111","Otter Tail",10.1759278341244
"27141","Sherburne",9.54525373449036
"18179","Wells",10.8415518632656
"18063","Hendricks",9.1209337915177
"18035","Delaware",7.41237797214981
"18005","Bartholomew",11.2085073371439
"18021","Clay",10.3737007768628
"47069","Hardeman",10.3028555931859
"47103","Lincoln",7.59146153999498
"02230","Skagway",9.77035922257333
"05059","Hot Spring",7.55238579407531
"05105","Perry",8.94737620155845
"22027","Claiborne",7.26796058506294
"23009","Hancock",11.6310014330431
"23029","Washington",10.2183397114101
"02150","Kodiak Island",10.63619058639
"24041","Talbot",7.72419745802207
"24045","Wicomico",7.30909041065616
"24003","Anne Arundel",9.57425776285273
"01045","Dale",9.52453233080603
"01105","Perry",9.09801171638311
"17143","Peoria",13.0990912459671
"17071","Henderson",9.90983482432553
"19043","Clayton",7.03590450402575
"18113","Noble",9.49698624458872
"19191","Winneshiek",11.9055229997277
"24510","Baltimore",9.8687100960329
"02060","Bristol Bay",9.65209921649361
"01031","Coffee",10.2490085195682
"01011","Bullock",5.9774260211573
"31083","Harlan",8.64478271315909
"31147","Richardson",10.8517923831555
"17193","White",8.9690205312665
"17011","Bureau",9.16461128498974
"19129","Mills",7.05214481329347
"18079","Jennings",10.6017189658477
"26093","Livingston",10.1888239599678
"26043","Dickinson",6.84947587225717
"26001","Alcona",9.8592507318221
"31153","Sarpy",7.76071203874405
"31161","Sheridan",9.80113570471893
"17025","Clay",7.8609597725483
"16071","Oneida",10.7027824156438
"18095","Madison",7.76577120264498
"20103","Leavenworth",7.51451375277182
"26031","Cheboygan",5.96293054470384
"27063","Jackson",9.22107400501022
"27105","Nobles",7.10077160565842
"33003","Carroll",6.6034213701163
"35031","McKinley",7.3814700615814
"16019","Bonneville",11.2138141927851
"17145","Perry",11.4550733387026
"26009","Antrim",9.9203453616111
"20209","Wyandotte",9.93567137810891
"27045","Fillmore",8.14135245692509
"27169","Winona",8.47048541070364
"35035","Otero",8.97766627843827
"37045","Cleveland",10.6028850976951
"37145","Person",8.30636225112101
"16055","Kootenai",6.83467549248526
"17203","Woodford",8.84140794205865
"17123","Marshall",9.44670105574387
"20121","Miami",4.97261749556396
"20183","Smith",9.53819385905095
"20201","Washington",8.15833057940569
"27025","Chisago",7.47460077280348
"27091","Martin",8.47861676876547
"35009","Curry",10.1552828093378
"35029","Luna",11.1954716045241
"36073","Orleans",6.47529940046091
"17101","Lawrence",9.28207307416779
"17151","Pope",8.43686455942172
"17131","Mercer",7.62543605941974
"36005","Bronx",7.29997487121793
"20019","Chautauqua",7.22881495212
"28059","Jackson",8.63149230889324
"28045","Hancock",9.89198147692795
"37179","Union",9.54706072325062
"37187","Washington",7.2245715389809
"17015","Carroll",11.4252301383191
"26161","Washtenaw",8.25401152140707
"36055","Monroe",8.15966217948689
"20075","Hamilton",9.34551368222447
"36057","Montgomery",7.59436503739301
"28113","Pike",9.7283259365238
"28027","Coahoma",5.96501493371568
"28057","Itawamba",10.4010430240587
"37077","Granville",7.56550248051716
"37073","Gates",7.78336524639854
"18019","Clark",9.73149349360279
"18167","Vigo",6.02088115311967
"21145","McCracken",9.77628358979327
"40099","Murray",7.90301365672178
"28093","Marshall",8.38612506031962
"28041","Greene",9.23634442708464
"34029","Ocean",8.4415369752764
"34025","Monmouth",8.67010791865001
"18097","Marion",7.46817618341187
"18077","Jefferson",8.11558675500648
"26081","Kent",8.48561204732931
"40123","Pontotoc",8.11488809881503
"08041","El Paso",8.14953817637215
"29145","Newton",6.25220626404021
"29213","Taney",11.1123278343758
"29155","Pemiscot",4.76951614914288
"34017","Hudson",4.3826266352504
"34039","Union",10.679151976221
"18171","Warren",7.39895530624018
"26125","Oakland",7.65616072363781
"21105","Hickman",9.89241453596092
"36087","Rockland",7.41688743986154
"40109","Oklahoma",10.5130407380234
"29153","Ozark",9.40852033162304
"29091","Howell",10.2562311095014
"29011","Barton",10.7914991689639
"40115","Ottawa",8.91213928892615
"40151","Woods",8.53775633341008
"18141","St. Joseph",8.10898634110022
"26027","Cass",8.78004157179667
"26067","Ionia",5.93968683703591
"21053","Clinton",7.01238800731095
"36003","Allegany",8.3412197387277
"29165","Platte",7.52365511123502
"29163","Pike",8.84674460982686
"41057","Tillamook",9.788620233649
"41027","Hood River",9.63525008149737
"26069","Iosco",7.42560956681552
"18155","Switzerland",8.84441278743743
"18177","Wayne",10.9380892774026
"21091","Hancock",8.71851480387763
"21041","Carroll",7.46212981386162
"29147","Nodaway",8.81837148882186
"29005","Atchison",9.58873847495963
"41059","Umatilla",12.1055845249941
"42073","Lawrence",9.86575512268322
"42009","Bedford",10.36688369236
"19155","Pottawattamie",8.5182474486579
"19005","Allamakee",6.21044629774658
"36021","Columbia",9.0662104205364
"26133","Osceola",7.85612853861307
"29045","Clark",10.1474209859743
"29009","Barry",9.72568321333847
"42085","Mercer",11.3775060265957
"42083","McKean",9.74177646826232
"42015","Bradford",10.4328603105876
"42123","Warren",7.39003841403249
"18163","Vanderburgh",7.20087300098689
"26157","Tuscola",8.67244733336869
"26023","Branch",8.2121686165859
"21047","Christian",9.11364080250247
"40037","Creek",7.21836870271595
"29217","Vernon",9.1020597820912
"30101","Toole",11.3081693336449
"31135","Perkins",9.82519975845852
"44001","Bristol",5.73865205426752
"17195","Whiteside",8.55843064780257
"18029","Dearborn",11.6241456314486
"19071","Fremont",6.44083918180901
"21185","Oldham",5.28241343377679
"40009","Beckham",7.57453442611614
"26131","Ontonagon",7.69109780568587
"01125","Tuscaloosa",10.9834848308066
"24011","Caroline",8.81409480380546
"01015","Calhoun",7.77517095335529
"17159","Richland",10.3226916238866
"13119","Franklin",10.2408138302168
"19145","Page",7.68171037364538
"19167","Sioux",7.81507169185931
"19189","Winnebago",9.66214742515261
"26077","Kalamazoo",7.33315055121568
"26057","Gratiot",6.3975779860112
"26145","Saginaw",10.3073539917681
"22109","Terrebonne",9.35352211580916
"08119","Teller",8.82594606245167
"22117","Washington",9.84687751593359
"22085","Sabine",9.31356644915226
"22119","Webster",7.73997776788225
"55069","Lincoln",9.99972103375504
"55019","Clark",8.58430921001316
"55123","Vernon",7.95570562006819
"18039","Elkhart",7.19636059266825
"18001","Adams",7.89766411811427
"26113","Missaukee",9.76485645829313
"17057","Fulton",8.83038229925211
"40083","Logan",7.10875188654968
"36069","Ontario",9.92325575427594
"19101","Jefferson",10.6353804957499
"19115","Louisa",11.0422534070603
"19123","Mahaska",10.9294619731907
"20133","Neosho",7.1675881434657
"20113","McPherson",8.19691035776854
"55053","Jackson",7.64721523835792
"55015","Calumet",5.47791002505345
"55027","Dodge",6.81371875192334
"18151","Steuben",10.7369343524682
"19139","Muscatine",9.0116734074783
"26037","Clinton",7.28402426198777
"19059","Dickinson",7.36765585677208
"21111","Jefferson",7.7408532586514
"21037","Campbell",7.65828584584494
"20087","Jefferson",6.48023976326631
"20153","Rawlins",7.4010161767764
"20207","Woodson",8.27550765983172
"20123","Mitchell",6.3127554235099
"20179","Sheridan",5.32289284449862
"55087","Outagamie",11.5019994720882
"55033","Dunn",7.65711799238701
"55017","Chippewa",6.66684379393639
"20129","Morton",4.97554876245762
"20125","Montgomery",12.5800636571596
"26019","Benzie",7.34000998038337
"18057","Hamilton",11.0116795518676
"36083","Rensselaer",7.90881672908607
"21225","Union",8.43218926419083
"21199","Pulaski",8.30141369894108
"21021","Boyle",8.99383660155189
"55077","Marquette",10.2758558716496
"55091","Pepin",6.84826099474307
"55119","Taylor",9.06252956514949
"20181","Sherman",9.4126395326456
"36093","Schenectady",10.7492837898454
"20035","Cowley",9.25291156654203
"20089","Jewell",7.67085932493174
"36035","Fulton",8.6926297439356
"05031","Craighead",8.14045502773647
"01007","Bibb",6.99136061532056
"30041","Hill",8.21554864819042
"47111","Macon",9.49061042481553
"55115","Shawano",12.3204475063902
"56043","Washakie",7.26681842860238
"40131","Rogers",7.59755585723887
"36007","Broome",8.8469851817222
"05149","Yell",10.5821014465786
"05087","Madison",8.14497522782234
"54061","Monongalia",10.1662712011919
"55079","Milwaukee",6.34698604664184
"56019","Johnson",9.81702337768172
"56017","Hot Springs",10.7850992321666
"40017","Canadian",8.44809604322338
"06031","Kings",7.16138515204205
"08017","Cheyenne",6.08658455749554
"08121","Washington",7.70737164702995
"55101","Racine",7.58476350997875
"55045","Green",9.63149626974185
"55125","Vilas",9.84859668645192
"01067","Henry",6.45279227858568
"01017","Chambers",10.9529633877907
"36107","Tioga",6.69190302546846
"13253","Seminole",8.20578762867625
"13169","Jones",8.08670343427458
"56023","Lincoln",9.82397994603875
"51011","Appomattox",7.90871081055957
"01077","Lauderdale",6.64366702142728
"04019","Pima",7.42093173382098
"36027","Dutchess",9.38160754794538
"40031","Comanche",8.90810812529273
"26111","Midland",10.7652697913986
"13129","Gordon",6.80429562005587
"13207","Monroe",9.81480062813653
"13227","Pickens",11.0412627799311
"51173","Smyth",9.38267749270973
"51680","Lynchburg",7.25224436930183
"05143","Washington",8.61403677230416
"05089","Marion",9.47543586698411
"06067","Sacramento",9.05611587710809
"10001","Kent",10.7545818497449
"12113","Santa Rosa",7.27529718538928
"40051","Grady",10.0954968547245
"26025","Calhoun",7.88260081783081
"40047","Garfield",8.19286897720446
"13167","Johnson",6.88740506714089
"13023","Bleckley",8.18998703340287
"51025","Brunswick",7.72639969630745
"51630","Fredericksburg",7.16586283821422
"12011","Broward",6.70727187177177
"12003","Baker",8.28976815259987
"08099","Prowers",4.66484600632356
"02198","Prince of Wales-Hyder",7.29473505876217
"42117","Tioga",7.17541225913072
"13123","Gilmer",7.13284280437991
"13243","Randolph",7.2674303851785
"51760","Richmond",11.0260271045216
"51045","Craig",4.82091176496776
"17149","Pike",7.38334698241434
"17077","Jackson",8.53642277621929
"44003","Kent",9.69486653647096
"17155","Putnam",7.35969126355103
"17075","Iroquois",9.07561582707734
"13093","Dooly",10.8184555700858
"13053","Chattahoochee",9.81877132701226
"51049","Cumberland",9.79361560676687
"51540","Charlottesville",9.25347170775719
"17079","Jasper",9.8754291107801
"17167","Sangamon",10.8956322818738
"13083","Dade",9.24801922341637
"18173","Warrick",10.0836543080423
"18043","Floyd",7.13488677662437
"13173","Lanier",7.43115610321834
"13037","Calhoun",6.63718572390683
"51775","Salem",7.59827880749952
"51770","Roanoke",8.9902840710413
"17141","Ogle",7.33214698015995
"17061","Greene",9.12362427024052
"18165","Vermillion",9.35592174985483
"26117","Montcalm",9.33456768036889
"26159","Van Buren",7.18762292210313
"16053","Jerome",6.81880418470884
"18059","Hancock",6.25141793027954
"18109","Morgan",10.7537955561378
"51079","Greene",8.02778914957728
"51820","Waynesboro",7.90169657090419
"51678","Lexington",7.93754159563922
"13061","Clay",6.94146137709522
"17173","Shelby",9.81479450733304
"17105","Livingston",10.5377097931943
"19085","Harrison",10.8283259549184
"20191","Sumner",7.03753591545746
"20037","Crawford",8.97795253722015
"18017","Cass",10.2534190723851
"18065","Henry",5.7936261939175
"18133","Putnam",8.29328044216928
"19175","Union",10.9150640366961
"19047","Crawford",8.47440177733046
"54101","Webster",5.87864645539676
"54079","Putnam",10.690119380837
"17045","Edgar",10.5668237243698
"17005","Bond",8.78599589072621
"26091","Lenawee",8.22451244442408
"18031","Decatur",7.55559194817605
"18117","Orange",8.6147171305984
"20021","Cherokee",7.54921992393057
"19081","Hancock",10.1800450987384
"19033","Cerro Gordo",9.02349444401601
"19151","Pocahontas",8.77997283889197
"19161","Sac",8.46358531176999
"19103","Johnson",9.84238219919513
"54097","Upshur",7.97946012422421
"54015","Clay",9.75296863395455
"55005","Barron",10.9543772955473
"26153","Schoolcraft",9.05138824845361
"18007","Benton",7.89139955430337
"18127","Porter",9.88382139751989
"20091","Johnson",7.78494715278191
"20137","Norton",6.3688176959335
"20013","Brown",10.4339766182421
"05063","Independence",9.32848494173062
"46071","Jackson",6.46562176127936
"47177","Warren",11.0551343060707
"47169","Trousdale",8.43067660472467
"29043","Christian",10.5801249630179
"29109","Lawrence",8.84747642876994
"29115","Linn",7.25267270276745
"38101","Ward",9.90469347092218
"38049","McHenry",8.24512744476775
"38103","Wells",10.2189765430282
"46065","Hughes",7.66759073734964
"47017","Carroll",8.86842767745628
"47007","Bledsoe",10.1650819205206
"35025","Lea",12.0001464914382
"29219","Warren",9.09437615887003
"29117","Livingston",5.23997382486042
"38025","Dunn",5.88159168664034
"39157","Tuscarawas",7.07832148978315
"39023","Clark",9.05603387880065
"47015","Cannon",9.46696458657241
"47061","Grundy",11.6147303722845
"36101","Steuben",8.97002219376435
"37185","Warren",7.45463157279632
"38033","Golden Valley",9.8032653817972
"29003","Andrew",8.76526061005564
"29035","Carter",7.55428117713219
"29007","Audrain",7.453965447379
"39109","Miami",12.0566905666972
"39149","Shelby",10.284842637256
"39113","Montgomery",8.0682080628772
"47075","Haywood",8.71998568627625
"47023","Chester",8.42469158020162
"39081","Jefferson",12.2812731056415
"39039","Defiance",7.85539470853489
"46121","Todd",11.6916954041876
"29059","Dallas",4.529490910623
"29089","Howard",8.80938828355138
"29185","St. Clair",7.15691725588751
"39041","Delaware",7.69044993675949
"39019","Carroll",7.2737564563225
"39131","Pike",10.0540760121753
"47153","Sequatchie",6.98687335747621
"47095","Lake",5.77927958253486
"47115","Marion",5.9670418475285
"47161","Stewart",8.42974224220991
"29093","Iron",6.61844982476548
"29063","DeKalb",11.3869838755115
"29203","Shannon",6.72973102389594
"39045","Fairfield",9.00098265143166
"39153","Summit",10.9862886542172
"39091","Logan",5.09947626011784
"48397","Rockwall",10.1306149638938
"48123","DeWitt",5.96447921115709
"48209","Hays",8.01978097033768
"48489","Willacy",9.84439978176547
"48017","Bailey",10.1064477623524
"30111","Yellowstone",10.0514294223771
"30097","Sweet Grass",6.2145544267648
"39117","Morrow",8.12649756683101
"39159","Union",8.57367605332733
"39057","Greene",10.0022381536747
"48299","Llano",8.16146736181646
"48257","Kaufman",7.52803840900173
"48181","Grayson",8.73807479261186
"48075","Childress",10.0410422250412
"48483","Wheeler",9.88155137089637
"51073","Gloucester",7.40067459869258
"51735","Poquoson",10.5101635011026
"53061","Snohomish",9.0802116596924
"30065","Musselshell",9.84988313320167
"30019","Daniels",9.39732021669943
"31041","Custer",11.1036975662294
"39151","Stark",6.89235393848373
"39083","Knox",7.92623464155089
"39075","Holmes",9.9633612147222
"48291","Liberty",9.94457046597471
"48031","Blanco",11.6800195823312
"48219","Hockley",12.302665106147
"48149","Fayette",11.4873194527682
"48221","Hood",13.0081387476027
"51169","Scott",6.8258018289413
"51071","Giles",6.02438473975208
"31045","Dawes",5.77030943692437
"31123","Morrill",8.56841608463891
"31037","Colfax",10.3727037753552
"31039","Cuming",8.85368327038298
"39071","Highland",7.66854221886757
"39173","Wood",10.1684498261594
"39055","Geauga",9.94044025036906
"48065","Carson",9.09876411698404
"48143","Erath",7.80405173572759
"24039","Somerset",8.85027214545959
"02130","Ketchikan Gateway",12.0674944169539
"25023","Plymouth",9.11573961957086
"01127","Walker",7.09503559042328
"26033","Chippewa",7.92920338199905
"39051","Fulton",9.45007653337159
"40129","Roger Mills",10.261335547014
"40025","Cimarron",9.77571753184301
"31023","Butler",8.39037806748305
"31011","Boone",9.5613452427261
"31117","McPherson",7.75012352636188
"31079","Hall",4.78300398413699
"39121","Noble",9.67653864541981
"39031","Coshocton",7.27997388488851
"40121","Pittsburg",8.40968924390059
"01057","Fayette",8.1458909910693
"27099","Mower",6.75823197942838
"27157","Wabasha",7.89059707441754
"41041","Lincoln",7.72460448898913
"41009","Columbia",8.51250243110773
"42105","Potter",6.19711104265829
"31159","Seward",7.11077130898177
"31019","Buffalo",10.5555213477992
"31097","Johnson",5.97542907417112
"40137","Stephens",9.99061753670018
"40149","Washita",6.25749319805716
"40077","Latimer",9.26791987249979
"27135","Roseau",8.03951988404857
"29021","Buchanan",6.76021226052327
"27041","Douglas",11.1016289936461
"27057","Hubbard",9.60777148359533
"27029","Clearwater",7.5704117643248
"27159","Wadena",8.97344074080127
"31001","Adams",9.41185486016795
"31099","Kearney",9.26950233231304
"31017","Brown",8.73925099746985
"40063","Hughes",9.30581886977458
"40093","Major",7.09969490598533
"29209","Stone",7.64041911315024
"29127","Marion",8.40734479742957
"31031","Cherry",6.51879358409898
"27143","Sibley",6.96753733993619
"28067","Jones",11.6453455114393
"28017","Chickasaw",8.35136112880373
"28013","Calhoun",7.2812773271085
"31005","Arthur",11.2909719376439
"32027","Pershing",12.488166795729
"32021","Mineral",8.62942926172587
"33001","Belknap",8.20101766058902
"40055","Greer",7.82969937537378
"41069","Wheeler",9.72930792893987
"31055","Douglas",10.116212417989
"28125","Sharkey",8.6370467811809
"28159","Winston",8.75538091922115
"28145","Union",8.16169870586582
"35001","Bernalillo",7.04808659899022
"35047","San Miguel",9.48414978023759
"35053","Socorro",10.8151437884512
"42011","Berks",9.33577198702953
"42087","Mifflin",7.56377876416248
"31015","Boyd",9.97498397560922
"31057","Dundy",9.97465811270164
"31049","Deuel",6.58576170249647
"28097","Montgomery",6.95200845799715
"28007","Attala",8.67960609959386
"28061","Jasper",6.28881381742811
"28015","Carroll",9.24757181248938
"28105","Oktibbeha",10.1860356847263
"35057","Torrance",8.57523889139858
"35028","Los Alamos",9.10420559182405
"36109","Tompkins",7.30785771973879
"42053","Forest",10.9523845681248
"42093","Montour",9.82596571939761
"42107","Schuylkill",8.21824783590639
"31177","Washington",8.60352876348313
"32009","Esmeralda",5.58847325271432
"32013","Humboldt",9.4154307668257
"28065","Jefferson Davis",7.18887382365144
"28063","Jefferson",7.49419388351708
"36121","Wyoming",7.820125400084
"37105","Lee",8.81165885093928
"42065","Jefferson",10.3886479541265
"42047","Elk",8.99415376526617
"45071","Newberry",12.0227706733785
"46077","Kingsbury",8.49549445078365
"46043","Douglas",9.18589438668557
"46025","Clark",11.6392380590927
"46033","Custer",8.00651033289406
"46063","Harding",8.36370165468805
"28037","Franklin",8.49913205490234
"29179","Reynolds",10.5139173882615
"29151","Osage",9.65643048774991
"37069","Franklin",5.55834788066893
"37003","Alexander",7.68058015072942
"46111","Sanborn",10.8805905185949
"46005","Beadle",8.54962184208981
"46125","Turner",7.529281728039
"46107","Potter",7.81494894641029
"16067","Minidoka",6.88969667532661
"16051","Jefferson",8.63365377407712
"27067","Kandiyohi",8.91842619986288
"27085","McLeod",9.15367631399925
"28133","Sunflower",7.27898486959974
"39103","Medina",8.76714992939721
"40057","Harmon",7.6260386433965
"42069","Lackawanna",8.4102263148959
"42041","Cumberland",10.6125135493974
"51035","Carroll",6.64836793885786
"54089","Summers",6.32171458731105
"17033","Crawford",7.67224859838075
"18093","Lawrence",11.1375509444173
"19113","Linn",8.99067829518003
"19087","Henry",5.88230596610067
"28025","Clay",6.25826945130348
"28115","Pontotoc",10.5082454727856
"28009","Benton",10.2942504753318
"47043","Dickson",8.93787198761347
"55009","Brown",6.37797275641717
"05083","Logan",5.54423413421401
"19197","Wright",6.2103593730773
"19187","Webster",6.99461457867006
"19125","Marion",9.05606932164494
"19083","Hardin",8.65321802744685
"19135","Monroe",7.84094553692035
"20095","Kingman",8.62072775164365
"29073","Gasconade",6.39563196866075
"13047","Catoosa",4.3595025333611
"17137","Morgan",9.46262687361742
"47087","Jackson",7.76560254443713
"48329","Midland",7.79316123952813
"48249","Jim Wells",7.19486394952754
"48431","Sterling",7.16756567649923
"08061","Kiowa",5.99688380206026
"13287","Turner",10.2686297558971
"20063","Gove",8.65042663864089
"20065","Graham",9.82031956277154
"21061","Edmonson",6.73180636790372
"21081","Grant",5.82660254220979
"39053","Gallia",10.9596391578595
"39155","Trumbull",7.99053965132394
"42007","Beaver",7.46677040383078
"49039","Sanpete",9.02452064099971
"51690","Martinsville",7.83063886072973
"55139","Winnebago",8.89998059423873
"72009","Aibonito",10.2050868526156
"27095","Mille Lacs",8.32939488298429
"31109","Lancaster",9.72905174006408
"38069","Pierce",9.32601014669574
"46029","Codington",9.46029742305126
"21113","Jessamine",6.0301487831489
"46047","Fall River",7.48101721752028
"47047","Fayette",7.5116294812744
"17067","Hancock",10.4849389607017
"18111","Newton",8.53536143420674
"19089","Howard",5.52297527711497
"18067","Howard",8.29306161173816
"72101","Morovis",10.4951290208481
"72117","Rincón",8.89313941553327
"72143","Vega Alta",10.5003306829325
"01061","Geneva",12.7737146339047
"21077","Gallatin",6.29860705459624
"48365","Panola",11.8572111835258
"51700","Newport News",6.6999580899451
"20039","Decatur",5.91391539185226
"21161","Mason",6.02945668843877
"40119","Payne",9.9172270108255
"02105","Hoonah-Angoon",10.6523246358196
"72085","Las Piedras",12.0693082526198
"12085","Martin",9.42663324639592
"17063","Grundy",6.98665836563053
"27011","Big Stone",9.15425469067586
"28003","Alcorn",9.9843977772719
"31065","Furnas",6.221151561186
"51115","Mathews",13.1160039837096
"01079","Lawrence",9.50662684720659
"01027","Clay",8.07950454574313
"27133","Rock",8.44432057270418
"05049","Fulton",7.02496336716985
"39001","Adams",8.62091723376757
"17117","Macoupin",6.99970587040954
"32007","Elko",6.633242748065
"35003","Catron",10.5911250686332
"39111","Monroe",5.89434235857702
"22011","Beauregard",7.11364540572058
"51089","Henry",7.21663052732584
"29186","Ste. Genevieve",10.637880036177
"32510","Carson City",7.68925764216327
"16017","Bonner",10.4834747960532
"17157","Randolph",8.70593738300073
"47109","McNairy",5.59169330481906
"48505","Zapata",8.17275733518689
"08009","Baca",10.3405152229855
"02020","Anchorage",6.32545082623634
"02185","North Slope",10.2765337543185
"51077","Grayson",7.60484596093834
"53059","Skamania",8.97114261576938
"35013","Doña Ana",6.21100666465797
"36015","Chemung",8.00335895408364
"26101","Manistee",7.87054364888417
"19131","Mitchell",8.650882628222
"19159","Ringgold",10.1279977109114
"26127","Oceana",7.24804925736997
"02220","Sitka",7.9044991053649
"01087","Macon",7.26735900047406
"27047","Freeborn",7.41457131484073
"27049","Goodhue",6.86424786476227
"53003","Asotin",6.4494552174202
"55089","Ozaukee",9.350065950078
"56021","Laramie",9.88574748082031
"48147","Fannin",9.36390088768386
"53009","Clallam",8.41987125625313
"54077","Preston",8.79073555787636
"20107","Linn",10.8302003006221
"20117","Marshall",8.93014632029342
"40043","Dewey",8.59831001817106
"27155","Traverse",7.58507325172439
"27081","Lincoln",8.33134175291028
"28075","Lauderdale",7.54147226666144
"28141","Tishomingo",9.83243779277854
"05047","Franklin",12.3483347889651
"05135","Sharp",6.92819600484586
"12043","Glades",11.6162058193943
"55071","Manitowoc",9.8666574063892
"56001","Albany",7.43320647767954
"05097","Montgomery",10.8595982772765
"22023","Cameron",6.05468036985984
"31067","Gage",9.98365131549194
"31145","Red Willow",6.10725489276569
"28147","Walthall",10.6011588451048
"29129","Mercer",6.58868147602637
"30011","Carter",7.73552773753282
"31129","Nuckolls",11.4457883983031
"37049","Craven",9.39268710511448
"37175","Transylvania",4.82999002053774
"13063","Clayton",9.14343278406583
"13275","Thomas",7.04194733604221
"08039","Elbert",6.37320680322514
"13069","Coffee",8.65968667777896
"33019","Sullivan",7.34570316192186
"35059","Union",4.62482013207105
"38081","Sargent",7.7594980683457
"18053","Grant",12.1147083586176
"31021","Burt",7.51865405554838
"36117","Wayne",9.1705353653656
"13187","Lumpkin",9.67773572682787
"13081","Crisp",8.32679318442422
"13197","Marion",7.69000888407002
"18099","Marshall",10.231950541696
"19037","Chickasaw",8.34275303966
"19095","Iowa",9.01926822512473
"19073","Greene",10.0034262895643
"18085","Kosciusko",8.22582148009161
"18131","Pulaski",7.96008580891037
"19121","Madison",6.70648718904867
"20163","Rooks",7.76776193374309
"20127","Morris",8.45425137010028
"36011","Cayuga",6.21290479318592
"13223","Paulding",7.06433207872425
"13225","Peach",7.63065529635506
"48163","Frio",6.34685664632048
"20041","Dickinson",9.97273406632191
"20187","Stanton",7.12009025746555
"21169","Metcalfe",11.7514943436576
"28091","Marion",7.6295129875746
"28119","Quitman",7.94179979649888
"20083","Hodgeman",11.2310379806996
"21141","Logan",7.91629137737849
"45037","Edgefield",6.96498349086862
"37171","Surry",7.41975933275151
"13155","Irwin",8.11327275018689
"48307","McCulloch",5.26353449032395
"48045","Briscoe",7.58822389790203
"48003","Andrews",9.25767751897426
"48463","Uvalde",10.3652168000172
"26119","Montmorency",5.67344773985848
"29017","Bollinger",10.8463672912905
"29071","Franklin",6.79405792617426
"30103","Treasure",8.708660950558
"46105","Perkins",7.97861840457548
"48117","Deaf Smith",8.5430284596798
"50019","Orleans",5.69796207816955
"13109","Evans",10.3192304650622
"13201","Miller",8.1593115870341
"15005","Kalawao",9.88215300049234
"22007","Assumption",9.68791661784448
"23019","Penobscot",8.4688148931582
"27065","Kanabec",8.6938960582748
"31185","York",9.52043207473173
"35049","Santa Fe",7.48588525535185
"37025","Cabarrus",9.41039906804419
"72149","Villalba",8.69368742425512
"72049","Culebra",8.04578168520145
"12005","Bay",7.52939617395166
"12111","St. Lucie",9.08181279688598
"29051","Cole",9.24780825307719
"29137","Monroe",9.354460870364
"30017","Custer",7.09877277592964
"47039","Decatur",9.3310975871259
"72087","Loíza",8.99077881812255
"17099","LaSalle",8.15845433825313
"13087","Decatur",9.57353908212221
"13045","Carroll",6.76129362510316
"46069","Hyde",11.3115810353011
"48439","Tarrant",10.8983201806391
"30095","Stillwater",12.32714353374
"31137","Phelps",9.15915709520591
"48113","Dallas",8.7022507653442
"48497","Wise",7.87293408825643
"17115","Macon",9.50104525334399
"17181","Union",9.29928682100927
"17021","Christian",7.60816737145899
"48085","Collin",6.53356357375763
"48375","Potter",10.7835755611684
"48303","Lubbock",6.79092008289246
"48093","Comanche",8.50912402643299
"31141","Platte",7.54896342758296
"31063","Frontier",8.34062894366852
"31093","Howard",11.2840764386257
"31081","Hamilton",6.5922455280291
"48251","Johnson",8.84488914924998
"48451","Tom Green",10.0905844948192
"48309","McLennan",8.42238520322995
"48059","Callahan",7.96474593993767
"48179","Gray",9.63228454962988
"17191","Wayne",11.3441517753504
"05033","Crawford",9.01805824851624
"48253","Jones",7.76120495838644
"55041","Forest",10.7859129730876
"55099","Price",6.93634909359076
"01093","Marion",9.68042626064993
"32019","Lyon",7.47212885759809
"35061","Valencia",10.7041095048738
"48493","Wilson",7.4100928938512
"48281","Lampasas",8.80084475135855
"48177","Gonzales",8.14647886363496
"48305","Lynn",9.95837009197258
"05077","Lee",7.89532956675896
"06071","San Bernardino",7.02667509160021
"06003","Alpine",10.1832745638211
"06049","Modoc",10.5630165502133
"09150","Northeastern Connecticut",7.19159830173243
"08063","Kit Carson",11.0754283315197
"26011","Arenac",7.85846327904229
"36095","Schoharie",8.728854990031
"36099","Seneca",9.65562294542309
"48151","Fisher",7.65782116460106
"48327","Menard",10.8064813894058
"48389","Reeves",8.77643578110955
"48433","Stonewall",6.89969336865066
"49021","Iron",8.74324283861489
"49027","Millard",10.4823060468756
"39085","Lake",13.1473301465729
"41029","Jackson",8.7738997493276
"12015","Charlotte",6.87495509442933
"12063","Jackson",10.4839337195012
"36037","Genesee",9.42347356595438
"37001","Alamance",8.4258865243344
"37063","Durham",8.32865611254776
"49031","Piute",8.35105035849249
"51109","Louisa",9.97772124970565
"51091","Highland",8.13383883120231
"51530","Buena Vista",8.52330562248056
"54041","Lewis",11.6331922600952
"55137","Waushara",8.94080823174835
"42057","Fulton",6.30187953519944
"42039","Crawford",8.27900200767152
"29161","Phelps",8.09527980947122
"17113","McLean",5.28440587196095
"17051","Fayette",12.1629000832198
"26049","Genesee",10.778274192971
"37191","Wayne",10.8142569597747
"37097","Iredell",8.4050872008965
"55021","Columbia",8.51761103326438
"55097","Portage",9.68782375346572
"56031","Platte",10.3907572849018
"56027","Niobrara",8.25105252859796
"29131","Miller",8.77866590436653
"29229","Wright",9.91726568845494
"29177","Ray",6.53641266370031
"21015","Boone",9.45520997148115
"36039","Greene",7.79526338579866
"37109","Lincoln",6.21514503080952
"37067","Forsyth",9.9053911211489
"38027","Eddy",7.49697294785911
"72119","Río Grande",7.35166447983667
"72033","Cataño",9.07498244070404
"29001","Adair",10.6577973256413
"30107","Wheatland",9.18331378042086
"31111","Lincoln",8.08115215194245
"51021","Bland",9.57535771051951
"51600","Fairfax",6.28964624839134
"51580","Covington",7.98291871893721
"38041","Hettinger",7.90543964622248
"38057","Mercer",7.11450373579944
"72053","Fajardo",8.41508204623723
"72054","Florida",5.13808447700398
"31179","Wayne",8.0481142874569
"31119","Madison",6.74063723393998
"31139","Pierce",8.03099228458731
"31009","Blaine",8.99104811748824
"54105","Wirt",6.3256817001203
"55047","Green Lake",6.29956669355895
"39049","Franklin",8.11716406940159
"39063","Hancock",9.1109634476077
"39077","Huron",4.54337377097419
"72107","Orocovis",8.8669067151958
"31149","Rock",6.94814331507891
"37081","Guilford",9.12205103779282
"37195","Wilson",8.06418962880173
"21143","Lyon",10.0681491390852
"21057","Cumberland",6.37580619605108
"39033","Crawford",4.58576468671194
"39165","Warren",6.9221637512549
"39129","Pickaway",7.07065383619129
"72013","Arecibo",9.75067057018142
"72125","San Germán",8.36181632819979
"38063","Nelson",7.58543171434488
"38045","LaMoure",7.03286345682037
"38039","Griggs",7.61092161672555
"38065","Oliver",7.69120464873325
"21039","Carlisle",7.5334901693633
"22095","St. John the Baptist",6.6252239899155
"40103","Noble",12.4531416474812
"40005","Atoka",8.61881659627975
"72043","Coamo",9.35500155122465
"72129","San Lorenzo",8.40816189012896
"39097","Madison",5.8350876240582
"39169","Wayne",8.2261706580878
"40107","Okfuskee",10.6196962410288
"27007","Beltrami",10.0874669590561
"27001","Aitkin",9.68801038422796
"27033","Cottonwood",8.0422688529061
"27051","Grant",8.42225180848878
"42079","Luzerne",6.85564355756064
"42081","Lycoming",9.13287954818372
"72019","Barranquitas",6.64852232627862
"72027","Camuy",7.5802351177238
"40039","Custer",5.11600892580318
"40029","Coal",7.95891581223414
"41053","Polk",8.76614188401931
"27165","Watonwan",8.40020653300681
"28085","Lincoln",4.77185174532653
"28019","Choctaw",3.06672659730691
"28069","Kemper",4.66237702540825
"42075","Lebanon",9.98441421842011
"42019","Butler",11.5011341515171
"45011","Barnwell",9.86532486616644
"72069","Humacao",10.8477897238149
"72089","Luquillo",9.24281459748738
"42021","Cambria",5.07545104528588
"46017","Buffalo",10.5888864394928
"46079","Lake",7.99930288882084
"46049","Faulk",10.0272873536972
"28077","Lawrence",6.97885735672254
"29123","Madison",10.0144308504787
"29187","St. Francois",7.65639750556768
"29049","Clinton",8.47445130677896
"45039","Fairfield",10.6710725960747
"46037","Day",10.0253798502921
"46115","Spink",8.71187244745899
"72035","Cayey",5.06024546870257
"72123","Salinas",7.9188862581287
"72115","Quebradillas",8.59601671965104
"13307","Webster",8.41632382406649
"30109","Wibaux",7.06133863199599
"29079","Grundy",6.83170978279757
"29121","Macon",10.8194524963656
"29061","Daviess",6.00605428809177
"46021","Campbell",3.82844168779998
"47141","Putnam",7.59236003258794
"47077","Henderson",8.92797342326084
"72103","Naguabo",7.71798134770982
"72091","Manatí",7.2965351145622
"18091","LaPorte",6.73280920055702
"26015","Barry",13.4463519198228
"20023","Cheyenne",8.68427071970616
"40111","Okmulgee",7.62667510898378
"48367","Parker",8.76660520340671
"48385","Real",11.4422820775954
"02016","Aleutians West",7.63360323732845
"31105","Kimball",9.72507328634828
"31033","Cheyenne",6.64751755402631
"72083","Las Marías",8.68911881195848
"72081","Lares",10.9279771723537
"34037","Sussex",8.83693826669049
"31143","Polk",10.5420297333796
"40069","Johnston",9.2499846452838
"01133","Winston",10.2357870601521
"37143","Perquimans",8.17038508614297
"40001","Adair",7.78426343103461
"40041","Delaware",7.40818973686589
"31169","Thayer",5.95910727843911
"38087","Slope",9.02446658763161
"19171","Tama",11.1755810217914
"31125","Nance",9.8565752580478
"55039","Fond du Lac",6.11184656741648
"51510","Alexandria",5.57888296081038
"30021","Dawson",7.43015924114734
"31053","Dodge",8.8043197087647
"35027","Lincoln",6.96244991014126
"16047","Gooding",9.23635786772749
"47131","Obion",5.55137077381564
"37157","Rockingham",9.54972580811931
"29101","Johnson",6.85178901585486
"31013","Box Butte",5.82991552923373
"30067","Park",8.63471988656947
"39027","Clinton",7.1092603572044
"46059","Hand",8.515103405839
"46129","Walworth",7.86732322474853
"51590","Danville",13.6156814157008
"55109","St. Croix",11.9626189638658
"48247","Jim Hogg",9.19842275541297
"17081","Jefferson",9.48034583620271
"26149","St. Joseph",5.16793713660238
"13211","Morgan",10.1521576268524
"47071","Hardin",9.66735114927304
"47083","Houston",9.01790743797122
"48133","Eastland",9.17323367574574
"22047","Iberville",5.38484608436809
"38031","Foster",7.66446013750517
"20185","Stafford",9.0443478469547
"21163","Meade",9.7375043899479
"31073","Gosper",6.89437776018067
"39163","Vinton",8.34794401107548
"29181","Ripley",7.57637541912055
"31133","Pawnee",9.46363300623577
"37189","Watauga",6.1641950386407
"72151","Yabucoa",9.80802890931723
"13159","Jasper",7.93377127206402
"42121","Venango",8.65893918131599
"46057","Hamlin",10.1711853742678
"48021","Bastrop",6.90774094565193
"48285","Lavaca",6.6927374292139
"40071","Kay",6.4475643710915
"46081","Lawrence",7.83015688583953
"48267","Kimble",9.43440415396023
"29053","Cooper",5.55118994218388
"01113","Russell",8.68589653066584
"12079","Madison",11.2017392734699
"18159","Tipton",8.14009181202705
"24013","Carroll",7.13012867980601
"37149","Polk",8.11420531608603
"44009","Washington",7.59410797673147
"54075","Pocahontas",7.86645888954647
"56033","Sheridan",12.999402006174
"13077","Coweta",11.7051074150544
"21165","Menifee",6.8034449241943
"32001","Churchill",10.4536937712267
"46085","Lyman",9.66420578802625
"51037","Charlotte",4.72858934246102
"55035","Eau Claire",9.93278963145661
"72007","Aguas Buenas",9.07466852373316
"72005","Aguadilla",5.18810311771732
"50011","Franklin",7.54144724542265
"05053","Grant",9.98843063546161
"51683","Manassas",10.0608206220038
"25021","Norfolk",7.61002780617832
"12091","Okaloosa",7.56573922866671
"17055","Franklin",9.32505300747874
"31029","Chase",7.4312080452143
"55055","Jefferson",7.25618608652294
"55113","Sawyer",8.25623386648536
"01081","Lee",8.41077397465961
"39069","Henry",4.33685017049404
"51570","Colonial Heights",8.42080313277686
"28047","Harrison",10.3088825879415
"30075","Powder River",9.55607621526244
"17111","McHenry",5.06397169418068
"17201","Winnebago",8.87129249046914
"18003","Allen",8.81220359261942
"13099","Early",5.34744153058601
"20017","Chase",8.77505375166762
"26123","Newaygo",11.7661924383824
"08101","Pueblo",8.52407564072554
"21117","Kenton",11.3331468833007
"21103","Henry",8.81074058961826
"48393","Roberts",11.7886389594482
"28099","Neshoba",11.6961975961301
"17127","Massac",8.10872173452396
"19057","Des Moines",6.45413141992159
"20003","Anderson",9.87710901918832
"28131","Stone",6.42106455407049
"01019","Cherokee",9.95898538623919
"17187","Warren",10.9313378555571
"29067","Douglas",7.90178066387828
"31151","Saline",11.2464055840959
"39047","Fayette",10.1995941154539
"13281","Towns",8.39321231764128
"16009","Benewah",10.8133805695464
"47051","Franklin",7.02236815835314
"47101","Lewis",6.02908954710526
"18025","Crawford",9.19066361574868
"19193","Woodbury",7.65469129663315
"27115","Pine",8.87582234128452
"29173","Ralls",7.94600720658803
"31157","Scotts Bluff",7.73040095394179
"47139","Polk",5.34864634559953
"48217","Hill",8.04356001679692
"51061","Fauquier",7.45873222442404
"28031","Covington",6.94315120037434
"29015","Benton",10.6670118296123
"31183","Wheeler",7.17437306542154
"37135","Orange",10.4390369667734
"26079","Kalkaska",6.70209385922836
"13131","Grady",6.7504040068163
"17139","Moultrie",8.54957416861398
"19181","Warren",8.27866629224959
"36089","St. Lawrence",10.6605152507069
"37169","Stokes",7.48365140492359
"51065","Fluvanna",9.63442172873297
"51685","Manassas Park",11.5283854790751
"55049","Iowa",7.6991503438776
"37197","Yadkin",7.76935917420072
"38091","Steele",6.35913915619187
"39089","Licking",5.76663907938038
"20045","Douglas",8.95369360116422
"20111","Lyon",7.12618499314524
"21207","Russell",9.36539200617914
"38029","Emmons",9.52533733050191
"39141","Ross",9.15046395203069
"55078","Menominee",9.5387046655139
"01059","Franklin",9.82540634611217
"01111","Randolph",8.59686948954051
"05127","Scott",7.61566806554388
"40127","Pushmataha",7.02355624258277
"42109","Snyder",6.50137934893874
"46067","Hutchinson",8.08370156939452
"48457","Tyler",8.16217359233401
"21233","Webster",8.32081351673047
"39009","Athens",9.2925513925499
"01123","Tallapoosa",9.50671741227217
"40053","Grant",9.98041913913212
"08045","Garfield",6.76151768930141
"17163","St. Clair",8.79941100433182
"47171","Unicoi",7.70293544533648
"48129","Donley",6.4749066311418
"48345","Motley",12.6511057829072
"51730","Petersburg",10.6966711924261
"47181","Wayne",6.92339539341791
"49053","Washington",7.9257426395331
"50013","Grand Isle",7.202478633007
"18153","Sullivan",4.01820905525594
"17085","Jo Daviess",7.49761920925559
"26075","Jackson",6.69430370250563
"19007","Appanoose",7.68919185053217
"55141","Wood",5.95084115889802
"72137","Toa Baja",8.33265826415971
"72077","Juncos",5.99389562783153
"50007","Chittenden",9.57531312970608
"05071","Johnson",7.12030226004065
"51197","Wythe",7.54129335655295
"53007","Chelan",9.51629173362626
"55073","Marathon",10.7584253770102
"55131","Washington",10.4156421758922
"20011","Bourbon",7.8937262899904
"21213","Simpson",10.0613253484111
"40081","Lincoln",11.0747088053954
"72045","Comerío",6.95239590520835
"72135","Toa Alta",6.10867209608393
"42001","Adams",6.69452771737768
"08014","Broomfield",9.06176811039017
"48109","Culberson",7.3252456778798
"48047","Brooks",8.33121968527705
"27005","Becker",12.0371638891431
"01053","Escambia",7.78866901632238
"17093","Kendall",11.7780693466896
"40049","Garvin",9.74059912291953
"25003","Berkshire",11.1324108294974
"48165","Gaines",6.53326961685531
"56041","Uinta",10.4976271165359
"05137","Stone",7.10838560843091
"27151","Swift",7.38220698405059
"28135","Tallahatchie",7.70269969200872
"20131","Nemaha",4.94630280432964
"19143","Osceola",11.291137909937
"20007","Barber",7.50770120908003
"21191","Pendleton",8.99450455580894
"28005","Amite",8.74393148677062
"29133","Mississippi",11.0933788220793
"13145","Harris",10.6430570755259
"18137","Ripley",9.19063961721283
"20169","Saline",8.66535379945963
"29107","Lafayette",10.4247259655036
"18139","Rush",4.91169809433779
"19015","Boone",9.03231018477392
"19009","Audubon",8.73260402368643
"40059","Harper",7.93391806206901
"42025","Carbon",6.5335565457118
"31127","Nemaha",7.14680271268866
"33011","Hillsborough",8.76213707728811
"21171","Monroe",8.77056530726404
"28129","Smith",6.2982967931698
"29215","Texas",8.22227286450331
"29125","Maries",8.02400593217903
"20073","Greenwood",9.79173810986058
"20071","Greeley",11.2457575975069
"46051","Grant",9.62029777580248
"48485","Wichita",7.15596255495092
"47175","Van Buren",7.66963432085857
"48145","Falls",7.65634091166985
"37011","Avery",7.45971027429302
"39105","Meigs",7.58745923395284
"37037","Chatham",9.06791003841461
"38093","Stutsman",8.24887367598694
"42131","Wyoming",6.73486069103674
"50005","Caledonia",11.8802709804274
"05043","Drew",8.48831197482704
"12027","DeSoto",8.4697378735281
"48487","Wilbarger",5.86887664633272
"22005","Ascension",11.2536100779513
"26039","Crawford",6.60145301488101
"41011","Coos",9.50966002303641
"46089","McPherson",9.24253749850763
"45081","Saluda",8.97754126499656
"13117","Forsyth",8.80074346157055
"48415","Scurry",7.14500139377871
"48417","Shackelford",8.03655160578723
"27037","Dakota",10.1269836851045
"27125","Red Lake",9.3819572864442
"48197","Hardeman",5.97502844704626
"50003","Bennington",7.16531499696295
"47179","Washington",9.40385405872027
"48009","Archer",12.4980982801765
"48275","Knox",8.4211220474875
"22089","St. Charles",10.0280778887977
"28071","Lafayette",4.8324533100885
"28117","Prentiss",6.25153083267184
"29175","Randolph",10.4348381538559
"51043","Clarke",10.4494169137271
"05125","Saline",9.02187658591719
"48331","Milam",9.84109136779562
"53013","Columbia",9.65881855662515
"27149","Stevens",6.97403319494671
"27101","Murray",8.57716590423065
"28127","Simpson",6.75906058311428
"31069","Garden",11.1112818877761
"31035","Clay",8.06142896904757
"35037","Quay",10.1108453012579
"36049","Lewis",8.9986598529462
"13097","Douglas",9.57072376173212
"13043","Candler",9.73065546065507
"18169","Wabash",7.70313882303242
"19023","Butler",7.3699653402136
"69120","Tinian",8.45781624407393
"72065","Hatillo",10.1381133021144
"28155","Webster",6.70958161374864
"29039","Cedar",7.53751776552791
"31077","Greeley",8.89227453782204
"38061","Mountrail",9.64125987046741
"39143","Sandusky",8.16662018002332
"19153","Polk",7.9263545650213
"19049","Dallas",7.64294850879882
"20001","Allen",8.79826192703219
"72095","Maunabo",7.97806559091301
"17039","De Witt",5.28874671949975
"05027","Columbia",10.0223858507705
"40019","Carter",10.0446274542137
"21019","Boyd",5.93396768294509
"02063","Chugach",9.9931455546301
"39119","Muskingum",10.2308010888695
"40153","Woodward",6.91603754908579
"46061","Hanson",8.03461205208908
"46045","Edmunds",9.46567239842274
"20197","Wabaunsee",8.61187342777628
"21211","Shelby",9.46736620387962
"27093","Meeker",7.26288990107739
"39015","Brown",8.32638020471274
"17103","Lee",10.603676714731
