"GEOID","NAME","STATE","YEAR","TOTAL_POP","MEDIAN_AGE","WHITE_POP","BLACK_POP","ASIAN_POP","HISPANIC_POP","MEDIAN_INCOME","POVERTY_RATE","NO_HEALTH_INSURANCE","MEDIAN_HOME_VALUE","MEDIAN_RENT","BACHELORS_DEGREE"
"01069","Houston","AL",2021,951497,36.8148713884875,214477,201347,31478,128010,64636,11.05248977663,14.3864078074694,646540,2609,42.6045585563406
"01023","Choctaw","AL",2021,85493,34.3626848235726,196894,209492,223747,345571,96082,28.350159660913,5.45270745176822,933669,901,13.3333518542349
"01005","Barbour","AL",2021,739568,38.2615496451035,491906,52188,281876,90024,86868,26.6426143830176,21.715374905616,544118,1750,41.0334573616274
"01107","Pickens","AL",2021,485771,36.226181620732,76778,68916,259406,349737,67044,26.1636795429513,12.933626845479,359458,1746,23.9590794569813
"01033","Colbert","AL",2021,959954,31.7580528138205,420216,377315,128081,314549,88749,6.72915941802785,24.277627361007,583410,2153,50.1754561928101
"04012","La Paz","AZ",2021,495688,49.3477384420112,870014,244776,158845,54557,80245,24.9778212117963,18.2861549779773,786630,828,54.9007072718814
"04001","Apache","AZ",2021,23594,41.0916289454326,597013,114737,93418,109148,39295,10.8023314166348,11.2591273826547,112282,1026,57.3050319356844
"05081","Little River","AR",2021,366233,33.9769903523847,837891,453579,10651,3630,67547,6.8322057207115,25.0380019680597,339952,1276,41.7332583013922
"05121","Randolph","AR",2021,175641,37.4964212859049,247596,20899,126698,341914,91457,12.2339911072049,8.30237087560818,544582,1797,38.9016888476908
"06037","Los Angeles","CA",2021,416569,38.6012746393681,679675,479832,85318,105592,36740,26.7975035950076,4.35482759959996,981912,1978,28.8173475093208
"06097","Sonoma","CA",2021,560000,49.3763592420146,89264,313836,153832,100326,78567,26.7602753196843,5.2153140376322,520715,2853,57.7983184391633
"06001","Alameda","CA",2021,976153,49.4108778843656,811164,375639,196415,211470,32970,16.2013929581735,13.301918967627,391469,2415,56.6755707166158
"06045","Mendocino","CA",2021,978039,36.6942196618766,788918,213418,85045,363905,41567,11.4753776881844,15.8511497802101,397027,1082,58.038683750201
"06015","Del Norte","CA",2021,424895,32.9737893259153,413883,151618,113508,144698,59732,11.919504434336,6.54741347534582,855571,1743,57.2883916459978
"08077","Mesa","CO",2021,48513,49.941644789651,875655,42958,299123,185883,90768,12.6605849899352,4.86839725635946,954294,2885,28.7782422057353
"08083","Montezuma","CO",2021,984777,39.8747390508652,8244,405591,68823,361103,42505,17.593623122666,0.450244043022394,767572,2926,28.6667317291722
"08067","La Plata","CO",2021,727085,39.1963566606864,658999,349114,189562,285699,50883,23.2276060048025,27.3809025599621,494342,2658,29.9439357384108
"06055","Napa","CA",2021,438877,30.5580396996811,25078,213589,11352,358540,83219,29.6959768584929,2.66861095558852,141464,1413,52.8859405452386
"10005","Sussex","DE",2021,542703,48.5377972153947,113934,296791,271231,255160,46558,12.9656360379886,22.4712683376856,460454,2054,49.9160152650438
"12086","Miami-Dade","FL",2021,746189,32.5926473923028,747527,226984,134649,195710,60056,19.0429510152899,13.2493042876013,975487,535,46.0504415468313
"12071","Lee","FL",2021,802937,36.1250458005816,136074,497572,26430,120751,67258,17.7708436630201,6.73940582899377,430043,1160,50.0708453846164
"12037","Franklin","FL",2021,837311,42.0753039093688,44648,443330,104372,198629,79518,17.6615378307179,10.0993277924135,817612,1121,29.0080775413662
"12033","Escambia","FL",2021,957448,30.667483638972,771101,185138,67593,234343,62094,12.4807629745919,19.4894596980885,256317,517,50.7281813095324
"17031","Cook","IL",2021,334703,44.7634027851745,662847,160981,100389,386670,64554,23.7450822500978,6.30070156417787,394136,1240,20.2739161811769
"17017","Cass","IL",2021,107748,43.9996010763571,309524,53745,232756,109832,99713,6.20043843053281,1.29639805527404,216622,1471,15.3364563267678
"17109","McDonough","IL",2021,793043,30.7885196525604,849526,6994,104671,296819,31740,7.70237923250534,8.61605169950053,994717,2474,29.2095580277964
"13245","Richmond","GA",2021,197360,40.9043150162324,851968,169042,242879,167277,43361,27.6751156151295,9.42771756090224,980209,1609,41.2703107483685
"17041","Douglas","IL",2021,508666,47.6915275771171,762602,231139,193634,96727,64389,23.9412688137963,7.92185856029391,835791,1818,47.9304331960157
"13103","Effingham","GA",2021,587023,37.6507081789896,310635,63881,7873,307276,81950,25.4549086687621,13.6814676574431,170687,1598,34.3223215104081
"16027","Canyon","ID",2021,632655,33.9671145286411,770881,8855,190710,218800,54175,26.2596357101575,17.905248280149,852586,2441,28.1704748189077
"26103","Marquette","MI",2021,111669,47.6631311373785,557926,260266,254158,127541,83237,20.7249695039354,10.2300385432318,464918,2722,54.713418034371
"18061","Harrison","IN",2021,674292,33.1915434962139,830443,307946,223580,192961,77406,24.696887221653,2.55124184768647,455046,1405,45.992451000493
"19177","Van Buren","IA",2021,306174,35.9265764476731,875696,159789,123392,143881,87459,6.14645645371638,12.480445986148,929715,1792,27.0601687161252
"19045","Clinton","IA",2021,777865,48.3970565302297,657148,159981,183947,20913,94913,16.3817064382602,21.3817256852053,649876,1868,14.9348163767718
"19163","Scott","IA",2021,856249,42.1252663759515,330672,399874,97760,84620,88787,19.0670180669986,0.60707384487614,538839,2018,47.3995959991589
"18161","Union","IN",2021,654514,33.4317610552534,758686,396403,273935,164784,73729,27.5226584996562,26.1899752216414,525456,1844,36.429776835721
"26107","Mecosta","MI",2021,567460,39.3751430651173,757179,324478,173675,136847,30490,22.4868778325617,9.89618060644716,670952,2136,40.2975042141043
"26063","Huron","MI",2021,448489,33.9864191273227,243768,145121,269886,72790,64368,11.2062959827017,23.8236776436679,416471,609,21.6542604053393
"36067","Onondaga","NY",2021,703237,42.8856123797596,321226,368582,33771,283838,96604,15.3838651499245,25.5003639729694,399133,993,34.7180694830604
"20175","Seward","KS",2021,535949,41.5490119345486,854961,61415,267734,358213,68977,27.4531075800769,24.4465289264917,888239,1427,35.5565859028138
"36071","Orange","NY",2021,519052,44.671802809462,129842,41092,130732,184624,75381,8.73990518855862,12.0755230053328,677389,2650,16.4096886548214
"08031","Denver","CO",2021,466344,32.4804601818323,620058,435045,153745,212347,61272,20.9371081390418,26.5719632478431,124251,905,10.7779864943586
"36017","Chenango","NY",2021,438636,43.3144913008437,122251,468314,208457,321686,30720,7.64060459448956,25.397087498568,994030,2858,52.7622460294515
"21101","Henderson","KY",2021,604094,46.2867286428809,385673,69892,297170,17450,72215,28.5991210152861,28.9483462111093,828107,736,31.4805247145705
"21195","Pike","KY",2021,309028,43.3979584695771,92836,330982,170584,336405,41288,13.8554698391818,14.1241990635172,682614,623,47.1553038363345
"08019","Clear Creek","CO",2021,216880,32.6123078912497,217454,341249,247999,169785,45449,20.6919753761031,11.8381428206339,947968,538,54.9280033935793
"08055","Huerfano","CO",2021,816022,31.3383968686685,542142,160608,83629,80694,68447,28.1521737528965,28.4160493849777,106054,2926,59.2411033250391
"21093","Hardin","KY",2021,193117,39.5651142951101,864462,283925,19584,227290,64844,11.6121557145379,6.06344256782904,145431,2173,10.4467200022191
"21127","Lawrence","KY",2021,174311,43.446788918227,809827,146277,202281,209509,62105,18.7410321796779,8.50545973051339,622197,1716,53.7135433079675
"26099","Macomb","MI",2021,51398,47.6647858927026,118713,433853,260298,206626,69289,14.6664507873356,28.470115356613,313685,2303,21.4006536314264
"21135","Lewis","KY",2021,847217,36.6942264372483,285294,45583,186860,119249,42070,16.9337155134417,22.1508367289789,694755,2680,26.850824910216
"22051","Jefferson","LA",2021,50239,47.4432531604543,403406,467884,252732,168552,95561,14.0822018217295,6.60327712772414,787241,2949,54.3734848988242
"22111","Union","LA",2021,746311,45.4694417817518,789349,298418,6407,353528,80381,19.050080004381,16.1757108382881,423019,2917,52.5990945077501
"22067","Morehouse","LA",2021,786637,49.9724556319416,720618,433463,106776,339023,63767,12.5647226651199,16.1732153501362,658078,2046,10.9939499315806
"08091","Ouray","CO",2021,214765,41.1156342504546,781453,195974,132839,197109,54561,12.9391473496798,6.15866716951132,745030,1856,28.1447082199156
"23013","Knox","ME",2021,23944,45.6162995984778,672382,122885,95533,67434,82087,5.82075395621359,20.8964450005442,543956,2626,44.0226022410206
"23015","Lincoln","ME",2021,977643,37.500990992412,512805,465315,231025,126511,59925,17.0003267657012,1.93100467091426,940993,1188,54.3790702964179
"02170","Matanuska-Susitna","AK",2021,777371,46.560698770918,79552,159840,48398,329467,65810,10.3724566823803,19.8271851637401,483879,2746,11.0809306288138
"02290","Yukon-Koyukuk","AK",2021,519985,30.0966842239723,520240,335563,75150,265784,55970,20.3577360848431,5.86058086948469,846478,637,23.915076374542
"24005","Baltimore","MD",2021,139741,33.4506921004504,109420,45567,72313,10361,52345,29.1531286388636,18.832800288219,429853,2424,37.6793456287123
"24047","Worcester","MD",2021,574659,36.7969865445048,666053,97859,17933,335933,66410,11.0179134772625,14.903838916216,267647,647,12.0147936651483
"24031","Montgomery","MD",2021,70934,47.8433750150725,728667,429425,247967,240180,95688,7.06656651571393,12.3442129441537,810814,1365,20.201112437062
"01051","Elmore","AL",2021,362950,45.3198095364496,410170,55740,114105,335759,64174,11.5843554155435,27.4374795821495,356676,1941,47.2726358706132
"01009","Blount","AL",2021,708413,43.7271733535454,687616,287075,47102,271054,88420,11.1132209491916,21.0163222183473,337950,767,31.555068960879
"25001","Barnstable","MA",2021,877684,47.0944029884413,388659,85071,2389,288871,36438,27.2078324994072,22.2283318382688,421946,1358,58.2884679920971
"25013","Hampden","MA",2021,570859,42.6089513488114,22118,84836,221498,199939,94670,8.4102339821402,20.5247162142769,356233,1732,44.5483771176077
"26041","Delta","MI",2021,756999,30.2035469422117,752197,136194,12015,276065,72662,23.4203504235484,18.092188204173,599198,697,49.6948530105874
"01025","Clarke","AL",2021,526199,35.0601744418964,180061,6361,198862,71157,33281,28.6833203176502,20.0770397647284,891085,2032,50.7679916126654
"01055","Etowah","AL",2021,902914,43.5920161101967,671039,293393,212724,192986,86700,29.7289573948365,9.24581772414967,989516,2154,13.8573339465074
"26013","Baraga","MI",2021,280882,36.4580718427896,534164,98109,5713,179896,43166,19.6471083222423,3.76854257890955,827876,664,59.3990927585401
"01115","St. Clair","AL",2021,542051,46.7409143224359,475074,162568,63000,344951,63427,20.1739027351141,16.9496710645035,369278,2177,17.9358431976289
"01065","Hale","AL",2021,526607,41.3341503264382,163602,115411,233704,168034,34018,10.819441966014,17.0154697238468,569300,2411,23.6222563218325
"27137","St. Louis","MN",2021,424271,30.581809328869,571642,147412,79978,302390,39050,10.9281049529091,16.5643533831462,855027,2658,15.3955451352522
"27107","Norman","MN",2021,898401,42.7756575215608,99114,63859,74539,108066,33357,28.2637929555494,2.18528714496642,136210,1220,35.2469768747687
"27173","Yellow Medicine","MN",2021,756726,49.8853162163869,380323,285489,241265,392959,77725,20.0646052090451,13.9088795799762,154886,763,54.0047954209149
"28087","Lowndes","MS",2021,946765,31.934109525755,526689,317652,233768,122172,50921,16.85743730166,17.7367763710208,585667,1272,24.9923236458562
"29031","Cape Girardeau","MO",2021,83042,33.1478453939781,157957,50522,151882,27652,48555,17.614659947576,7.72169878939167,558619,1320,22.5839402200654
"29201","Scott","MO",2021,335758,35.996268405579,194195,489349,110193,190253,30230,15.5758655874524,14.2954319226556,872079,919,37.8060823096894
"29081","Harrison","MO",2021,353434,45.9725600574166,621033,288271,37453,243880,41518,6.71794133493677,28.9537182287313,398718,1880,33.0367333162576
"30031","Gallatin","MT",2021,20860,31.8483626563102,271581,474140,285877,64866,36848,28.9767678489443,23.9033498824574,794047,2626,38.2099436502904
"30071","Phillips","MT",2021,785228,36.5937460958958,311552,242206,241315,246254,88654,12.8951197152492,12.4961576261558,535225,631,38.2963974867016
"30085","Roosevelt","MT",2021,653562,40.2781562320888,559992,201760,63697,251641,36888,21.1221645423211,14.084672536701,182674,2819,54.1073102178052
"30089","Sanders","MT",2021,69422,38.797707776539,51678,373962,60855,365546,54949,17.1050014684442,28.7056572781876,582576,985,36.9789493526332
"31103","Keya Paha","NE",2021,812242,43.9748295675963,143781,481920,177950,20035,94466,6.71032075304538,17.1858703927137,182948,1548,37.7720886864699
"34011","Cumberland","NJ",2021,946777,39.3218282004818,292875,239491,113541,215376,77948,24.4597437453922,15.0315858260728,593274,1536,46.3485157606192
"34041","Warren","NJ",2021,760724,46.2971105147153,516607,232386,294706,55109,55244,20.1163806789555,24.0916298283264,546776,1583,31.5770229580812
"34005","Burlington","NJ",2021,119284,33.383578537032,473664,309599,226277,357690,80671,14.0477975900285,27.2249224456027,861391,785,58.3430442283861
"34023","Middlesex","NJ",2021,599774,40.9832136379555,528916,349928,145276,225153,70491,7.00561092351563,29.2376578180119,396837,2190,39.6685486100614
"35041","Roosevelt","NM",2021,228442,40.7250340189785,408958,28961,42361,57615,92463,18.4416350338142,12.7169651328586,679085,1401,52.7473479299806
"37031","Carteret","NC",2021,776801,32.5656874245033,515730,373832,52874,29756,34271,17.9189900588244,27.4723542435095,684492,2537,47.6621458912268
"37165","Scotland","NC",2021,13908,35.9293666994199,378035,492410,86699,302856,80501,17.4747511814348,19.2490565520711,239359,1712,29.6001018979587
"37009","Ashe","NC",2021,468738,41.3151136506349,560266,431690,273889,295759,33069,28.7501496216282,11.9059377210215,714908,1896,44.7065947949886
"37075","Graham","NC",2021,248094,35.0105555029586,312579,485306,267682,382980,75965,9.64779727044515,2.82919997116551,879812,2196,17.2828619740903
"38105","Williams","ND",2021,200824,31.1188910761848,68449,297886,61255,88412,68249,19.8726534622256,11.779254230205,258859,785,48.4994850843213
"38085","Sioux","ND",2021,83374,35.1677435357124,776042,381118,275146,189863,39360,22.4106618971564,8.53945834329352,701716,866,43.4948906674981
"39123","Ottawa","OH",2021,738662,31.4320363663137,481241,263632,239285,121930,43304,10.3041385661345,15.6433089799248,266881,1860,27.2004246967845
"39125","Paulding","OH",2021,151325,46.630168906413,831092,210352,295109,296595,48137,23.9034848823212,1.35730616049841,870059,1234,14.0958697441965
"39035","Cuyahoga","OH",2021,885837,32.9159640148282,697804,233740,285551,148203,36783,20.4542860516813,7.81276841880754,947032,2344,14.9019326339476
"40095","Marshall","OK",2021,123162,40.7616826053709,619195,63195,119182,81136,65006,6.4275622786954,0.33355912193656,715152,2883,20.8965088729747
"40013","Bryan","OK",2021,644503,48.8343550125137,341415,383902,199131,47999,80704,29.3528826453257,27.625310216099,938867,2216,19.7297468339093
"40023","Choctaw","OK",2021,519587,42.8643478918821,142982,386029,282039,236176,49127,26.6008149262052,20.7069340255111,272205,2523,36.2643906287849
"41033","Josephine","OR",2021,608282,40.2616310957819,647834,482178,266530,28750,75488,21.9852705847006,4.74168735556304,953205,1896,19.9717996199615
"41045","Malheur","OR",2021,985983,37.5361386081204,662839,305977,291574,46270,33180,6.72958559123799,11.2166577181779,639259,2262,49.7376213921234
"41001","Baker","OR",2021,868802,46.8746947543696,723405,124773,245181,148813,90240,16.5046052495018,9.90160312503576,961934,1416,30.9609007230029
"41021","Gilliam","OR",2021,525518,40.6792639289051,720307,250588,188502,78405,55671,16.1155175778549,10.5250261863694,983846,2487,33.093015444465
"42045","Delaware","PA",2021,206239,47.670657611452,404833,34578,85177,76532,30788,19.3282656383235,25.8803850528784,759248,2665,28.5372838866897
"42049","Erie","PA",2021,923340,34.5158918621019,251441,177711,63299,396428,40603,14.6553096722346,26.7818641103804,827101,2217,44.2354002757929
"42059","Greene","PA",2021,933849,44.7240554122254,491441,276636,40067,309440,87966,15.7027636375278,3.02198360441253,300649,2462,31.3008559076115
"45053","Jasper","SC",2021,358529,36.157119916752,215333,154835,188547,330276,45746,21.1778581910767,28.8388582784683,480690,893,30.8128577913158
"45043","Georgetown","SC",2021,876195,34.5904835686088,325438,39038,117223,322406,69399,19.8708833614364,8.82796264719218,741196,1473,30.2524851541966
"45091","York","SC",2021,817169,45.7056088652462,711990,9669,207658,158039,52349,27.7855953329708,10.7256963313557,383763,2516,27.9340836592019
"45057","Lancaster","SC",2021,281801,47.1592082548887,666138,292752,47728,192339,67723,28.7854176142719,11.5453471569344,165964,1692,16.1891678604297
"46009","Bon Homme","SD",2021,887733,34.287833198905,21925,36,233161,94057,65141,9.0654334879946,12.4322925740853,792796,926,43.441033877898
"47065","Hamilton","TN",2021,460338,43.6230266653001,597544,292856,75057,345070,44578,6.50438792188652,27.3419795092195,358604,1107,17.6899557490833
"47163","Sullivan","TN",2021,648495,39.522179402411,657045,332281,146812,50993,39299,14.9606875213794,18.5456513939425,635769,1910,30.3878875123337
"47009","Blount","TN",2021,697084,41.513326941058,435732,184305,150407,323610,95372,6.38790117343888,20.3068839618936,873842,2780,30.7221472868696
"47019","Carter","TN",2021,350046,46.8577157892287,732505,42154,90301,229619,34231,9.10587189835496,16.3070549955592,292938,2071,46.6135947057046
"48273","Kleberg","TX",2021,323810,42.0383747061715,845561,363355,68615,385889,46435,7.01097725657746,15.5861380090937,913469,1770,27.7033727406524
"48391","Refugio","TX",2021,60703,39.928170312196,417711,472131,206863,134756,95524,25.5209960520733,14.2163030616939,251466,2673,15.3545739967376
"48201","Harris","TX",2021,917238,31.2016559904441,464374,232091,225378,48731,44470,27.5112546409946,1.29577366635203,358691,736,15.166817677673
"48443","Terrell","TX",2021,775723,30.7641661167145,217443,374474,274046,1094,81122,23.7029054795858,3.35331994341686,527174,1003,56.8275907449424
"48229","Hudspeth","TX",2021,206805,31.9129615230486,232088,175858,106852,115184,50371,21.8641611002386,27.1636233176105,180328,2214,11.1408029356971
"48205","Hartley","TX",2021,501644,41.7196783144027,396595,480918,184642,27234,58154,10.2527765335981,29.3121324945241,764156,2784,13.5838099545799
"48351","Newton","TX",2021,670616,42.1213113050908,472981,214151,219612,170942,89809,15.7950394041836,19.0123505727388,545177,1207,53.391408410389
"54107","Wood","WV",2021,429097,49.1146860504523,786205,179325,179165,31382,34097,20.1668185659219,5.74727956205606,117640,2886,33.0212167254649
"49037","San Juan","UT",2021,597037,35.6467081187293,568776,89200,103615,115510,66124,7.86754116532393,29.0824712952599,146832,2820,11.9936205935664
"49033","Rich","UT",2021,38667,38.7101862486452,366206,78222,180996,373464,77746,12.4846059666015,5.18439133185893,223938,1662,16.7534936242737
"50027","Windsor","VT",2021,673780,34.1234991978854,642981,172875,70729,371843,50919,9.0304425987415,20.7072755112313,128630,2359,41.6147323232144
"51119","Middlesex","VA",2021,263883,41.2200193665922,812038,178032,229487,143648,84911,16.3362956617493,8.77880870131776,984320,2520,19.0056686894968
"51131","Northampton","VA",2021,375699,41.310211410746,788991,335036,187639,262451,34999,20.1679668982979,19.7929450683296,714079,2160,45.5987386428751
"51117","Mecklenburg","VA",2021,864057,41.3349030027166,644975,316408,189569,11842,90946,22.790760792559,26.2050394993275,768376,2203,14.1283200494945
"51133","Northumberland","VA",2021,937665,33.668544110842,723650,266697,276662,144858,52845,11.4946090860758,12.4852780695073,230255,662,40.3216631873511
"51051","Dickenson","VA",2021,417982,42.4831857951358,427430,323137,45572,381258,96778,19.7418695676606,18.407210984733,171409,583,15.0971382064745
"51107","Loudoun","VA",2021,881163,45.0667487410828,509716,43596,239828,80559,68809,18.6197129788343,29.9713870324194,547816,2120,11.1189073673449
"51181","Surry","VA",2021,792954,44.7253713617101,452138,99167,200878,102795,37947,17.9761535907164,13.0124483420514,946669,654,16.8950713961385
"53027","Grays Harbor","WA",2021,538883,43.2618720270693,559706,241238,191957,370632,88158,6.34688962134533,0.894423807039857,986716,2916,40.4009110433981
"53053","Pierce","WA",2021,20497,49.6831794641912,796682,449890,6098,364155,81312,28.934418783756,22.9004921810701,656194,948,40.7290029595606
"53047","Okanogan","WA",2021,846312,40.3628864977509,301580,442176,244348,211894,57351,9.81082946644165,0.263983933255076,154391,2393,21.0247248201631
"53071","Walla Walla","WA",2021,728329,47.2777666384354,849860,460193,237816,392086,80867,18.9690432872158,27.0573333604261,125448,1771,53.3241699938662
"02066","Copper River","AK",2021,106237,39.3500670185313,25402,115092,164073,165127,80755,22.7321825176477,6.60528705222532,745115,855,28.0552825680934
"54031","Hardy","WV",2021,733348,35.7916770176962,689631,482925,43742,69146,53727,8.28914889832959,15.9605763852596,170191,1185,21.522845516447
"54023","Grant","WV",2021,271673,37.3587630363181,586581,5012,206896,77372,58626,29.0075258887373,27.3698154953308,758457,1180,44.6363199409097
"55121","Trempealeau","WI",2021,271113,43.983988869004,30299,83810,165448,252625,93784,13.2496806920972,6.08668062603101,732367,1298,35.9536218596622
"55037","Florence","WI",2021,93266,31.2176115531474,195176,253377,163399,113410,51436,9.48296951362863,11.6057436307892,661711,869,32.2040469176136
"02100","Haines","AK",2021,628938,49.5294108707458,827388,205542,21488,322353,35587,28.2552098925225,17.744962067809,692279,2711,45.6494702165946
"56045","Weston","WY",2021,576437,35.325745367445,91624,32232,142472,192060,80973,9.68741524382494,20.3758025891148,272308,1036,30.4104699543677
"05013","Calhoun","AR",2021,733146,37.1805035788566,411617,64953,289827,22753,68620,19.8563003982417,5.88479099795222,182108,2458,27.9992152494378
"05061","Howard","AR",2021,68043,46.3628674438223,506865,280288,208018,342237,64115,8.02846943959594,0.913634276948869,730837,2356,20.8863168163225
"05099","Nevada","AR",2021,273139,46.9347256561741,251049,393600,90504,122573,79726,9.86128994380124,24.9956995574757,268436,2424,43.8103399961255
"05103","Ouachita","AR",2021,372597,47.6092551043257,72940,432757,32431,90755,99462,20.5632046225946,7.70227718632668,329068,1209,13.2947140629403
"06063","Plumas","CA",2021,58598,34.651128416881,866259,171724,52811,206352,95101,26.668677352136,13.4374350355938,770784,2423,54.9232702027075
"06101","Sutter","CA",2021,912771,45.8702700678259,336915,483510,220520,305451,76931,29.0913200948853,28.9220572658814,901465,1276,14.055997740943
"06021","Glenn","CA",2021,465486,42.2093306900933,412510,148535,58979,90413,53160,23.139224749757,0.849931945558637,446739,2662,49.8545234813355
"08015","Chaffee","CO",2021,539869,45.4911394556984,153133,65937,130022,50121,94439,28.6815564800054,28.0541639705189,586139,1181,23.8383360463195
"08065","Lake","CO",2021,647541,44.3990561366081,386986,41759,253536,274540,35648,24.1626941785216,28.5315132793039,200095,1949,50.3229235322215
"08027","Custer","CO",2021,830533,33.7933576945215,303364,4279,131586,332913,41068,19.7460758045781,6.8982177414,748425,1703,22.785501324106
"12097","Osceola","FL",2021,903152,44.4621167657897,160669,245611,276646,167097,60128,16.4074578101281,28.7143680034205,303829,561,24.8139701923355
"12119","Sumter","FL",2021,15985,41.6325747407973,347221,340693,152609,111688,93061,7.04113023355603,29.5708370092325,166921,1393,35.8465182268992
"12107","Putnam","FL",2021,547827,38.658733018674,324820,293085,209203,57234,35473,28.1908470974304,6.7658486799337,461040,1817,33.0316597037017
"13219","Oconee","GA",2021,766003,41.9064095569775,409011,85546,78410,284186,70438,27.8857351990882,29.4976606755517,897757,1676,37.8849178226665
"13135","Gwinnett","GA",2021,497745,34.5701772952452,829479,278014,147076,370676,58468,18.7565153418109,19.4343750947155,212812,1089,15.605035868939
"13009","Baldwin","GA",2021,586082,36.7091182852164,426758,66142,178046,314562,99960,15.5478528828826,4.50560241937637,747922,2256,38.3529823529534
"13001","Appling","GA",2021,168452,39.2973823612556,426908,250847,291039,12840,96943,6.76315795979463,14.8631466832012,545183,2247,20.4340240242891
"13271","Telfair","GA",2021,218870,36.5396803990006,267249,135742,96173,85959,49023,19.9390672857407,8.43892252072692,668144,1943,57.2439741599374
"13217","Newton","GA",2021,565398,30.9366943221539,41088,151308,129264,82398,39198,25.7099559251219,17.038171235472,807781,2698,34.2757160565816
"13163","Jefferson","GA",2021,522099,47.2018032986671,373767,236082,268209,108120,46012,13.794331329409,12.6917463680729,741408,639,46.9926163810305
"13267","Tattnall","GA",2021,799935,36.7848736839369,181817,125522,165006,263687,54667,10.6844997918233,25.3120821760967,884977,2072,56.785091352649
"13317","Wilkes","GA",2021,3840,42.967237541452,122952,457303,271692,171945,82958,18.1158319010865,22.7343374770135,736766,1916,10.9509696392342
"13319","Wilkinson","GA",2021,202907,47.0136003289372,741660,153700,69261,302110,62893,16.1511573195457,25.0960639980622,155342,1903,31.90232493449
"13237","Putnam","GA",2021,33163,47.4875228991732,780277,138966,48235,326256,85231,7.66689813579433,19.7847248590551,950595,2345,33.1152143329382
"13079","Crawford","GA",2021,488595,46.3241599267349,734325,360222,57258,366275,84695,26.676529495744,17.3577939975075,910642,2338,56.8194459448569
"16013","Blaine","ID",2021,166044,41.6488370299339,111996,379507,21327,212711,93788,27.3418295383453,2.23709723213688,107393,1335,42.2523124632426
"16023","Butte","ID",2021,973057,41.4951109047979,618913,378400,263792,236520,74946,20.3448254859541,4.10054947715253,248102,916,50.7856008852832
"16025","Camas","ID",2021,547171,49.0620902553201,496182,377235,8538,308003,77352,20.33055655309,13.5617296909913,520681,1997,19.3740809825249
"17065","Hamilton","IL",2021,546974,47.0631505968049,562268,264941,58997,162615,51748,21.5246900520287,15.1903822878376,594969,2450,24.6198152098805
"18055","Greene","IN",2021,809037,33.9148186193779,538273,474694,263427,352437,95752,8.16201032837853,8.35496831685305,217318,2436,39.1190683143213
"18051","Gibson","IN",2021,267120,46.6191456653178,898616,310057,291506,393666,43091,27.2357320948504,26.0254045226611,158203,1296,52.4720557290129
"18027","Daviess","IN",2021,816377,49.3612354714423,652451,23420,212004,311743,59938,17.0863660762552,22.0365650486201,301846,697,21.4039227832109
"19039","Clarke","IA",2021,748462,46.2855199165642,899284,139689,204576,32176,74085,6.39988872106187,14.2467548791319,744606,2193,23.410341180861
"19001","Adair","IA",2021,946695,44.0376478293911,607280,207345,155891,320369,43253,26.4886250556447,14.2983675375581,286500,2495,49.4308820832521
"20027","Clay","KS",2021,360967,38.8277785666287,315142,397425,20917,192907,32587,10.8755078935064,0.146168544888496,701927,2057,14.0097169345245
"20171","Scott","KS",2021,958480,45.9496715432033,555957,460420,92757,87576,73808,28.8417305226903,7.01808076584712,707564,2682,13.0168603407219
"20047","Edwards","KS",2021,276918,34.7050893027335,441302,2386,279104,293540,49858,8.63885049009696,15.5301615362987,544433,1997,40.4609275073744
"21115","Johnson","KY",2021,375184,37.3874966008589,678565,480079,90516,390371,31232,16.5388057078235,14.7571707121097,953888,2909,26.3012812961824
"21175","Morgan","KY",2021,543215,48.267090972513,407291,307420,22473,234052,67362,22.4552157521248,19.0555734629743,355486,1322,13.1980269472115
"21095","Harlan","KY",2021,427602,48.7929848302156,342684,347015,85183,31454,77277,5.61731724999845,20.9936640830711,442913,2926,40.3506800788455
"21187","Owen","KY",2021,104900,35.0847673695534,286963,457923,155873,50328,89547,24.7381956211757,19.2304843990132,900627,799,45.1991505711339
"21097","Harrison","KY",2021,838777,33.9267135551199,236919,38688,166474,359976,31376,12.6823705225252,7.91593583766371,862085,761,31.0229831631295
"21197","Powell","KY",2021,83603,36.1655537830666,87258,310879,264969,144435,57183,27.4770312954206,27.8029799857177,450877,2409,54.0283413976431
"21069","Fleming","KY",2021,709518,39.9073577625677,629611,191175,216306,334334,88321,12.1966199611779,8.03778269793838,916507,1215,23.2079554954544
"21063","Elliott","KY",2021,458205,32.1971583599225,435320,294092,131277,221047,33634,12.2687745676376,18.9619051641785,638974,544,58.8735684426501
"21079","Garrard","KY",2021,338023,41.9332600664347,518463,498369,53898,333173,72093,22.8023531741928,2.19912217464298,930650,2037,28.6142589314841
"22069","Natchitoches","LA",2021,773014,41.149887307547,320455,227395,150640,269352,35748,18.8542435015552,6.34917065268382,506475,1041,45.6428130529821
"22081","Red River","LA",2021,862656,37.5112465769053,716376,208406,101734,145679,97562,18.0109811201692,5.09852481074631,195396,1267,56.8520428054035
"22001","Acadia","LA",2021,473688,45.2084233053029,717577,173908,232877,275877,71567,9.27174682845362,5.13271828182042,817220,2612,49.9568630266003
"23007","Franklin","ME",2021,783935,34.8178316140547,64342,210488,290907,25918,39816,25.9136062418111,26.7272138572298,655125,1792,39.4152163900435
"25015","Hampshire","MA",2021,643755,30.8085367642343,747199,109845,186476,197759,72376,11.239561928669,11.9612915022299,583156,2587,30.7756818737835
"26095","Luce","MI",2021,161355,33.7562946882099,439627,28041,158540,282250,76868,5.6380696373526,11.1862878198735,769243,2974,33.2069239369594
"27097","Morrison","MN",2021,605010,39.2414064379409,57934,60124,154327,209084,98379,16.3380386785138,8.04772338364273,584425,1582,36.5746989287436
"27023","Chippewa","MN",2021,93254,34.6284197643399,92690,314082,160242,192489,66542,27.8886456578039,0.528751518577337,670618,2582,14.4807267957367
"27139","Scott","MN",2021,302323,42.4875444127247,686798,22677,192667,365711,81292,27.4588033743203,7.55499422550201,186593,2550,36.5719029004686
"27087","Mahnomen","MN",2021,871645,49.4354174984619,481541,401442,173731,221023,91764,8.31493944395334,15.8137188619003,196598,2203,55.0192093499936
"28121","Rankin","MS",2021,653723,39.3433916568756,716124,176254,123827,298347,75333,9.69878811854869,21.7859715479426,683183,2650,15.9018696658313
"28083","Leflore","MS",2021,963315,41.6321461414918,895410,389065,103354,144471,68567,12.4468953884207,7.73004666203633,685453,2757,42.7042687567882
"29113","Lincoln","MO",2021,808247,44.3941570213065,712191,179674,216322,51264,75844,17.4675471219234,17.6324644102715,757904,811,37.7100321021862
"29167","Polk","MO",2021,373328,44.4435132807121,637243,137649,164689,218420,52763,16.1682193877641,22.5075442157686,286796,1724,58.9865862415172
"29207","Stoddard","MO",2021,264576,37.1815754054114,509639,492532,52425,370589,83407,10.9371932409704,3.91856042901054,804742,2738,27.2127609490417
"30013","Cascade","MT",2021,648604,49.9242763174698,361981,252246,37543,245169,54431,16.2519948801491,14.6571590728126,880482,745,33.0630300589837
"30093","Silver Bow","MT",2021,218710,37.5585770001635,446854,139151,187771,294500,71928,27.1648968115915,16.4746624301188,185942,852,53.1159311439842
"30055","McCone","MT",2021,284545,34.5808176603168,822087,324990,53961,190559,96512,27.2549122350756,4.7699229978025,739091,1536,53.4338390361518
"30059","Meagher","MT",2021,252143,47.7961078099906,692644,122363,205940,270619,70673,20.8801054232754,7.56469476269558,628733,1889,39.831611586269
"30033","Garfield","MT",2021,749581,38.4177360404283,576452,446315,129714,52967,65296,11.3592727354262,6.56950493110344,143607,1199,31.6247620410286
"31071","Garfield","NE",2021,567759,31.2748065544292,561921,363776,247813,366482,93657,11.3979135360569,12.5845439778641,162283,2713,19.7582500893623
"31115","Loup","NE",2021,811384,41.0144863184541,74925,215891,60406,162463,71827,11.427436042577,15.2668073913082,975089,1658,18.904704649467
"31075","Grant","NE",2021,18098,48.8861191179603,78878,373754,134511,94051,59251,19.238248381298,3.55620617978275,164172,2032,19.5894415979274
"36053","Madison","NY",2021,720368,38.2585124671459,27538,65215,105397,177318,64341,7.88568936521187,10.2515073912218,115379,1919,18.3990143146366
"36077","Otsego","NY",2021,155762,32.8699728287756,414999,157043,100684,264200,95174,10.4626837547403,17.6093448442407,261910,2990,47.7010566648096
"36051","Livingston","NY",2021,796433,34.021605043672,592178,261046,232398,301269,89386,14.5262506278232,18.1690724403597,188505,671,11.0377660859376
"37147","Pitt","NC",2021,846521,43.7037707678974,163472,390640,149650,240933,94223,26.8368188827299,27.8381094499491,462033,768,41.7031813785434
"37085","Harnett","NC",2021,922574,34.5726315351203,244661,18082,74269,350452,63099,18.6801315704361,2.5632192241028,499760,1033,17.2704895399511
"37079","Greene","NC",2021,198882,38.7705582007766,158764,295469,53129,151654,90125,22.7716351347044,28.670893299859,550512,1774,20.8116764458828
"37125","Moore","NC",2021,419867,37.9850770765916,507469,7953,69591,146588,86423,8.08065189165063,2.94813167536631,977145,1071,51.786385490559
"37023","Burke","NC",2021,367450,35.3978199977428,561637,22930,38036,45887,92656,23.8042036781553,3.72405166737735,903423,2808,26.0153154400177
"37021","Buncombe","NC",2021,343777,39.3894352251664,570849,412930,6530,369164,37140,26.2088690837845,28.2095382059924,459027,2482,41.7341351532377
"37093","Hoke","NC",2021,703378,36.1688809702173,620304,82588,176384,88521,83639,15.0039822980762,28.9062613807619,183257,2324,13.2245635287836
"38073","Ransom","ND",2021,512673,44.8261489160359,442991,286074,42396,185242,94018,8.41234784573317,7.43311922997236,821401,1166,47.5968281179667
"38007","Billings","ND",2021,470636,45.383930564858,151217,154629,161966,258027,51500,24.8537110059988,6.55842462088913,259262,2312,28.4494233573787
"39101","Marion","OH",2021,918448,39.4851078698412,243008,343091,85547,359970,40220,20.6447575020138,28.1842434662394,851506,1020,23.4482500492595
"40027","Cleveland","OK",2021,318367,43.5051065078005,449258,338720,232339,392132,93941,26.5919074602425,8.5308085125871,480196,951,31.0348391206935
"42071","Lancaster","PA",2021,559471,30.6849548779428,196215,477158,251665,201809,78725,22.6949146785773,11.2909942888655,120596,2932,38.0071233864874
"42043","Dauphin","PA",2021,217491,48.7816900713369,659653,385009,113523,103810,33707,22.4500978377182,27.6840612734668,686771,742,38.2445136806928
"42067","Juniata","PA",2021,787060,37.6194713078439,85709,290396,139079,299940,98122,7.59173778467812,16.0444428795017,999937,2909,40.5995107162744
"42027","Centre","PA",2021,678579,48.5385490348563,192166,408471,109308,366492,43094,24.788651925046,12.0018290053122,627778,639,30.7204913953319
"42035","Clinton","PA",2021,266666,49.9712201952934,50198,175161,195320,230151,77348,8.38112328900024,3.56452295556664,798942,2715,21.3378181937151
"42063","Indiana","PA",2021,176300,43.4944058349356,81330,80403,14191,377439,97881,27.9947553365491,9.77048103930429,952264,845,20.9726731316186
"42099","Perry","PA",2021,45920,40.5621098959818,675385,108103,49592,305367,95949,19.7674948733766,27.5175916473381,543751,1222,23.2165978546254
"45077","Pickens","SC",2021,271145,36.5084440540522,468551,226925,119862,214338,55035,17.183147581527,11.7401358671486,564965,1096,20.4011983261444
"45041","Florence","SC",2021,857266,36.1494475509971,871010,153197,204770,307285,64866,11.1079924344085,11.3021735055372,937067,1531,38.282702236902
"45087","Union","SC",2021,555077,39.4437575386837,636365,34315,44333,112962,35652,20.3787447547074,4.57052768440917,493946,2706,11.1247180984356
"46103","Pennington","SD",2021,766656,37.4380469368771,362896,56640,172709,327920,55421,14.608910389943,12.4996969755739,956842,2944,59.2299600271508
"46095","Mellette","SD",2021,790596,43.1780240498483,521520,87071,21309,63085,47252,8.19430570234545,5.03909602062777,800666,509,51.9735126313753
"47035","Cumberland","TN",2021,767805,46.5405959961936,445780,27663,61282,48659,49233,17.6711299701128,10.6747287861072,634564,2345,51.9656015234068
"47021","Cheatham","TN",2021,548787,48.9120551943779,157516,119689,122522,73246,58145,9.29471312090755,9.44384767441079,359684,1403,33.1572058051825
"47005","Benton","TN",2021,372096,30.6683616060764,57775,398913,271555,86016,64997,16.9467223645188,23.6903117015027,617512,2293,31.2279285653494
"47041","DeKalb","TN",2021,792561,37.7554635424167,748213,215886,143521,161161,99800,11.6204469068907,8.78157676197588,292077,1609,55.2326383441687
"47129","Morgan","TN",2021,782059,49.4843991473317,662993,339454,152892,205768,68036,16.0958544304594,5.74408549116924,371261,1312,24.7187140304595
"47185","White","TN",2021,171134,41.0224940394983,217924,377344,56497,79756,67663,17.9664470208809,21.1463555018418,433938,922,16.4138990361243
"47151","Scott","TN",2021,734601,35.5711552407593,207181,449596,198415,293442,40829,13.7581970728934,22.5077540008351,606460,822,34.9456381308846
"47107","McMinn","TN",2021,724728,37.5476036127657,725876,328296,161086,367002,76761,9.41656331531703,27.2524908743799,963971,1502,50.8225572435185
"47117","Marshall","TN",2021,533108,43.1936926813796,789322,301720,263433,265873,64617,6.048149127746,0.469393171370029,759692,1025,27.531606531702
"47003","Bedford","TN",2021,111023,43.9891658676788,192889,452140,143812,154805,58480,28.7561075075064,26.2096593738534,222004,1625,43.6216990253888
"48373","Polk","TX",2021,310367,40.5140997422859,889274,466534,18697,259625,63605,13.78976144013,0.235577244311571,560017,2324,48.5695597622544
"48139","Ellis","TX",2021,699870,44.8172275349498,494716,374025,96752,320622,43419,16.8089916708414,25.1453055557795,363166,2468,56.4719906798564
"48491","Williamson","TX",2021,283485,38.8872288167477,531829,183471,194041,123332,50586,19.2490721831564,19.1480871266685,534111,1391,54.3065838422626
"48213","Henderson","TX",2021,332128,40.7793455664068,871620,59944,144753,323693,84176,18.4908748848829,25.5855236272328,338052,788,20.7562612509355
"48005","Angelina","TX",2021,491495,31.9788967585191,422245,146346,235087,153877,36957,26.5377029380761,24.0506855794229,901943,1444,28.6221271869726
"48441","Taylor","TX",2021,276346,35.9190110815689,196537,168558,118281,52446,49329,17.0711537427269,8.42145988019183,218045,2443,20.9115546336398
"48199","Hardin","TX",2021,534755,46.2339607765898,776586,262857,185944,125956,89319,11.4062201767229,8.17720866529271,874818,2498,26.2926274817437
"48055","Caldwell","TX",2021,199331,40.6937311962247,80222,323222,146982,24376,92884,10.7086855988018,16.4165968447924,434724,2317,52.0998789835721
"48063","Camp","TX",2021,732067,37.0404149405658,868967,106410,290720,382237,79475,28.0041238537524,17.0541895693168,672021,2379,39.0463161538355
"48395","Robertson","TX",2021,410147,48.9176781568676,256302,45044,69667,148266,81257,11.254550308222,3.10564109589905,692920,2043,39.4596389401704
"48223","Hopkins","TX",2021,745216,41.6607885062695,481343,497296,253221,128476,67253,20.1903146237601,20.213417171035,557609,592,30.2493555610999
"48225","Houston","TX",2021,38755,47.7844694303349,716008,265162,41771,328626,58266,21.1477725661825,19.3920547887683,507193,2748,51.0835840390064
"48341","Moore","TX",2021,734928,30.2304624160752,646925,462996,177593,320287,56573,17.6233754970599,16.0217118635774,311097,2682,47.7339513972402
"48461","Upton","TX",2021,694564,39.0034087561071,340636,46237,34994,153597,69762,5.25786550831981,27.2769627976231,744142,638,48.4863657760434
"48387","Red River","TX",2021,775967,35.0055124936625,521035,399462,140317,349246,37773,10.2827149222139,20.1845227181911,854617,1729,49.743724395521
"48383","Reagan","TX",2021,372675,48.578432854265,888279,2213,226317,343062,90358,13.4253728913609,9.69061552081257,729257,541,24.0301487524994
"48313","Madison","TX",2021,331715,33.7685446301475,341261,478672,234264,148542,95751,15.6336416793056,5.14329585246742,369469,565,35.9147546603344
"49051","Wasatch","UT",2021,993234,42.0641360478476,460182,456778,128253,171380,38620,22.4111127271317,6.17209213552997,176963,2997,20.1129870745353
"49057","Weber","UT",2021,684862,42.4821141734719,595706,29365,167739,394319,86551,27.0118070952594,29.620641390793,386130,1457,23.5683011263609
"49035","Salt Lake","UT",2021,313109,38.8831481244415,504542,92998,287501,181693,38791,11.5192733425647,12.2264749975875,538373,2248,41.7470242152922
"51101","King William","VA",2021,335890,39.5901672681794,401079,178239,35913,306219,31427,28.1583800108638,2.80623626662418,763363,783,13.62833221443
"51085","Hanover","VA",2021,253425,43.5122534027323,488198,385112,101472,210305,59523,8.72338306624442,1.56634426675737,128826,2056,23.953847787343
"51003","Albemarle","VA",2021,933351,35.8118220651522,373590,495202,186693,37992,66608,20.0387324974872,12.5139983324334,270085,2309,27.7976225619204
"51019","Bedford","VA",2021,648556,36.3860925054178,251758,223984,234595,359232,66117,23.2045103982091,17.3134501953609,417131,2655,46.8478243704885
"51067","Franklin","VA",2021,747958,48.2467290153727,392052,327187,198742,392339,84641,8.11486721038818,25.1900132093579,775025,1800,12.599787642248
"51015","Augusta","VA",2021,953222,38.646738040261,503046,380332,231091,362626,63686,12.0193025865592,4.27589975763112,491041,845,49.0986512880772
"51113","Madison","VA",2021,835439,35.5502414982766,99586,249249,224686,62351,64657,10.6365152704529,7.35879680374637,258951,2040,19.851059038192
"51053","Dinwiddie","VA",2021,238447,30.3017449053004,627602,260133,62770,111318,70545,29.2483054113109,23.5704126837663,201864,1616,47.1874659555033
"51121","Montgomery","VA",2021,541151,41.0151689779013,646513,388584,94758,311350,43223,16.8789035768714,27.9676309623756,589686,879,42.4048216920346
"51081","Greensville","VA",2021,147100,33.9544289605692,109257,129174,265259,195829,72099,10.1837083825376,21.6405240143649,629562,2823,29.708588020876
"53005","Benton","WA",2021,348014,33.9957851264626,545169,477888,50960,213072,74117,15.4767495009582,8.55565365403891,326749,2603,44.0112917590886
"54085","Ritchie","WV",2021,327658,41.38718792703,159136,439424,293481,294663,30761,20.198086865712,15.4647138342261,970252,2112,28.5889714863151
"54033","Harrison","WV",2021,630370,47.291310550645,339517,365419,223245,20378,30304,26.002762846183,10.0697217648849,799080,1305,56.0759932873771
"54017","Doddridge","WV",2021,758180,30.0633441703394,620668,405163,12383,306142,47271,19.8567377822474,25.9714796324261,780936,2523,22.7137018134817
"54043","Lincoln","WV",2021,519481,38.459584149532,544977,235730,29215,316066,49191,26.5920896851458,13.0711701186374,814069,679,36.6185156302527
"54001","Barbour","WV",2021,857679,30.7422987511382,214311,261807,120731,259796,47059,14.9505780788604,2.81949162483215,369267,1006,39.591983940918
"54007","Braxton","WV",2021,976917,39.6749231498688,644134,291342,185375,121575,59915,21.007234796416,6.72274676850066,181030,1944,31.7389223747887
"55111","Sauk","WI",2021,676226,49.779688352719,686481,8104,73706,219957,89091,24.1809267969802,2.66282740747556,454101,2332,44.3675368814729
"55107","Rusk","WI",2021,308069,35.8899151906371,703121,66189,290384,385525,69054,20.7889929774683,3.41106698149815,828852,2086,22.8108436823823
"60020","Manu'a","AS",2021,703420,39.4719564914703,56989,144516,280063,29840,42703,12.7708171738777,6.51369977742434,710113,1487,35.3222574130632
"69110","Saipan","MP",2021,79900,39.9993560789153,811209,389887,297851,353219,70984,28.6978966684546,28.2929260865785,820357,1801,57.977133281529
"72097","Mayagüez","PR",2021,382341,33.0099522136152,285886,40731,112518,238414,44603,11.6021716338582,5.41392083046958,662299,710,12.5576706277207
"72031","Carolina","PR",2021,224706,44.8475667228922,390822,50121,206151,66816,36340,5.18507920322008,22.3298355122097,324159,2016,56.630506683141
"72113","Ponce","PR",2021,591050,47.4834346631542,792022,162571,275317,392688,88684,8.74412252567708,4.01033383095637,461693,1935,17.0116012822837
"72039","Ciales","PR",2021,414956,39.5502503123134,442172,460076,118903,134606,71010,9.88534451578744,24.0077003720216,548588,2874,51.5061996784061
"72047","Corozal","PR",2021,671401,36.1807292234153,626186,66340,181755,143251,94302,23.0670982750598,3.90253740129992,229653,2777,41.5293071093038
"72037","Ceiba","PR",2021,732143,30.4067017324269,524474,357784,116758,287237,43809,28.5258496541064,2.9561266489327,856835,1787,42.1128605515696
"72067","Hormigueros","PR",2021,471403,37.2873637033626,613395,461232,57162,136005,76496,23.3318285737187,9.75034955190495,916185,2921,44.8611330380663
"21237","Wolfe","KY",2021,821499,40.5830571893603,687679,180372,224737,265139,88812,21.556381911505,14.6493820846081,408803,1573,26.5419690776616
"48243","Jeff Davis","TX",2021,862708,34.1174196079373,324892,139296,8980,210179,37298,10.7708267413545,19.3425698624924,914747,857,37.1583038265817
"10003","New Castle","DE",2021,433281,34.9839086551219,347344,37641,281051,386810,85373,17.7096987271216,22.8586229262874,809561,1062,20.7632698258385
"06005","Amador","CA",2021,590192,32.2835360234603,193383,91390,146189,309480,67171,25.4307439096738,1.73466354841366,346371,2965,28.7119763577357
"06089","Shasta","CA",2021,501767,44.6257345983759,724495,268587,283006,343232,64590,18.27121090726,29.766500601545,862875,1922,23.9121600543149
"04013","Maricopa","AZ",2021,542580,44.0217418968678,837636,419754,6987,215890,67620,7.80435142340139,17.3756803153083,961638,1062,28.5853676986881
"12127","Volusia","FL",2021,467608,35.6895323656499,853789,245201,163251,2576,37108,5.30159629532136,23.560435466934,817746,2067,46.0202115261927
"12101","Pasco","FL",2021,322729,30.802676952444,344653,82506,256329,160389,89754,9.02587802964263,4.26740122726187,640795,525,32.850124083925
"12123","Taylor","FL",2021,461624,41.8019903684035,265387,205312,46195,271531,43314,21.7609895637725,9.18487505055964,817371,2661,40.4445426678285
"12017","Citrus","FL",2021,189832,30.1507725380361,583692,494008,115647,81182,87145,29.6776917832904,7.14065752224997,782166,1231,42.2014459990896
"12131","Walton","FL",2021,312110,33.4567468939349,420086,464131,43143,122196,85901,22.7329456724692,22.5284078135155,606591,787,15.3018695791252
"12031","Duval","FL",2021,535385,46.4619867829606,692785,2024,146602,304803,89108,8.08030525920913,19.9107160884887,151808,2162,41.8092166446149
"12053","Hernando","FL",2021,973278,32.8778998041525,383321,72242,200144,42163,92064,29.7171994880773,17.3497068160214,146762,830,45.5543661513366
"12065","Jefferson","FL",2021,32737,42.8820676682517,633849,449302,98210,259097,31176,14.1131348337512,25.0709669664502,595751,2553,45.264500672929
"12039","Gadsden","FL",2021,874380,34.314784547314,357114,249219,171374,109997,67605,13.1696740468033,20.5356310517527,546856,1771,19.7504314500839
"17043","DuPage","IL",2021,839004,44.3804983003065,812992,127295,159426,270227,71262,18.2339680567384,11.3106458005495,312495,2066,14.4570132740773
"17161","Rock Island","IL",2021,722404,48.6774726724252,520776,39164,183514,285352,50373,14.678244026145,4.19571465114132,762491,799,18.8274688459933
"13215","Muscogee","GA",2021,600253,31.8707981240004,540223,221175,95574,301908,41850,13.981380291516,5.86457884171978,440641,861,25.5014043557458
"13039","Camden","GA",2021,969129,47.3219174612314,86542,482849,110938,293975,66349,21.6760467924178,25.911555828061,401245,1450,53.8038811087608
"13127","Glynn","GA",2021,146632,48.2528578210622,155833,477399,16910,174710,68677,19.8213944688905,20.1354099693708,826233,2855,47.8659349633381
"13049","Charlton","GA",2021,281780,33.9751145290211,851243,284145,217877,47944,62339,23.9172778627835,4.09060826059431,531069,1953,46.4789790706709
"13241","Rabun","GA",2021,934684,42.7349094953388,454192,67136,137294,127025,60953,18.6876858014148,19.7620262950659,275663,1714,54.2813299130648
"01089","Madison","AL",2021,398827,44.3443235429004,332673,47861,31120,127506,86929,13.741071150871,12.8867298667319,621280,2143,10.3136808751151
"01071","Jackson","AL",2021,357887,30.2912246948108,364800,90808,51242,2768,72463,7.47027858858928,1.64772436022758,108770,2858,42.9745416413061
"05007","Benton","AR",2021,671538,33.5855873581022,579131,400959,13335,327810,81571,18.6229022813495,27.4549136543646,525920,848,33.667085764464
"04015","Mohave","AZ",2021,760825,43.9057546108961,584552,52963,166210,162613,48117,28.8549298082944,17.3795636091381,937966,2732,33.3148431056179
"04005","Coconino","AZ",2021,338883,45.2703616116196,693976,261281,256899,146366,52647,26.6379925608635,0.267858174629509,689678,644,35.8528201957233
"05073","Lafayette","AR",2021,650368,40.686353831552,711741,213135,177547,148754,88556,26.9651873689145,27.2198797669262,773862,2969,57.7258410654031
"05133","Sevier","AR",2021,289492,40.9885898511857,394433,272669,188232,359258,36833,25.0424786948133,1.0005644755438,525092,537,18.2693379605189
"05021","Clay","AR",2021,705070,39.482533223927,42224,197118,46359,394618,94543,12.6236991444603,16.0195728787221,317721,1661,32.4907642463222
"05107","Phillips","AR",2021,485431,48.134839986451,630,385778,156140,227910,78715,8.28244494157843,20.7124045584351,472768,2071,50.1177357533015
"05093","Mississippi","AR",2021,192262,36.5871987026185,821284,206157,26891,143395,73862,9.9399696290493,1.57218648120761,874385,1981,40.576340504922
"05015","Carroll","AR",2021,829831,44.9786117579788,453952,278165,138993,36221,78414,13.9685728831682,7.19584532082081,840164,1157,48.713864563033
"06083","Santa Barbara","CA",2021,228162,36.1538899643347,88396,495306,93028,34564,47587,18.5809458093718,22.2430834081024,675908,2333,24.3686137977056
"06111","Ventura","CA",2021,335815,49.827411393635,12298,153106,125331,79893,66449,18.2361417287029,5.35990725969896,879157,562,53.2636449346319
"06025","Imperial","CA",2021,449335,36.1585342651233,355904,51051,175201,228478,49066,8.21342492243275,13.9369970234111,650720,1263,41.4161035115831
"06065","Riverside","CA",2021,584991,35.9535288903862,87821,397268,79027,326000,43849,18.6397157621104,29.0409479266964,268810,1341,32.8935536346398
"06051","Mono","CA",2021,626802,33.4068502904847,499978,367138,238804,109086,68179,14.0200430015102,11.7479438683949,474837,1513,24.2284524976276
"06023","Humboldt","CA",2021,223626,32.7298136614263,366113,278899,68631,17705,93540,5.39206212386489,12.7214753301814,677374,2001,31.0259787971154
"06093","Siskiyou","CA",2021,456473,35.9008169500157,295032,2730,53901,18650,38713,8.23359821923077,8.80296311806887,190257,2223,10.3714019199833
"08071","Las Animas","CO",2021,212425,44.7435240866616,622674,73644,49069,322257,66914,8.92736687208526,18.6906195036136,411947,516,22.9042519722134
"08123","Weld","CO",2021,632051,43.4892126265913,167621,354593,104718,11544,51747,6.17644508136436,6.10040177358314,663161,594,40.1683138124645
"08069","Larimer","CO",2021,832296,38.6463173152879,700056,349865,76528,100036,71323,25.2152405399829,28.5791172157042,933330,1536,45.1580756017938
"09110","Capitol","CT",2021,551515,47.4161249399185,762743,158573,95881,76825,66841,19.2283233639318,24.4022195111029,914372,2652,45.738542873878
"38067","Pembina","ND",2021,310180,33.9106087991968,619080,424572,72839,251343,46656,13.7136242655106,12.5246765557677,303766,2447,31.5593334985897
"37007","Anson","NC",2021,812460,41.5254635037854,715933,331530,108238,340612,30338,27.460229403805,3.20738868322223,890067,2394,51.1337360856123
"38053","McKenzie","ND",2021,469450,47.646556920372,673714,443242,246059,309374,45729,29.6609271445777,6.3693331880495,165470,1265,33.9221819094382
"39095","Lucas","OH",2021,807491,30.7717989571393,185192,69684,115299,187594,43521,10.6556371040642,2.01501873554662,790950,2362,25.8842941978946
"39171","Williams","OH",2021,697108,41.1034381063655,63717,361044,187506,28365,94519,6.07972350087948,9.49914433993399,507200,2234,19.4758714432828
"41015","Curry","OR",2021,770825,36.8603010149673,565734,435035,157992,44950,39475,28.4019107592758,9.00351004907861,920652,1132,48.8529322342947
"41039","Lane","OR",2021,621500,31.236133207567,201771,320002,16270,393395,92870,12.0327231660485,26.3310796092264,646695,2545,38.7848420441151
"41025","Harney","OR",2021,577966,47.1869652206078,207878,69753,146313,7435,48478,29.0043858764693,25.1535125635564,330970,1356,41.944031722378
"42051","Fayette","PA",2021,62920,30.1338756736368,97119,13349,8284,372018,39345,7.93749707634561,23.4588456968777,243068,2920,34.748208920937
"42055","Franklin","PA",2021,4614,31.1671999143437,662383,343581,266847,95122,39778,20.3883997933008,9.91174262249842,448873,826,38.974934888538
"44007","Providence","RI",2021,753552,33.895438038744,602506,183025,275682,159184,31897,21.7780000949278,0.691185803152621,296137,1904,18.540755091235
"45003","Aiken","SC",2021,162714,40.9479515952989,874200,483141,289844,231373,86736,13.8257352588698,23.8693023053929,206289,755,42.2088613407686
"13251","Screven","GA",2021,809212,43.3755506575108,840347,146044,136704,272771,76904,27.5876769109163,7.36889601219445,455801,2668,51.3035834440961
"12095","Orange","FL",2021,846282,38.3833699114621,820917,113595,59949,237801,52763,11.9342811650131,23.927224916406,106217,2195,30.9675775957294
"16033","Clark","ID",2021,116261,46.9789175735787,520206,394262,224468,371678,95145,21.7849090998061,14.5704203727655,236038,2010,41.3035657745786
"16049","Idaho","ID",2021,291704,48.417670824565,788553,43056,276120,198399,40162,14.1403410071507,17.5517699145712,177081,1828,58.2072212384082
"16069","Nez Perce","ID",2021,566588,44.8945288360119,349443,401163,231933,295904,34215,21.2809683126397,25.4847963759676,288849,2298,54.6884385542944
"16059","Lemhi","ID",2021,633264,44.8394819907844,133411,29594,34748,138374,46406,20.0252583727706,14.8061390616931,866262,1023,26.0265131737106
"17125","Mason","IL",2021,12125,38.1366120930761,144645,52454,91711,390373,73919,5.5260301346425,14.4514339067973,884716,1667,34.4186434079893
"16021","Boundary","ID",2021,55481,34.9603836145252,619242,169227,203086,248864,65484,20.660279680742,0.716682050842792,921956,2026,56.2726612226106
"17087","Johnson","IL",2021,870967,44.3894896423444,176277,120426,84555,389483,58336,25.4062108008657,14.6765656303614,280059,909,24.8051731172018
"18129","Posey","IN",2021,313554,35.1762755028903,720525,159367,46629,171221,66675,9.84514650306664,18.5072839166969,709212,2021,44.6357270376757
"19111","Lee","IA",2021,552204,33.5023538023233,26737,94635,53647,165603,63370,26.3549089850858,12.620485026855,316613,1733,56.4514516759664
"26073","Isabella","MI",2021,613445,32.2443931223825,835955,32299,110781,390845,36934,8.17535368376411,24.9127812660299,290362,1966,25.7072227913886
"26115","Monroe","MI",2021,776297,37.5689087715,531307,483082,3652,131069,99492,24.096978858579,14.3937323475257,816783,2434,19.2951503465883
"19051","Davis","IA",2021,741594,41.5061853220686,48468,88697,15296,13247,86393,12.0203474257141,1.4103694469668,880747,1478,11.7001985339448
"19149","Plymouth","IA",2021,906951,39.3728817207739,466492,489729,104844,127105,69545,18.7325242045335,19.6510582021438,485193,2048,21.113911611028
"19063","Emmet","IA",2021,564445,43.0393469892442,332754,67102,104615,142016,38191,16.1783528293017,14.6342741162516,761912,1668,52.7466278662905
"18081","Johnson","IN",2021,417059,40.1713976729661,699825,434137,293669,260817,55467,22.9697433835827,5.70932253263891,289318,1803,23.0765868001617
"20147","Phillips","KS",2021,801851,41.2480912869796,231848,332514,243307,39837,94874,13.9648973487783,3.85270564584062,512426,1575,37.3632274824195
"36025","Delaware","NY",2021,253927,43.628076063469,162480,299640,55913,265703,58030,14.4095059786923,20.9872107999399,363683,2948,56.3364132563584
"36061","New York","NY",2021,642005,49.6855041431263,572179,323645,290395,57198,82787,13.952419529669,2.49992573400959,225334,610,25.2053368627094
"36065","Oneida","NY",2021,505056,38.6437705904245,766160,329062,190510,110851,46177,27.1784970257431,24.7194545483217,670599,867,18.0066479509696
"08059","Jefferson","CO",2021,873780,36.6879207035527,268222,20605,99442,273936,53089,26.3172390882391,19.7364193503745,247312,2087,55.7563412492163
"08037","Eagle","CO",2021,927888,38.2038985937834,655876,280389,27116,56691,44183,23.4197900118306,19.0844035497867,453311,2413,17.9980160924606
"40147","Washington","OK",2021,526458,42.5352919893339,437362,131338,26276,249044,69075,22.7239648648538,27.7693826635368,638989,1566,34.4020555051975
"21027","Breckinridge","KY",2021,4133,33.749587321654,212605,121954,266361,159344,59941,14.2748093127739,28.753977175802,400611,2808,58.7540899543092
"40075","Kiowa","OK",2021,923986,49.2356696072966,26190,134701,134429,304281,60573,18.9328184130136,17.856854586862,237108,863,42.9509408096783
"40113","Osage","OK",2021,216633,47.8318264288828,887934,302950,158536,319519,46469,11.2969294143841,8.30168360844254,210316,2448,56.8487738864496
"08117","Summit","CO",2021,706371,40.5745708430186,850223,220544,52964,7303,97576,12.4099872726947,22.1514632552862,394203,1770,26.1580009036697
"36115","Washington","NY",2021,995586,35.183797464706,128463,85956,116770,366079,69981,9.35185698443092,28.7234370131046,601453,1753,23.4829961345531
"36009","Cattaraugus","NY",2021,465346,30.3399962699041,464630,109129,296295,286066,71162,16.6658775543328,23.5946917324327,372059,1768,57.8912337915972
"21221","Trigg","KY",2021,390034,36.4152771793306,217702,406804,289934,94578,78923,8.82356947520748,6.26237983815372,820729,1574,13.8137951400131
"22075","Plaquemines","LA",2021,143553,37.0853792876005,787026,16807,236310,196980,61628,24.4148567738011,24.9420656519942,822691,2042,24.8700345074758
"08093","Park","CO",2021,628234,43.5238424967974,23240,222011,267458,160722,39201,10.6030414707493,3.71615150710568,701376,2723,35.3186041256413
"08051","Gunnison","CO",2021,86883,33.6504864320159,225719,93195,48028,40318,92240,23.56825799332,24.1523728100583,226360,1565,38.261415893212
"22113","Vermilion","LA",2021,105665,40.5014275340363,400391,292747,224377,159380,43767,28.0825315113179,24.2393752466887,261817,1109,14.5788643416017
"22101","St. Mary","LA",2021,697177,40.9018553467467,652179,367468,96459,55396,35357,27.2419306111988,16.4569449098781,948992,2242,27.0367697952315
"08107","Routt","CO",2021,487272,37.1520823379979,878624,205433,256952,19496,54407,18.6049697641283,5.66229497781023,216961,1071,36.4894732856192
"22017","Caddo","LA",2021,430569,41.8656085897237,461016,468303,110383,12191,63721,29.7488575754687,8.81321558961645,237480,2676,29.5897168130614
"08029","Delta","CO",2021,377500,41.1464972281829,521819,287942,21336,154398,82950,7.09108559065498,15.5646166694351,408169,898,41.8964198231697
"22123","West Carroll","LA",2021,306367,37.0669021131471,674507,464053,158891,78229,47494,6.70271554961801,26.3884626631625,880707,2673,54.600933266338
"22115","Vernon","LA",2021,340677,39.6088059386238,246560,384900,193368,305797,57177,16.1652852618136,21.7823271802627,916696,1693,54.3508717813529
"23031","York","ME",2021,154236,45.9280532458797,115766,353196,100195,340530,77788,13.135509013664,21.0193322086707,422774,1662,16.8469495046884
"22091","St. Helena","LA",2021,175797,37.5027439417318,96546,443465,58168,200008,85456,15.7484730833676,23.0943509889767,814723,876,31.9422709778883
"23003","Aroostook","ME",2021,785966,32.0262262178585,384408,392229,169511,99022,89006,24.0330781566445,4.89908619783819,851072,1182,32.7044211700559
"02090","Fairbanks North Star","AK",2021,695747,43.7783126579598,503918,385679,234673,148512,45508,14.4798346050084,22.2902877861634,110540,2396,38.8858657935634
"02050","Bethel","AK",2021,733573,37.4516084324569,170365,208961,235,173543,92674,15.943202371709,4.79235827224329,557744,1545,46.8790893233381
"02240","Southeast Fairbanks","AK",2021,879750,46.4738141745329,707931,62774,245452,50788,95884,11.6304535779636,8.61140211811289,217800,2772,19.3106145039201
"23017","Oxford","ME",2021,544263,43.000277960673,171589,356850,158213,318827,49140,14.2036617919803,7.1391561976634,308732,1963,47.6811844413169
"24037","St. Mary's","MD",2021,349385,33.9355805888772,864772,157854,70450,142999,59894,5.92282072873786,2.32246040599421,164225,1905,35.3966066986322
"24017","Charles","MD",2021,586657,30.855435016565,131287,443888,117998,130490,69642,22.2699395800009,29.5229679951444,420986,1906,33.8883559242822
"02188","Northwest Arctic","AK",2021,699655,38.3894278667867,209975,469643,242384,230001,82316,28.1484359421302,6.67810801416636,722547,1194,39.8281793249771
"24021","Frederick","MD",2021,761180,47.431603744626,649986,412825,297868,6579,91736,11.9922671536915,21.4551028003916,856002,2372,10.6948509137146
"24043","Washington","MD",2021,227867,37.4817228270695,848862,444692,8079,19877,47140,15.4186624637805,2.83693254226819,569923,2056,25.4223116231151
"01043","Cullman","AL",2021,477808,45.6943773524836,735010,281901,95044,113341,82633,18.9130034542177,0.268806468229741,872630,1460,30.3576573519967
"01001","Autauga","AL",2021,977885,31.3195331161842,146506,405237,21136,9050,96678,18.8581564475317,7.46554859681055,678155,1349,33.4755306504667
"01121","Talladega","AL",2021,511022,49.0992994233966,787572,186662,55974,378241,88123,20.5193239450455,17.1028333506547,444959,1125,17.1422249544412
"25025","Suffolk","MA",2021,450728,31.9899417134002,27429,261399,160730,288241,78437,27.3844408697914,2.44148938916624,678097,2501,47.0352511759847
"25005","Bristol","MA",2021,400878,39.8198822746053,304369,145815,216782,233177,39356,8.56235670624301,8.09477975824848,599863,2690,42.62654930586
"01131","Wilcox","AL",2021,480518,45.0342089356855,135813,440010,204252,260530,88692,29.150255904533,4.44460545899346,140921,1065,38.405514289625
"01091","Marengo","AL",2021,479629,34.2887338716537,899251,180167,26315,239126,99291,21.4634546090383,4.5846703578718,822695,2117,26.816519445274
"27027","Clay","MN",2021,3990,36.9395644543692,115985,114655,130782,370136,90461,22.1038746426348,3.14176885876805,816835,2576,58.5054179094732
"27017","Carlton","MN",2021,609121,37.0728567102924,539469,437272,19052,287198,89949,23.1876420800108,0.899738562293351,656211,2165,53.3247233042493
"27119","Polk","MN",2021,103728,44.8208405682817,418735,371180,23426,399157,42444,6.40278249164112,2.7636708249338,223398,2320,34.554229376372
"01041","Crenshaw","AL",2021,515561,33.8799146702513,393042,184433,296296,168199,80073,13.0800097901374,10.5529481498525,233449,2541,27.0924532809295
"01085","Lowndes","AL",2021,849501,46.8648698553443,182523,325239,159390,222451,32762,28.9661606552545,11.810677901376,910533,2736,35.4410321707837
"01063","Greene","AL",2021,431944,38.8968785107136,43849,148896,193638,339473,90528,22.8089790046215,26.9351177453063,262810,1810,43.628731733188
"28149","Warren","MS",2021,230668,34.9537017196417,48359,224797,258978,107349,38552,7.58051718119532,20.3331867372617,641410,2657,39.2061733081937
"28153","Wayne","MS",2021,517073,48.656692947261,783133,209420,12173,58186,97496,22.9679600230884,20.4495490249246,974492,1250,20.2634011069313
"29143","New Madrid","MO",2021,918727,47.4923576554283,20498,324506,6190,276722,52369,8.19623023387976,29.9801231618039,713809,1540,14.0526765864342
"29095","Jackson","MO",2021,942692,46.6715687233955,248428,295331,179599,296021,58825,13.2274911401328,17.6799835148267,840547,1220,51.4734434103593
"29183","St. Charles","MO",2021,719922,44.3178154947236,358032,254331,191945,286019,37034,19.5057079265825,18.224502147641,810680,2523,35.8436199626885
"29197","Schuyler","MO",2021,26727,40.8550277212635,755789,483423,192087,189828,73866,5.27770806918852,23.0810362100601,252872,2036,32.8646979900077
"29023","Butler","MO",2021,237220,45.9968590037897,423072,487377,207423,332199,76591,21.5474246256053,26.5598337049596,558292,1622,33.9457218325697
"29157","Perry","MO",2021,251765,44.6917645586655,687050,437409,89733,112950,62167,24.8038116039243,1.0820670844987,650404,1211,21.0545220435597
"30003","Big Horn","MT",2021,187952,42.0729934237897,417372,116966,100466,251918,54409,9.65851944754831,27.5175253115594,957652,1341,47.7884655375965
"30053","Lincoln","MT",2021,409612,32.380290729925,309936,298616,152513,159793,74985,10.6743159249891,22.6369713130407,807112,1971,20.3168076835573
"30051","Liberty","MT",2021,308661,48.343504788354,18079,189987,55181,80896,79751,7.03984917025082,8.08899296214804,310131,2331,28.9067360712215
"30005","Blaine","MT",2021,364224,38.0955434404314,90952,452799,101457,218886,53533,19.8258056782652,4.08101327251643,763810,1858,55.9536403999664
"30083","Richland","MT",2021,811468,33.0328339664266,61646,174378,72746,78758,54642,16.3057025824673,24.5546344807371,422871,2590,23.9104893663898
"30001","Beaverhead","MT",2021,102151,32.6895497879013,607573,392854,295701,151644,90608,27.5882200000342,24.2669773916714,226246,715,46.5006223786622
"30009","Carbon","MT",2021,795878,31.3175300369039,730317,256129,27309,391259,65767,26.8659051461145,27.1516002598219,990656,996,35.3315937938169
"32017","Lincoln","NV",2021,321781,34.1778788203374,676622,293476,105506,96326,69670,8.47622506669722,1.7520664469339,873564,2174,19.1057656565681
"32033","White Pine","NV",2021,52031,43.922263099812,439876,470532,168521,173143,63493,6.43708796822466,6.52598385466263,824436,2554,39.717392323073
"33017","Strafford","NH",2021,13165,30.9776555234566,593381,471566,277800,25304,34372,27.6665021793451,5.72935383534059,180052,2992,15.6053368723951
"34009","Cape May","NJ",2021,151320,44.9180658673868,229403,477144,23876,334172,89222,14.3221259128768,15.5341398809105,429207,2622,11.741690619383
"34015","Gloucester","NJ",2021,525812,44.7905847523361,82190,320283,180052,32119,80592,27.7333886432461,23.7680447031744,390751,1794,21.0736758681014
"34003","Bergen","NJ",2021,254755,30.4452465986833,824936,18893,233649,72148,72239,26.8168078747112,15.3031491441652,434504,1821,28.6786831705831
"34019","Hunterdon","NJ",2021,111544,30.3059962717816,677430,207197,152531,274049,88819,24.877906749025,22.2095716791227,470793,1684,23.9964535133913
"35017","Grant","NM",2021,490790,31.5971496934071,361992,167095,260820,86883,71981,16.6400998376776,10.0195229589008,858580,1631,22.0882303337567
"35045","San Juan","NM",2021,733272,39.8988249432296,358769,477189,145641,337611,40804,25.3726149222348,4.06110335374251,225990,609,16.5809229854494
"35039","Rio Arriba","NM",2021,449349,30.286632408388,477962,418867,135922,192805,56936,24.2967828945257,2.41429345915094,846603,2590,18.9663630002178
"35007","Colfax","NM",2021,503270,34.7034659003839,618275,497510,150572,250107,51772,8.38004166842438,22.123762127012,721114,1342,10.3315700334497
"36045","Jefferson","NY",2021,25122,32.6595656340942,394022,426409,7287,184115,69178,8.55383242713287,13.2451355061494,144638,2902,25.4693940188736
"36019","Clinton","NY",2021,12724,40.0427139597014,16524,157327,123737,296950,86677,10.1685044891201,27.1661243378185,606569,2031,36.4414854696952
"36031","Essex","NY",2021,300964,42.2556444723159,459113,388236,22773,50362,96772,6.93147110403515,24.904103341978,431080,2806,32.1368670812808
"37095","Hyde","NC",2021,654321,35.0250577135012,418541,458942,122098,149687,68961,23.0319020582829,22.1006873203442,603675,2119,21.5697204018943
"37055","Dare","NC",2021,634963,39.5271550444886,181941,56113,167717,328556,71376,11.0386023600586,1.21122419368476,640728,2335,17.8877176274545
"37129","New Hanover","NC",2021,182765,33.5011179419234,572119,262323,17025,350202,71946,10.5468883481808,4.36995261814445,275245,2166,30.6390572246164
"37119","Mecklenburg","NC",2021,582519,33.9501810958609,499303,315549,292036,337584,47715,20.8248448686209,9.60094207897782,951639,1044,29.1928716376424
"37137","Pamlico","NC",2021,393797,35.1621793676168,231574,361489,25770,319822,83413,25.6025798106566,29.4540343573317,821450,796,56.0787629941478
"37089","Henderson","NC",2021,920497,46.5478735323995,583252,486237,72629,390910,32554,22.1372285636608,18.3193324576132,277956,2158,49.9056593887508
"37115","Madison","NC",2021,673065,45.804941682145,899793,379071,46090,305268,63429,25.164954138454,9.24765230622143,605989,908,25.3415722423233
"37155","Robeson","NC",2021,502493,30.0183342210948,738647,306714,267669,74576,63226,26.8731455097441,13.5131180332974,500082,2062,35.7905514212325
"38017","Cass","ND",2021,371727,31.2268652813509,535877,93954,263129,373794,41373,6.04371242341585,23.6897836346179,469535,2484,51.3261647685431
"13185","Lowndes","GA",2021,636530,36.7810716852546,283078,2223,95737,300381,49129,12.4219840054866,18.4649062925018,588498,1494,40.5372603121214
"13171","Lamar","GA",2021,279317,38.1400624057278,747188,29276,31232,297731,98668,11.5418498241343,3.41594168683514,176564,1416,34.4233670062385
"13133","Greene","GA",2021,133754,49.4651964260265,339856,40313,79915,224163,39441,18.2603184902109,15.6173148402013,996447,2994,21.5981959970668
"13183","Long","GA",2021,822487,44.5074762497097,627247,261173,20296,195644,75902,14.7964526270516,14.9056844925508,987850,2867,57.0911781303585
"13019","Berrien","GA",2021,42980,31.6497878497466,584578,91344,67728,80510,63848,5.71862877812237,15.5579359433614,688194,1062,39.1558856493793
"13263","Talbot","GA",2021,495477,43.8020841125399,625393,486381,179544,342878,40206,11.471332651563,17.5005188095383,156555,2428,22.7230734215118
"13191","McIntosh","GA",2021,805664,40.6081729894504,526753,466790,261376,47561,40807,18.704937743023,0.448110206052661,904545,1887,27.2252789139748
"13205","Mitchell","GA",2021,347295,49.0050152409822,240478,458436,48624,389206,58752,20.1886312640272,25.3914882894605,518639,1084,42.7978094108403
"13141","Hancock","GA",2021,692763,38.3323437254876,1349,278633,24711,356113,63364,8.92801497364417,12.5669172476046,864403,2211,18.1334358314052
"13283","Treutlen","GA",2021,983468,35.9877981198952,524593,377385,198724,253435,71988,8.1231349974405,6.53216916834936,258199,1550,14.1432227706537
"13265","Taliaferro","GA",2021,445174,48.4101015375927,480301,431891,171995,185470,30728,18.675861741649,6.3610898447223,536658,1640,15.1957972464152
"15003","Honolulu","HI",2021,140616,41.4250796474516,505514,464531,184603,289480,67862,15.9127607662231,21.7810737644322,140991,610,50.8165157306939
"15001","Hawaii","HI",2021,336634,32.9790754429996,473516,202906,69484,81357,74328,25.8026866719592,16.5752513101324,975348,2047,26.0315187647939
"16063","Lincoln","ID",2021,172993,41.2405800493434,450912,234494,119770,353490,56736,18.1784092693124,14.3530563544482,186487,636,49.045053999871
"16037","Custer","ID",2021,240602,45.6839722953737,121529,344636,259278,277355,41055,25.7457413198426,11.6351118218154,374597,539,16.6073868889362
"16039","Elmore","ID",2021,278651,39.1818302683532,183596,252125,248532,128294,81343,14.4695296662394,8.81342329317704,216550,1399,19.1063192696311
"16003","Adams","ID",2021,129878,38.3809142187238,251295,289825,137917,337479,74609,18.7013583153021,8.9706167508848,701617,2247,34.216846760828
"16029","Caribou","ID",2021,469371,40.3932965639979,282160,482221,70269,48448,82568,24.7175703011453,29.8843807121739,256748,1328,26.4668362471275
"17047","Edwards","IL",2021,161125,48.7165618641302,805878,396716,275123,60857,87869,26.1714920878876,16.87090073945,687757,2091,49.4444629782811
"18049","Fulton","IN",2021,669710,37.8460760554299,636191,183412,56368,268559,45372,20.0740722776391,12.230663811788,434888,959,18.5726893972605
"18175","Washington","IN",2021,979618,48.2667008880526,539858,257039,206559,109917,98482,5.02147567574866,29.2625539912842,266035,2558,26.134332085494
"18013","Brown","IN",2021,976292,30.3060102835298,340675,417829,227706,226081,91833,25.8109624509234,10.5226519424468,286909,1396,50.3053875663318
"18009","Blackford","IN",2021,62898,37.4971271213144,383078,438133,153182,106842,81290,17.5125990540255,15.2843098738231,596629,2809,56.8983388505876
"19105","Jones","IA",2021,269058,33.1968887522817,350985,95568,80780,88128,74081,7.27616982883774,11.2389374733903,447642,2318,14.1661167051643
"19077","Guthrie","IA",2021,808003,46.3924612849951,431042,379143,294930,233538,48814,8.70022802962922,2.81133122742176,192064,507,39.2522996664047
"20149","Pottawatomie","KS",2021,687421,42.8683980042115,789735,458101,89846,327985,89146,8.2729365339037,3.30316291423514,150075,1612,10.4433707101271
"20055","Finney","KS",2021,660290,30.9195612138137,776021,293202,196128,54735,38611,11.7774511815514,11.2476014415734,351679,1845,51.2548242486082
"20167","Russell","KS",2021,549419,36.3821831531823,532589,424540,30989,266670,60157,12.8534529253375,8.97787964204326,656265,663,16.2986283446662
"20135","Ness","KS",2021,805829,40.8684657327831,76332,53241,197118,260625,97591,9.80345251271501,25.8041025535204,779446,2206,50.8586261211894
"20093","Kearny","KS",2021,455904,47.9007367044687,540784,426008,234207,144485,66568,22.252389312489,6.59903964959085,908760,602,41.7529588006437
"21029","Bullitt","KY",2021,619922,47.9705801000819,827146,454856,160372,303107,90836,9.03538473183289,27.5577013799921,978713,1490,43.4839059389196
"21067","Fayette","KY",2021,983518,36.3604931952432,76719,246061,155498,276611,45805,24.9173212109599,6.53388258302584,823650,2104,38.4450475941412
"21209","Scott","KY",2021,579337,46.9330389238894,804754,268789,95252,142773,40320,14.0589590079617,18.1076649134047,153440,2892,49.0298980637453
"21031","Butler","KY",2021,10841,38.7566909659654,17695,28804,13564,124968,48492,19.9543125298806,13.0061561241746,100639,2615,54.9854170437902
"21025","Breathitt","KY",2021,421015,33.1795710651204,849588,422582,266146,373391,95850,19.028129959479,19.2424863902852,965692,1925,36.6328364494257
"21181","Nicholas","KY",2021,121158,49.1874883603305,441357,488590,264132,220865,71307,8.0564462125767,22.0559219643474,358255,1895,11.5115910791792
"21155","Marion","KY",2021,961158,35.5412843869999,558070,265408,129294,19267,60447,6.45570746972226,9.83069374691695,344119,2094,10.4776798072271
"21085","Grayson","KY",2021,627871,38.1750154402107,132150,43569,97613,311933,55128,25.3087734174915,22.0873925252818,418556,1181,49.5080577232875
"21177","Muhlenberg","KY",2021,633136,38.1970248837024,8101,101001,272787,86487,30601,11.1809742357582,6.90586717799306,806079,2073,45.8681596000679
"45069","Marlboro","SC",2021,900188,37.1322993375361,584924,72068,281603,272364,63146,24.680542871356,2.62782799545676,311704,1823,13.1525074038655
"45007","Anderson","SC",2021,595369,46.526021794416,75792,454790,56133,320910,31189,25.5086552537978,11.2725037476048,120748,766,44.6103864838369
"45083","Spartanburg","SC",2021,675440,38.6420185910538,252607,444437,298493,314063,73268,18.6209365911782,8.99056087480858,114424,819,37.5005595060065
"46127","Union","SD",2021,708323,37.0366780320182,221519,472422,102947,163589,48640,23.5410093341488,28.0382184754126,527464,1677,45.4724787175655
"46013","Brown","SD",2021,172424,40.2099459478632,188143,384225,165784,226701,59772,17.5746197823901,20.1137468218803,852705,871,50.8133948105387
"47079","Henry","TN",2021,809769,39.8114495398477,653782,175739,124998,106964,98682,19.8931089788675,27.4967828742228,601231,872,47.4823584686965
"47029","Cocke","TN",2021,735906,44.3907684227452,74171,1483,67214,232482,90328,5.33108796342276,26.1821038182825,334522,2261,39.1495002689771
"47155","Sevier","TN",2021,339186,36.8749803490937,334773,417404,190620,180859,91288,20.8253119443543,0.17744293436408,617251,2778,52.9781640064903
"47167","Tipton","TN",2021,531801,31.2951688235626,898063,59032,129030,385349,92475,26.6369223140646,0.796023637522012,363834,1279,10.3925527329557
"47147","Robertson","TN",2021,499437,48.1407911656424,196653,25299,138249,39379,99081,13.0083480745088,18.5041587240994,633731,1370,11.8331593368202
"48167","Galveston","TX",2021,802570,39.4186762720346,868342,305201,222864,259234,79449,16.3710539415479,4.61575291352347,145765,2433,46.5575602045283
"48261","Kenedy","TX",2021,19911,34.1714803874493,480540,110486,258388,118717,91610,9.84606438549235,9.37573664356023,718151,2662,36.2762160040438
"48479","Webb","TX",2021,927360,42.1783023932949,195223,2816,114195,385528,99046,11.214623543201,14.907307298854,452607,2331,12.2530269226991
"48409","San Patricio","TX",2021,214855,38.9722752058879,840009,424213,78652,327645,42115,26.0559221100993,19.5842465828173,161180,2223,59.6062963851728
"48141","El Paso","TX",2021,418977,45.479784142226,142837,23463,40649,204378,74101,28.2067673292477,16.3641040516086,418883,1981,55.2971367863938
"48321","Matagorda","TX",2021,957439,30.0039831642061,532521,150025,166470,280379,97046,14.2517490498722,21.8186524068005,706144,1133,27.5283758784644
"48245","Jefferson","TX",2021,671263,30.9873768081889,876346,406616,209886,313180,45546,6.10955246491358,18.4480621665716,883735,1270,19.8829825874418
"49025","Kane","UT",2021,148774,42.1923616342247,470438,209020,151507,134959,87513,18.6402848002035,15.6591420387849,157827,2710,53.1242739083245
"51141","Patrick","VA",2021,359732,32.7726800460368,398559,48105,234643,308794,49518,7.07222910830751,26.6550747980364,311078,596,43.658068429213
"49005","Cache","UT",2021,253041,49.9374709790573,361120,481146,49053,369854,87228,13.4900714864489,0.557350509334356,236650,607,55.6994569394737
"49043","Summit","UT",2021,454560,43.8225039187819,363531,476467,128514,162326,59795,17.5927679473534,24.5959039754234,809295,935,10.3707636031322
"49047","Uintah","UT",2021,650603,38.2086154352874,190739,315551,233211,339224,82698,19.359892392531,23.1098931818269,796276,2727,57.6684652268887
"49023","Juab","UT",2021,124424,30.2400743309408,492906,442596,107035,138266,37515,25.7952843105886,18.3553131809458,330201,1920,19.6369861275889
"50009","Essex","VT",2021,427458,35.249297185801,493867,402391,176514,123531,99980,23.7061809992883,17.3754354589619,706808,1825,52.8886583191343
"51001","Accomack","VA",2021,865784,38.9629259333014,679453,216115,80482,141865,75823,27.9165523196571,24.3659793608822,851807,1293,57.6286862161942
"51095","James City","VA",2021,154152,47.7344836108387,615275,142138,98734,184013,46561,8.19502092315815,17.5924161658622,286622,989,25.3002071310766
"51093","Isle of Wight","VA",2021,53317,42.315887552686,682687,395561,142012,164920,56017,19.95420805295,3.99613311281428,922567,1917,13.9083327166736
"51153","Prince William","VA",2021,721454,45.9596786927432,559102,42506,86854,47815,45865,16.5775307640433,6.19632629211992,131300,2386,34.6689918451011
"51057","Essex","VA",2021,128923,34.2226017871872,751627,286091,87676,394281,95093,28.0151876225136,7.33887922251597,773803,1741,25.484331920743
"51105","Lee","VA",2021,927533,31.9778205035254,886091,392506,193389,42410,43797,24.3092028377578,28.8430034718476,400069,1366,56.156183606945
"51195","Wise","VA",2021,377301,40.4534748662263,456574,370532,129763,330195,33387,14.7921083681285,0.834144637919962,626202,1848,44.7287097596563
"51191","Washington","VA",2021,404126,46.5020788880065,758632,436982,25798,258479,69693,6.42757669673301,25.9939892892726,350501,2841,49.4728495157324
"51083","Halifax","VA",2021,399037,33.2218938786536,95655,86449,293315,46919,48662,7.26408636663109,26.566087177489,620236,2696,40.7918983395211
"51059","Fairfax","VA",2021,67836,32.9197032237425,195129,465673,201682,289916,95687,16.60072874045,23.3886644407175,934495,669,42.6434564311057
"51171","Shenandoah","VA",2021,154576,46.1950545292348,355158,150350,124484,318146,32731,24.0638193336781,15.3058482566848,874518,1675,28.4502347372472
"53073","Whatcom","WA",2021,591239,41.2331912247464,898064,24584,13815,90186,87411,27.3922429955564,15.6148658297025,239750,666,29.720678543672
"53067","Thurston","WA",2021,180634,34.5173559943214,85043,130608,137974,228236,37920,25.6007616885472,20.188876313623,924936,1472,12.1818154025823
"53033","King","WA",2021,335788,30.73234973941,415190,50601,236740,23505,35270,19.9991914397106,20.888801033143,473283,2238,41.7337838816456
"53075","Whitman","WA",2021,968246,33.3537236927077,695338,48243,3046,172356,56894,15.7004977937322,27.3190376535058,332943,1145,54.0211425186135
"53031","Jefferson","WA",2021,203181,38.5345503361896,270233,6569,19622,234229,38423,16.3076275505591,7.66676852479577,325389,860,29.0564328804612
"53065","Stevens","WA",2021,822120,48.3670867560431,137665,346856,154190,228635,62490,8.85485709412023,28.3810450905003,771350,1663,52.5996711477637
"54063","Monroe","WV",2021,735208,47.9942554607987,274587,194848,280170,375661,53669,22.1175080758985,10.4052364896052,302917,851,45.9921347000636
"54073","Pleasants","WV",2021,908796,35.6025166064501,23007,136648,208310,330944,57936,12.8357465856243,26.394099786412,403711,699,28.4044258086942
"54095","Tyler","WV",2021,339446,34.8898678505793,704738,464059,120222,261428,99767,24.1696234571282,20.3861658484675,284266,989,19.9792183144018
"54047","McDowell","WV",2021,161582,35.7556631509215,506259,160465,41633,12311,85649,8.44005219521932,18.5520693822764,169195,609,31.2163707823493
"54025","Greenbrier","WV",2021,5753,48.7728039640933,781660,42720,175756,235820,53866,13.7471934850328,7.49303893418983,280245,1546,51.4425637805834
"54027","Hampshire","WV",2021,591525,39.5476260827854,819950,309140,289782,337908,95936,13.4536900569219,18.3608311763965,818646,2273,31.202993253246
"54071","Pendleton","WV",2021,726974,44.3291825987399,26282,193814,224859,160593,56853,15.3280680370517,13.7026050360873,537217,946,35.4514200845733
"55003","Ashland","WI",2021,266665,44.2197753023356,619563,15943,109365,101641,83756,12.4400638288353,2.21673222491518,236209,677,23.782664667815
"55011","Buffalo","WI",2021,844635,37.4134473269805,815432,73958,156230,234959,67389,8.41468279366381,29.9612478143536,227370,960,58.1096329749562
"04007","Gila","AZ",2021,232870,41.9032340031117,99131,16282,96204,53585,38898,18.8328124186955,7.52097703982145,827576,1927,56.6839862638153
"05023","Cleburne","AR",2021,578405,48.0013587325811,363150,92290,139320,110138,73887,25.6972544197924,29.3641168903559,228739,2241,40.8597912080586
"05069","Jefferson","AR",2021,956563,46.2423566170037,808296,414490,52402,392588,61310,13.420756040141,10.674901837483,706111,1093,46.276573932264
"05029","Conway","AR",2021,553292,38.9121509250253,199093,229643,26169,42615,63195,13.2903642265592,5.49375101225451,410472,2346,31.1906282114796
"05117","Prairie","AR",2021,652081,39.0313108079135,12308,309126,55545,157450,61434,6.12128112232313,21.7617801949382,876483,1779,16.7170816240832
"05057","Hempstead","AR",2021,473113,39.3737471988425,113781,438976,221441,17697,84470,23.7922250886913,20.3382217953913,804184,1398,25.3498194529675
"05067","Jackson","AR",2021,964937,42.4393856199458,825737,232362,162481,168041,42616,14.7894937556703,9.04571261024103,249725,1029,41.5602614195086
"05039","Dallas","AR",2021,404101,38.1359154963866,274718,180391,144641,290494,69940,14.7040018881671,16.5858469437808,413367,1828,30.2203705557622
"06039","Madera","CA",2021,439012,31.9639970269054,301051,158049,183958,394000,57755,7.31141240219586,2.9188086418435,244976,1391,48.7257208232768
"06047","Merced","CA",2021,306308,48.9658804098144,730994,479437,104777,56352,54151,6.65062560117804,5.92692259233445,575547,1225,55.5454834504053
"06103","Tehama","CA",2021,952543,35.4244436463341,82398,24537,260686,374959,70905,15.0373636174481,9.21377203194425,780175,950,41.1579147004522
"06115","Yuba","CA",2021,781043,34.3807578785345,724324,432125,192473,165523,67102,13.6537181981839,8.09517395915464,212366,1261,44.2336263856851
"06043","Mariposa","CA",2021,886848,36.2226005364209,743999,345149,213466,71312,65600,19.7259312332608,28.7194964988157,485573,1362,17.3912764666602
"08053","Hinsdale","CO",2021,768160,38.8663130439818,225936,7711,249533,181803,84931,24.3736762506887,6.61958029260859,224187,695,25.5978749739006
"08033","Dolores","CO",2021,360271,49.3859016522765,111021,33351,172843,192068,38134,26.8425038270652,7.19349952647462,234154,1196,17.0862172171474
"12001","Alachua","FL",2021,825981,35.5822564242408,205501,306758,279844,30883,81452,12.778403069824,19.6681382507086,210784,1972,22.1168725658208
"12073","Leon","FL",2021,198911,46.0240909317508,77717,106801,8246,13074,30166,23.9447201497387,0.142788353841752,694283,794,27.3488072818145
"12093","Okeechobee","FL",2021,587942,48.6618498060852,555865,7377,82174,286089,87247,20.7638348755427,3.41932987561449,474110,2536,19.7775827161968
"12013","Calhoun","FL",2021,532008,49.0316827502102,774571,372069,59802,390438,66420,10.4352576436941,9.3325989623554,698996,2880,48.5573195409961
"12007","Bradford","FL",2021,255979,36.4675497543067,775102,85612,204311,196620,71423,9.97619269299321,15.6976496893913,422520,1521,20.2777322405018
"12023","Columbia","FL",2021,787486,36.7193073360249,68984,398323,32450,372283,53008,29.658427661052,6.41471698181704,612001,500,51.6837675846182
"13089","DeKalb","GA",2021,680041,31.3454143377021,197536,456695,230306,130856,79201,15.0204950897023,22.2207326930948,654412,1864,23.7329552439041
"13139","Hall","GA",2021,510443,49.7534424578771,101059,496723,25412,207048,78131,8.18677195464261,21.5737280761823,616723,2400,57.0668009133078
"13153","Houston","GA",2021,967126,43.0091969063506,276145,176276,8896,237256,40468,26.7896115034819,18.218138711527,118896,2870,36.7541274079122
"13137","Habersham","GA",2021,347714,49.3151544220746,413435,230114,12875,241432,65425,20.326800767798,9.95360150467604,356225,2787,38.9190005511045
"13157","Jackson","GA",2021,839544,47.3757748678327,171969,386014,134403,114341,55985,7.53996584215201,10.190215499606,982885,2101,55.9128034650348
"13279","Toombs","GA",2021,909759,30.713080954738,714972,263857,208495,287076,82037,8.22657155920751,25.4195123305544,759997,2297,43.8284898316488
"13013","Barrow","GA",2021,803720,48.551635434851,536435,112346,87539,333784,50964,21.9939956802409,16.0923339379951,196922,2878,20.6353556853719
"13269","Taylor","GA",2021,366357,34.05246804934,171315,143013,212750,320308,90957,29.1703550040256,28.1361465272494,131928,1273,41.3189680455253
"13113","Fayette","GA",2021,143941,43.8707739720121,343397,381868,21693,264535,93639,16.2632003729232,28.0628716922365,132001,2745,36.4307945850305
"48455","Trinity","TX",2021,17466,45.4388310480863,809836,280063,131600,377661,72419,14.2415100196376,29.2561231227592,703586,721,54.2448424175382
"48015","Austin","TX",2021,799184,44.6961316978559,690565,226428,5896,207902,83730,10.8260681689717,16.3157966779545,998517,2681,44.7208214108832
"48035","Bosque","TX",2021,692091,42.5826391438022,839901,277134,14507,272067,33616,21.1688138497993,0.848445044830441,587412,1240,54.7172251762822
"48001","Anderson","TX",2021,615979,31.126506915316,13839,338169,123573,140406,61286,8.53162895771675,26.4737845142372,637161,865,34.6705564321019
"48119","Delta","TX",2021,638149,37.5468923198059,109765,87280,152119,374881,32614,12.494383957237,22.5475788675249,331577,2929,39.1434002923779
"48469","Victoria","TX",2021,753569,42.8011942049488,474530,380733,290144,251662,71273,15.9099316759966,22.9383204225451,720063,533,58.9735986921005
"48411","San Saba","TX",2021,279395,36.0608965763822,216928,453912,36095,180405,35256,9.36789442319423,9.5906941476278,687719,2969,59.7195752337575
"48459","Upshur","TX",2021,627616,36.5873699309304,708115,421632,31577,260419,67268,29.9568748753518,1.39344447758049,552320,2980,11.4492920017801
"48083","Coleman","TX",2021,201764,39.0352018643171,280013,410196,23313,224940,94417,22.4916136136744,28.4130349662155,318746,2317,18.605341380462
"48153","Floyd","TX",2021,818657,34.5624198112637,825106,132426,286385,141078,79911,15.1647117990069,19.6738247573376,935444,1136,55.4607760068029
"48471","Walker","TX",2021,808795,37.8479898208752,420385,15555,192084,266183,52655,21.1274297512136,0.492277373559773,245288,605,29.4810002343729
"48477","Washington","TX",2021,614388,38.3577800309286,744807,230724,133039,49160,74799,16.852181161521,2.62397061567754,634882,712,53.0283906403929
"48335","Mitchell","TX",2021,347243,33.1431062659249,208671,216347,230666,138696,58343,29.9025054567028,25.8149375882931,114512,1878,58.6270483583212
"48343","Morris","TX",2021,100235,46.4765703491867,257627,1894,224086,188842,77014,11.5017299959436,19.0300003183074,603378,564,10.4398431279697
"48263","Kent","TX",2021,178143,34.7687350586057,623939,258844,145294,228438,64586,19.9044425750617,18.1704435381107,465670,1372,25.6348390388303
"48011","Armstrong","TX",2021,583340,34.7684207838029,130546,224695,160923,268090,66669,21.4505001564976,10.1038810168393,591274,2960,36.1182122863829
"21153","Magoffin","KY",2021,667845,34.3390216305852,107365,433417,92493,263388,55737,23.2841956091579,3.16722781397402,255335,742,32.2977244644426
"21121","Knox","KY",2021,845903,45.2419120864943,577674,72774,186168,47847,54632,27.2193548514042,25.8574709203094,134026,1876,29.7972149355337
"21017","Bourbon","KY",2021,667812,32.8287923661992,381502,402729,201792,395183,67168,8.02325429511257,27.3259263695218,165845,2691,55.3749021049589
"21205","Rowan","KY",2021,356358,39.9468196230009,413276,393868,167091,341455,85055,6.82480873772874,25.4490189347416,175307,2783,10.8784677367657
"21051","Clay","KY",2021,138940,44.5361966686323,193333,50883,248561,241056,88310,6.76712335087359,9.80451977346092,556608,608,25.9774214145727
"21043","Carter","KY",2021,477829,37.7110469853505,167905,412487,219065,345249,61767,12.1781579288654,4.88625469151884,887029,1602,22.6885866513476
"21123","Larue","KY",2021,866879,48.3022979274392,57657,281890,12220,137471,33168,26.6266680276021,28.179684842471,649568,752,38.404977102764
"22103","St. Tammany","LA",2021,173827,36.3792245881632,446823,6494,88444,88166,39625,5.57369520072825,8.31760379718617,650334,770,52.4760715686716
"22009","Avoyelles","LA",2021,182316,42.0681760553271,837903,190573,200528,232678,70476,17.4859751085751,16.7039748793468,997449,2394,33.298343620263
"22073","Ouachita","LA",2021,805337,30.0760380877182,527462,167268,56943,220168,82910,7.06934824818745,8.65661920979619,742752,1660,33.4100823872723
"22127","Winn","LA",2021,823022,33.0923348525539,124213,210694,69182,185071,76024,5.88685002992861,19.6680879942141,101246,1768,39.8255310044624
"22097","St. Landry","LA",2021,322588,39.3153400719166,567334,182108,79651,324177,70827,28.697060829727,4.88356936722994,750876,2655,31.5694114565849
"22025","Catahoula","LA",2021,35285,46.7176187923178,755589,107000,243025,281587,38365,10.462086352054,15.7458139909431,118265,2176,40.2546195918694
"22077","Pointe Coupee","LA",2021,568333,30.5646641273052,874655,132157,194609,2037,93656,23.3677391323727,19.7556658973917,868200,1837,34.5702135493048
"22041","Franklin","LA",2021,548188,36.9543642783538,833922,357866,134207,306660,72792,12.5712594552897,23.0490802181885,346418,554,45.7965790433809
"24027","Howard","MD",2021,60007,49.2779395822436,421504,190997,75893,241952,92227,6.54692851356231,26.0420564375818,608942,2323,58.7550101825036
"27053","Hennepin","MN",2021,298184,46.4024628745392,593324,8505,66227,372965,51462,13.5801633947995,28.7213296419941,157428,2086,51.6288964333944
"27013","Blue Earth","MN",2021,426028,45.5738266929984,409390,8834,22388,114817,83943,26.8993703718297,19.5836087828502,592955,2225,16.9598543224856
"27039","Dodge","MN",2021,283715,47.8667087387294,390368,499293,105305,281010,35345,5.76792499166913,2.55305128404871,173950,2848,59.1268172627315
"28029","Copiah","MS",2021,703428,34.8290710663423,474205,218115,136035,147303,70957,15.3129982657265,14.5565189025365,452230,1661,28.7183106667362
"28089","Madison","MS",2021,549602,42.6405710959807,809299,267766,238826,229154,41864,27.5941190845333,9.63290246436372,644646,1037,13.8825273979455
"28081","Lee","MS",2021,382572,31.9390903739259,328711,64254,271263,320302,86661,9.48123441892676,19.8139889608137,142471,1350,48.0854466580786
"28051","Holmes","MS",2021,878039,48.0019930377603,547785,23706,95523,378166,95754,6.57725294702686,21.2741472618654,959549,2963,27.6617985358462
"28073","Lamar","MS",2021,807313,38.5697283037007,544327,129286,215623,188717,57653,23.9793145633303,23.0831214808859,780577,2336,15.400822754018
"29057","Dade","MO",2021,424658,46.7330949194729,557263,397937,248660,267365,52721,21.4006507780869,22.2417814820074,383041,1082,34.10889667226
"29205","Shelby","MO",2021,622201,37.2037524497136,753567,455565,158825,284398,44410,28.3638244215399,15.6113436631858,957667,962,19.9226483493112
"30063","Missoula","MT",2021,316407,35.2784020360559,654419,204722,2040,205196,65132,6.45668882178143,26.8571629165672,157809,2885,11.3269404997118
"30043","Jefferson","MT",2021,322089,41.8565951893106,652252,481286,47732,1465,46243,23.2617968181148,3.30674422206357,221461,562,31.2786582647823
"30099","Teton","MT",2021,247377,34.1589456982911,238437,202443,196650,11928,77591,10.5611911695451,5.23085673339665,924869,734,21.5836701588705
"30049","Lewis and Clark","MT",2021,560912,49.1009274823591,543732,462655,163325,102970,44151,20.6896027736366,14.907289815601,238412,2146,37.110856375657
"30087","Rosebud","MT",2021,480074,44.25172961317,657249,266186,5990,378652,30273,10.4037994646933,15.4214628436603,932758,2608,53.7208623043261
"30027","Fergus","MT",2021,799485,30.3485097968951,218073,229798,207402,39005,39603,9.80612639803439,0.0231473380699754,973703,2624,18.5759069304913
"30045","Judith Basin","MT",2021,300946,40.388544681482,313311,370035,283156,390638,48725,6.26396571286023,29.4490117602982,183788,2677,46.5847210516222
"30023","Deer Lodge","MT",2021,988515,40.0995092280209,548959,212119,185863,369168,84106,10.1937842974439,15.4484482761472,719276,2292,52.0333285466768
"31167","Stanton","NE",2021,208283,45.3142778156325,486390,24911,30312,364538,40332,26.8209271028172,23.1566810701042,970223,2853,56.3870489271358
"31101","Keith","NE",2021,847923,45.6032005278394,266993,50428,94302,319512,46459,29.9626661941875,25.6678614858538,389718,996,25.1377226924524
"32011","Eureka","NV",2021,253169,41.7842580284923,86827,210039,57872,291990,88832,12.1177453210112,7.6961912191473,748549,2861,43.3897883072495
"32015","Lander","NV",2021,659608,32.3068040190265,791319,325412,172878,355327,42621,18.5731267160736,12.1668888023123,155045,1530,34.9766684602946
"34027","Morris","NJ",2021,515810,42.2365221660584,846318,68952,68549,320408,62936,11.5289757330902,19.878184532281,121535,1514,26.9926070026122
"35033","Mora","NM",2021,715548,41.0806374996901,417384,410072,244031,67058,80328,26.7493275122251,4.48604312259704,114020,1690,56.0506041767076
"35011","De Baca","NM",2021,601964,31.8332479242235,126667,308063,217984,246749,42592,27.0067085989285,29.3135256925598,319591,2711,48.3287502103485
"36091","Saratoga","NY",2021,283107,45.2746485499665,140793,189465,4136,131849,92917,12.3320422205143,10.3535108570941,747947,733,27.3542095464654
"37015","Bertie","NC",2021,313135,42.5950491428375,199754,452224,283999,180327,92755,28.1030582915992,5.11872519738972,787826,2519,39.1012245812453
"37027","Caldwell","NC",2021,578178,49.7340736025944,752585,479485,238996,46245,60454,11.2976627261378,4.21570141799748,301000,1370,48.2765832706355
"37111","McDowell","NC",2021,807948,34.2572803236544,500169,27771,211352,140522,91573,16.4827483019326,16.823439700529,428549,1336,47.1539208223112
"37153","Richmond","NC",2021,540583,31.1351135140285,881722,460115,295959,40574,48768,24.8240649071522,8.08530574897304,354737,1728,24.1789646702819
"37123","Montgomery","NC",2021,204849,45.9211067249998,794449,294081,259046,220550,51755,17.242587597575,12.8621044079773,438769,1979,24.5442550885491
"37083","Halifax","NC",2021,279292,43.4282730892301,561899,232680,206668,165618,97105,25.7755312381778,20.3913013776764,753022,1277,23.3954752702266
"37059","Davie","NC",2021,165233,45.7590794982389,735259,399921,162677,172763,54908,17.689150130609,12.22143759951,252231,1420,37.29258434847
"37199","Yancey","NC",2021,648954,39.7530240099877,375805,491352,108639,237445,51614,22.7394700120203,5.53773913532495,106810,536,34.9206070671789
"38005","Benson","ND",2021,357327,47.5257486198097,653522,216354,210763,250868,61782,8.9657800574787,13.8571713888086,160011,1626,24.1697508865036
"38003","Barnes","ND",2021,700410,34.8848017212003,560754,147930,126847,83670,55803,14.7878481959924,1.4849202032201,966807,2212,11.4065111288801
"38059","Morton","ND",2021,757347,45.2077094698325,396990,477820,35066,363139,58482,28.9309034193866,21.0983166634105,390801,2331,20.8965954976156
"38037","Grant","ND",2021,187125,48.8365918351337,586720,175688,101676,88346,42416,12.785041234456,20.8835129742511,449216,1055,27.8031788440421
"39147","Seneca","OH",2021,855448,44.7432128712535,425748,487921,78749,224206,57139,29.7396181686781,1.91173477331176,214056,570,57.2747957450338
"39059","Guernsey","OH",2021,167857,37.7340159751475,495327,195767,243502,52597,75662,24.1186764452141,10.9683534340002,180845,567,37.228010026738
"40073","Kingfisher","OK",2021,118212,40.2081281412393,378294,255045,32091,160616,65981,24.1650445049163,14.043507494498,394120,1968,33.3043376007117
"41005","Clackamas","OR",2021,830711,41.0659049451351,462303,392185,271602,364953,60197,20.7125236699358,3.79461666801944,881311,575,10.9008067310788
"41047","Marion","OR",2021,330759,31.3634933251888,448356,80679,196579,362728,30720,19.4979231758043,10.4495670483448,758753,2804,52.0772166340612
"41031","Jefferson","OR",2021,834851,31.6358525957912,426509,139911,294091,32027,46963,7.98454238800332,19.7223339951597,975758,1272,23.8399760820903
"42031","Clarion","PA",2021,149005,47.9374276474118,442003,134251,266538,172903,88744,9.52976135420613,7.57393383421004,333796,1115,12.382491226308
"42061","Huntingdon","PA",2021,675860,44.3143182434142,697192,438862,281404,345675,95784,5.05551672074944,21.0194572457112,109700,2082,30.7516939844936
"45085","Sumter","SC",2021,547368,40.6009224522859,296778,332254,129924,352537,41801,26.0545488807838,5.14724291162565,757931,2773,51.8439358938485
"45031","Darlington","SC",2021,352642,36.5373770380393,121037,27113,21420,32363,82418,12.9329735948704,25.298166393768,369072,2209,14.3602323858067
"45035","Dorchester","SC",2021,531306,30.3317465772852,514173,41633,79871,352709,40009,11.5352919278666,9.9669769546017,447820,2547,18.8976864120923
"45015","Berkeley","SC",2021,822627,39.7853782167658,173833,1466,182333,340517,58320,13.4755258634686,17.1136944391765,154547,1386,52.2553423210047
"45025","Chesterfield","SC",2021,186445,40.1862381212413,321781,33813,205548,269747,69446,26.1028915480711,5.84821036085486,826523,503,48.962825096678
"45075","Orangeburg","SC",2021,35603,41.6009735921398,282388,353738,165000,76837,61588,20.0243305193726,10.6976398872212,983566,978,30.6823876709677
"45055","Kershaw","SC",2021,325567,46.886367732659,845956,218508,203133,182321,66390,13.5050507448614,27.9524124157615,173230,1885,26.6029543848708
"45059","Laurens","SC",2021,160375,43.2493541762233,261471,333296,272916,40173,53035,22.7800614212174,26.688473385293,257789,1257,26.2296125548892
"45017","Calhoun","SC",2021,113644,45.3164566401392,724249,236104,13166,66971,63046,23.092718947446,25.0074101239443,858450,2922,47.4924176372588
"45009","Bamberg","SC",2021,282230,43.2110928650945,141602,324878,62314,114002,94121,11.9368871219922,3.60201898030937,941475,1764,12.7896708808839
"46003","Aurora","SD",2021,157212,42.4696950754151,149451,11704,282971,327353,84769,15.8702547149733,19.8615014925599,307618,1028,42.6524112955667
"47045","Dyer","TN",2021,438027,48.9855261752382,545940,70302,193224,146414,51113,16.0535922343843,5.65626699244604,686455,2926,58.0159088969231
"47093","Knox","TN",2021,909116,37.6287982659414,481284,356707,200046,15919,84384,12.3740895139053,11.8941905465908,796587,1696,52.9221488302574
"47189","Wilson","TN",2021,974325,38.022369062528,398925,73901,77609,357580,75243,24.0578084788285,23.9430016418919,162943,2223,51.7653646552935
"47143","Rhea","TN",2021,176936,42.4882520223036,341612,65597,32337,386677,30956,12.3903175012674,18.2318812399171,558954,1546,57.5780740263872
"47053","Gibson","TN",2021,831090,47.4576104199514,779805,367367,149217,197781,55149,17.0027142926119,19.6407292946242,726754,2957,23.5105717461556
"47085","Humphreys","TN",2021,469900,34.9581279745325,758443,353087,271400,398026,94870,7.68716138089076,23.5716305952519,860520,1843,52.7331058075652
"47159","Smith","TN",2021,3975,33.9071220206097,31247,289847,187263,39572,91795,15.2514281054027,22.8123783739284,594542,2534,39.565851460211
"47049","Fentress","TN",2021,125316,39.8856061510742,286364,99572,191146,166482,68043,22.5721942156088,0.694935328792781,468240,1264,59.3618186679669
"47145","Roane","TN",2021,142395,45.035262145102,87646,11318,275743,222108,92735,9.38365240115672,29.6680489112623,345773,1111,51.2689510150813
"47105","Loudon","TN",2021,622239,42.0315071521327,71735,180581,62304,404,79045,29.5808088802733,3.35546092595905,211103,1569,58.8166328635998
"47055","Giles","TN",2021,587231,47.9734010342509,818718,449854,103647,370497,88608,8.79106714972295,11.1031058686785,296798,2486,56.1578797083348
"47119","Maury","TN",2021,624114,33.6226781457663,462051,422681,199597,277942,86660,17.2436751087662,12.0052554016002,860949,892,54.7662851307541
"47121","Meigs","TN",2021,292969,49.7731027565897,159306,209906,237513,372921,64660,19.2822047579102,25.2148420410231,384569,1897,18.5172413382679
"47135","Perry","TN",2021,491275,44.4984780624509,281682,27776,134597,82940,41769,15.4486716445535,15.0611700117588,698361,1973,16.4800504944287
"47127","Moore","TN",2021,254841,38.9916724339128,648918,472977,288087,131639,85282,29.2011055001058,9.1474544769153,975660,1994,22.2674970654771
"48091","Comal","TX",2021,582321,42.6760144717991,7276,149440,142695,73587,75561,27.4916993174702,1.63192091044039,357857,2357,29.8510654387064
"48453","Travis","TX",2021,844605,45.3162437211722,868446,250301,136360,155441,51010,19.4618602469563,24.2922930093482,969488,1363,20.7926393393427
"48475","Ward","TX",2021,526554,44.7239734651521,62026,462099,280021,307315,80025,6.1915698996745,21.5194837586023,281702,1956,10.7182264467701
"48161","Freestone","TX",2021,166426,31.7114773113281,448523,474430,90306,317590,55371,11.611166743096,29.0483872359619,580143,2725,18.0498471972533
"48073","Cherokee","TX",2021,963029,39.2039418593049,786720,198474,73212,210537,64855,26.3287159567699,13.7082144152373,446983,2505,55.0195519370027
"48293","Limestone","TX",2021,14608,39.8589707678184,724781,415146,254213,40516,81404,24.9728163774125,19.3725902633741,215417,1700,40.0440567429177
"48499","Wood","TX",2021,25763,42.8215561341494,109592,454058,122823,161672,81843,12.1225220512133,10.7280393526889,519027,869,59.6389875654131
"48333","Mills","TX",2021,952215,45.16512228176,890636,10478,209727,764,87654,24.2458155390341,15.6432882207446,251947,2883,40.9701819671318
"48317","Martin","TX",2021,587880,33.4842527937144,121874,208493,72352,86272,79251,20.5516509490553,8.43636759091169,421273,2236,38.3380615757778
"23025","Somerset","ME",2021,509905,30.9714714623988,132613,268050,143444,359679,43415,29.1508573817555,14.8521907394752,877172,1764,21.7008200730197
"24033","Prince George's","MD",2021,169253,30.5329671502113,16505,263593,98557,281378,98422,24.7610467497725,25.2333599212579,673054,1495,42.1740643121302
"24015","Cecil","MD",2021,396785,32.0008320780471,64083,28364,55346,247602,53348,22.3976719437633,8.0482562771067,770053,2970,15.390203546267
"01101","Montgomery","AL",2021,846731,37.7018867246807,434006,444242,280777,209438,63340,26.0269900038838,21.8022349756211,375408,1532,19.1183151234873
"01095","Marshall","AL",2021,445322,32.8457922441885,190811,49130,187903,60816,51239,19.212509727804,19.123579217121,119037,2688,42.8510176506825
"25017","Middlesex","MA",2021,137643,40.8619051706046,40912,307135,158708,383682,37247,25.9762396116275,2.9606464644894,641548,1928,20.6777332373895
"25027","Worcester","MA",2021,88557,33.6368049774319,200060,412190,174608,318922,87840,19.9486729700584,13.6223659710959,118953,1590,45.4769271682017
"26083","Keweenaw","MI",2021,808396,43.0532957427204,421966,171038,146973,219229,83165,7.66472915536724,10.173252755776,543604,502,39.3184594018385
"01109","Pike","AL",2021,967627,42.0619009248912,214403,147461,236069,230719,41340,20.786267106887,13.5302963876165,625254,1907,21.1126364441589
"27167","Wilkin","MN",2021,747000,34.0975522249937,474369,150550,223887,326232,74555,20.8837974944618,8.55377561878413,962827,2421,37.6870327885263
"27073","Lac qui Parle","MN",2021,829366,38.0038604792207,420828,230542,167564,193081,49947,13.7252265540883,13.2342794467695,709325,720,35.1531306188554
"27089","Marshall","MN",2021,126994,41.1495025269687,717959,218908,106198,179670,99867,16.0599764739163,4.15620568441227,720380,2570,20.5553477886133
"28055","Issaquena","MS",2021,976899,42.6342384563759,763619,65577,190442,224753,57471,25.4774136538617,13.7787381419912,161656,2091,27.8784825024195
"28021","Claiborne","MS",2021,439611,43.3303378336132,236147,130940,3812,324125,94029,15.5540014163125,27.5800574314781,667282,1856,31.2448441423476
"29013","Bates","MO",2021,904606,43.8787098042667,578684,337224,213049,214834,35402,18.4854762931354,28.1221166322939,238695,1547,58.8679531728849
"29087","Holt","MO",2021,356209,42.2921189526096,777777,12340,194383,191765,76014,15.0538010941818,0.831689725164324,148492,2210,17.5235625961795
"30081","Ravalli","MT",2021,155965,36.0244831349701,90035,82630,226755,157298,87778,12.7009225147776,29.7905611270107,630456,2462,48.9841860043816
"31095","Jefferson","NE",2021,757128,49.355199127458,107076,101732,187062,135415,33988,7.66486472683027,18.8664985634387,692672,2332,19.2879046336748
"32003","Clark","NV",2021,224429,44.0962378401309,492286,252343,299767,341260,59042,16.3568566506729,11.7998496000655,458465,1330,13.1755902222358
"33007","Coos","NH",2021,945194,49.7842149436474,880334,364413,69984,297278,77028,26.2808131589554,3.91777987824753,464158,2977,51.4517908124253
"34033","Salem","NJ",2021,1012,43.891537617892,388827,459709,244639,203605,71701,19.6126318431925,14.0465079713613,295921,2512,24.4688134547323
"34021","Mercer","NJ",2021,997201,41.5135612059385,515010,78141,74251,141639,52328,17.65629970585,21.1504023405723,658544,2433,50.2639299514703
"35055","Taos","NM",2021,269989,39.5880765747279,241314,466524,286633,259613,52950,5.19926211098209,29.6860123076476,847993,2917,37.2254952811636
"36013","Chautauqua","NY",2021,340239,47.0848959963769,167214,220612,235131,161858,30290,19.2118612362538,14.816000496503,172788,1002,28.6466073500924
"37019","Brunswick","NC",2021,674677,41.5418922854587,179302,90676,233429,319482,96843,10.5255144776311,29.6307451603934,520709,2220,47.792722391896
"37113","Macon","NC",2021,417515,47.5503539992496,475039,440154,196029,116728,94091,5.99973215837963,7.40239750826731,818927,1035,52.2395433299243
"37013","Beaufort","NC",2021,664640,39.7391681792215,859027,493874,173224,12447,30496,12.2727439401206,20.1911707757972,366267,1985,17.9060781630687
"37139","Pasquotank","NC",2021,275771,33.6457473644987,449670,166856,131476,302940,42323,8.80915604182519,23.5501097445376,117919,1284,18.3046806277707
"37173","Swain","NC",2021,245710,30.9361630957574,755048,20211,238597,190397,62247,7.15402655303478,11.8885605270043,488007,1773,52.7512578200549
"38099","Walsh","ND",2021,630927,35.018220776692,287555,169706,208487,356110,68131,22.4183479510248,26.7702742642723,293078,2610,11.4443241991103
"39167","Washington","OH",2021,744853,37.0965834194794,669918,55452,59352,16480,57247,13.7222365778871,24.2866255505942,433215,2457,55.7105488050729
"39061","Hamilton","OH",2021,982855,43.0040470231324,849516,138234,232825,206034,69923,29.766464123968,9.05639991397038,632504,717,20.4911820963025
"40065","Jackson","OK",2021,278911,31.5120867313817,16531,74126,128910,347939,30560,24.0988448739517,24.9830215377733,133881,2722,38.7334644584917
"40079","Le Flore","OK",2021,467994,34.4853590102866,220228,161930,157662,71620,59462,16.4343239576556,27.7727628755383,545385,2452,43.3847964880988
"40135","Sequoyah","OK",2021,290581,43.8435717485845,272646,349736,172416,307905,49318,12.82159792725,7.5745514407754,105105,2464,57.135805664584
"41035","Klamath","OR",2021,121722,34.6497074933723,626347,310977,269343,359234,47901,14.9740074190777,4.26305109634995,420799,2572,47.0728369452991
"42133","York","PA",2021,615019,35.824476191774,877258,461191,48001,124304,70587,21.5823594143149,7.10198044544086,113933,2685,15.2572952699848
"42095","Northampton","PA",2021,769868,34.6166597912088,188662,62646,2799,200565,38213,27.9249533906113,5.75612094718963,526327,716,10.2115715062246
"42127","Wayne","PA",2021,954094,42.3501797672361,555320,91130,219665,325152,70769,16.4333152945619,19.0082757244818,609017,2226,41.5309168072417
"45019","Charleston","SC",2021,481527,36.5166242932901,621926,438169,281644,118139,81586,13.2724597014021,23.677925246302,172471,2553,16.2257826793939
"45021","Cherokee","SC",2021,378697,37.8052278282121,172312,226409,218243,30622,81605,17.9901011881884,28.9753126376309,523070,650,42.2190136532299
"46023","Charles Mix","SD",2021,560605,33.0887387134135,828751,444680,274887,106157,42625,26.5928310819436,25.5253672180697,585661,1630,37.9255202505738
"47157","Shelby","TN",2021,287138,39.197601932101,695866,127400,199739,334649,57829,18.2230994000565,22.7703043492511,154692,517,53.6132193775848
"47025","Claiborne","TN",2021,46351,37.6563483197242,713125,405519,1570,350641,46284,22.583812517114,23.8282779604197,521445,758,56.6358390171081
"48071","Chambers","TX",2021,945090,38.7787117063999,613764,229358,272721,370355,45019,17.547286611516,5.57113286107779,912517,963,12.8562175226398
"48323","Maverick","TX",2021,997846,30.6253528455272,567527,376944,51723,167641,86874,27.6117483864073,16.8399000121281,433613,1704,33.6297652358189
"48203","Harrison","TX",2021,573231,35.9810174908489,143658,71669,241123,173459,59025,21.2951320176944,3.73652405804023,194725,1695,10.2808056306094
"48037","Bowie","TX",2021,247634,40.1022161589935,31062,332805,149830,341195,96009,8.25074313441291,20.0529280537739,732761,1455,15.2327159210108
"48277","Lamar","TX",2021,797647,49.9863134790212,673280,134510,206293,312816,52160,29.8032239032909,28.5157218994573,227810,2863,59.0778569597751
"48359","Oldham","TX",2021,371090,48.6945597501472,64799,303810,218138,31967,44849,24.3584505235776,15.5859040422365,946943,2313,18.3243638044223
"48315","Marion","TX",2021,69990,37.1177071938291,326789,420624,149346,299901,76119,8.94190126680769,15.1759096537717,879418,1006,21.7156577645801
"49019","Grand","UT",2021,799972,31.2037724861875,219824,304303,75983,31998,62175,18.6387151898816,9.2930607078597,296554,1123,24.3683868809603
"49045","Tooele","UT",2021,837339,38.0694960383698,456509,118005,282901,291577,51114,15.2769864781294,10.4489762429148,601629,1683,56.2378215161152
"51099","King George","VA",2021,216481,31.137350522913,29522,23996,225328,28430,99414,22.0438192086294,26.3627570704557,646705,1812,48.3715051808394
"51027","Buchanan","VA",2021,59848,48.5734721366316,389726,388455,141265,57610,40623,27.2936861624476,1.5759660070762,269050,1213,34.598706047982
"53055","San Juan","WA",2021,115102,43.2304304232821,222224,325937,188791,265361,93278,20.8223969570827,24.9062241590582,822407,981,31.7580118216574
"53011","Clark","WA",2021,806212,34.0038187010214,641156,78144,190829,361678,35271,18.3012418751605,22.770990121644,190685,2406,31.8911629053764
"53045","Mason","WA",2021,142113,45.4899694956839,740836,444488,213585,190062,37307,11.0486201778986,28.214180865325,208927,2518,57.6863543735817
"53019","Ferry","WA",2021,725791,46.734451437369,562053,224558,140564,98267,66284,6.28475588862784,18.022599038668,486434,1388,15.1939848694019
"54037","Jefferson","WV",2021,335910,38.7282079504803,33088,35014,169595,379805,63717,7.33826981857419,28.4503317601047,832849,2993,37.4955492583103
"55051","Iron","WI",2021,345628,33.7653066636994,178887,163352,132180,120883,92909,17.228013924323,1.00196102634072,288247,2926,57.7921911748126
"55007","Bayfield","WI",2021,306785,36.665400522761,461295,144075,157843,341688,92072,9.34388120193034,16.5341509622522,670581,2764,10.1485510380007
"56029","Park","WY",2021,989862,33.955120719038,644709,272667,79509,190437,69861,17.5033351127058,23.1643762509339,158666,1329,29.0142502891831
"78030","St. Thomas","VI",2021,601789,41.4188682800159,39981,382222,87626,179628,58401,18.9940864872187,27.0207127556205,575304,2861,10.4479473689571
"04025","Yavapai","AZ",2021,1226,43.4296753071249,642453,321179,202147,392648,47331,17.5899390608538,12.7742513618432,773115,2153,32.1545176114887
"49029","Morgan","UT",2021,837552,39.5951763307676,148838,361338,142146,13299,82461,10.0930863013491,2.70643847761676,448742,1786,21.305438564159
"49011","Davis","UT",2021,707847,41.6014865180477,835473,296147,186876,372444,84207,22.2629373671953,5.84694464458153,115056,2874,47.408930726815
"51031","Campbell","VA",2021,415121,35.6408440554515,97474,172077,65902,102589,79066,9.20926163787954,25.8815150312148,419463,2693,15.0907168420963
"51075","Goochland","VA",2021,476806,31.6813307860866,325951,191324,217296,153554,79173,11.8510848504957,1.94825452985242,451934,1322,18.3220313536003
"51033","Caroline","VA",2021,938521,40.6836890429258,566149,26869,174623,25871,44375,13.5380845179316,10.689848237671,635336,1706,36.0238974122331
"51155","Pulaski","VA",2021,369588,39.4059321982786,434301,378122,147925,120330,82461,28.0310319690034,9.00546901160851,554430,1286,39.9770756508224
"51161","Roanoke","VA",2021,439846,30.6337732123211,190573,489598,201646,372752,69863,17.4908237834461,9.80165652930737,525482,1679,51.4533523959108
"51149","Prince George","VA",2021,617904,30.8918325323611,732911,165361,281306,227105,78430,6.8888387188781,13.012778791599,771008,2739,16.2352911452763
"51147","Prince Edward","VA",2021,248786,34.8963600303978,90548,218230,214396,310824,83761,21.6269686480518,3.00460321828723,189650,1172,27.5926391617395
"51157","Rappahannock","VA",2021,700321,43.8275763113052,617906,382237,61907,364136,93798,15.0517289421987,13.9320561569184,539263,2321,58.0617660563439
"51029","Buckingham","VA",2021,845506,32.106399377808,465709,79117,122314,25635,72419,27.7956760150846,21.1505420599133,881487,1133,15.9903337038122
"51660","Harrisonburg","VA",2021,480524,43.7439136812463,53026,142473,267276,399088,35125,29.1054489044473,17.564183184877,101068,2156,11.0842976276763
"51007","Amelia","VA",2021,124514,39.986650547944,434667,149974,168626,106222,60689,22.3485082224943,25.6356631522067,767919,1713,37.6430535246618
"51097","King and Queen","VA",2021,319655,45.6882847985253,678462,434589,14936,296821,39734,28.9565608673729,11.9453682121821,647943,1101,13.0417130794376
"53077","Yakima","WA",2021,168076,37.9731922084466,85700,427574,79071,12724,58191,8.71423191973008,9.96128564234823,544192,921,18.0613393918611
"53017","Douglas","WA",2021,28089,35.9399373689666,105880,166835,149150,52813,82779,7.81373382895254,13.0259266449139,721400,624,37.7391172130592
"53041","Lewis","WA",2021,118688,46.7771684238687,240637,305767,232994,355707,88820,18.2307377120014,8.7467533769086,651411,2184,50.9184718620963
"53043","Lincoln","WA",2021,799425,36.0755588905886,212741,358664,158913,345129,92808,29.3222132208757,28.9639941765927,891651,1843,28.8151037669741
"54021","Gilmer","WV",2021,54120,44.0814613969997,256859,71706,198173,94588,89712,27.283323307056,29.0403514914215,648113,707,24.0042013954371
"54045","Logan","WV",2021,70311,31.051902291365,307771,99315,291255,25077,68391,17.494576262543,10.2095392229967,159682,2605,46.4661156781949
"54081","Raleigh","WV",2021,52416,39.1283244546503,176866,395166,39915,61421,30894,29.4872495706659,16.34185686009,931241,614,19.7196199465543
"54093","Tucker","WV",2021,740717,47.5878403475508,193139,238247,109923,86915,78526,10.7384073268622,23.8423332385719,371911,1653,38.0306992935948
"55133","Waukesha","WI",2021,854195,36.153024295345,833951,274077,7034,163820,53845,15.350252565695,8.71353819267824,790242,1552,31.840850438457
"31091","Hooker","NE",2021,247507,33.2206183485687,111349,197639,189999,249121,86666,28.5284989117645,16.5725338971242,191666,641,52.61165689677
"01003","Baldwin","AL",2021,605939,47.0734440209344,852238,232857,88616,235982,54639,20.1053503330331,12.0721354801208,747536,2284,36.2368104537018
"01129","Washington","AL",2021,438440,37.34283328522,852800,390168,51501,206594,84883,11.8362033052836,28.507872254122,289402,1195,12.8556996840052
"02122","Kenai Peninsula","AK",2021,140815,37.7257284056395,338566,318363,187682,260790,30898,17.3635495605413,6.25149664236233,996262,2033,41.76387186395
"05139","Union","AR",2021,475818,43.1578367948532,355555,300019,18284,282202,42510,13.3656070171855,23.943329541944,646606,2052,15.4343294701539
"06073","San Diego","CA",2021,905780,49.3146505439654,492172,19416,18614,74210,62977,11.4518823579419,22.3892143950798,159376,2725,49.3760661478154
"06081","San Mateo","CA",2021,60309,45.0798936048523,114142,315822,169096,188545,34007,27.9407728649676,19.9524953705259,425495,2950,27.036802880466
"06091","Sierra","CA",2021,794406,49.0512121422216,668856,193159,213831,201210,80997,9.40568644553423,25.0414709164761,758301,904,54.7830320685171
"06017","El Dorado","CA",2021,214942,36.3618602789938,849524,93175,231456,260983,55070,16.5628955769353,20.8662800397724,281305,2458,50.2108104201034
"06007","Butte","CA",2021,841807,43.577916175127,340044,34104,232291,61212,52872,12.8378012869507,3.44894272042438,982731,1024,20.4616336757317
"09170","South Central Connecticut","CT",2021,66943,31.7710533738136,545416,5934,146754,83739,57029,5.98941700416617,23.0430260533467,879129,2463,29.055801385548
"06109","Tuolumne","CA",2021,497939,43.7977656489238,112246,54840,207068,19469,61157,18.5831936262548,24.8858302203007,668864,1106,28.3460291125812
"04021","Pinal","AZ",2021,608134,30.9135289071128,722339,499304,88059,293806,64990,24.6125342918094,26.7548815975897,296812,2991,28.9549716189504
"12075","Levy","FL",2021,874929,44.0088852262124,652493,339286,266464,167082,95965,10.6571841589175,16.7970233992673,694303,1863,57.3236276186071
"12045","Gulf","FL",2021,668636,45.1257686549798,770152,184398,42640,221073,80341,6.37610272504389,11.0683287587017,679091,700,38.6847228184342
"16087","Washington","ID",2021,765097,49.6505557280034,815064,228875,166825,82941,52027,19.5166939473711,8.33359180949628,356051,1578,27.6129989908077
"13073","Columbia","GA",2021,266404,35.2187525387853,622596,163565,124196,319625,61704,12.8300944063812,26.9885898940265,263062,2754,25.1039800141007
"13313","Whitfield","GA",2021,256361,41.844811597839,120921,334377,121170,182212,80360,28.362941283267,0.445770600344986,156599,1241,16.9867808604613
"13143","Haralson","GA",2021,647187,47.2370327077806,201762,66670,276745,99847,32959,19.3320722971112,13.4678185684606,432841,658,45.6049067457207
"16073","Owyhee","ID",2021,412918,48.7005905760452,448415,270150,44107,369951,30351,29.7421015577856,22.3408836498857,283774,1513,22.6323669101112
"16043","Fremont","ID",2021,188952,40.8767915936187,113872,271797,204495,268009,60733,13.3483739523217,13.6534340539947,337264,1622,14.4591127894819
"17003","Alexander","IL",2021,262134,40.7682764949277,772220,104061,13108,154453,77291,16.7506964656059,4.92931817891076,982133,2157,18.8210050249472
"18047","Franklin","IN",2021,916281,33.5225043073297,261024,306766,170478,357872,94601,26.8659543141257,21.1792246391997,294978,542,17.5294249341823
"26089","Leelanau","MI",2021,976836,43.3171340310946,608065,104927,199701,182138,71914,8.47037243191153,18.4361157962121,998754,2254,59.3303976720199
"18147","Spencer","IN",2021,106411,43.0700896587223,297556,210683,158012,320277,95223,10.047416879097,0.152284351643175,681035,2347,23.5324487928301
"18183","Whitley","IN",2021,729485,32.5330363819376,278628,179423,196229,34607,41761,17.3581970168743,20.5033642658964,139586,595,31.8834948958829
"08109","Saguache","CO",2021,516945,48.170879567042,835368,231552,45977,115627,89854,6.83166978531517,19.4540149765089,377374,1030,46.5172568941489
"26121","Muskegon","MI",2021,468806,47.4196791835129,438953,389797,237452,338765,67250,16.3290399021935,13.5013311565854,425839,2473,20.9944790718146
"21133","Letcher","KY",2021,957664,46.6364237572998,837316,187643,237313,255287,62506,19.119778724853,27.2743931156583,111446,2212,12.2036222275347
"40125","Pottawatomie","OK",2021,202860,31.9222426367924,293132,439849,127045,59924,46750,10.4711443779524,29.8447565361857,442217,1234,36.7657764372416
"08043","Fremont","CO",2021,230299,37.9604039620608,499120,163898,212466,149987,84757,25.1850251527503,15.0968845328316,453255,2742,32.9767359793186
"26047","Emmet","MI",2021,3092,30.040445458144,482564,423983,260254,86791,70783,27.3427411052398,28.4119102614932,526309,2017,19.4100141548552
"08013","Boulder","CO",2021,168833,38.7573030591011,370785,38099,110564,354790,66952,14.0666594740469,14.065824765712,490828,658,57.937235108111
"08049","Grand","CO",2021,66194,38.6605282081291,288373,335265,286510,304616,75262,27.6648328534793,3.03390166489407,824293,1440,51.1472544190474
"22045","Iberia","LA",2021,111609,41.7386315111071,773883,225636,207976,392357,31510,26.1595368862618,24.5302701601759,740749,2474,10.4958053934388
"22107","Tensas","LA",2021,884008,32.9368394706398,868243,442535,182182,328411,94980,6.81416391278617,4.56211875658482,671735,2085,24.7360952221788
"22019","Calcasieu","LA",2021,813224,31.5189676452428,816857,355130,141352,124248,46220,17.2429336654022,15.1541441003792,923418,2393,37.6108643971384
"22125","West Feliciana","LA",2021,682120,44.5567155070603,665174,164703,4453,246472,88902,25.754575607134,1.7634612810798,242565,1275,57.0896351151168
"02158","Kusilvak","AK",2021,331677,43.7649216456339,263480,162229,263207,53759,76127,13.7412088701967,7.20024128677323,775442,844,55.48501301324
"42029","Chester","PA",2021,170155,32.5697744032368,526648,105004,51133,104510,53034,6.16729433648288,5.67686343099922,464253,575,26.6698676184751
"45029","Colleton","SC",2021,645224,46.9118983717635,294153,335441,30115,250187,76021,17.394935823977,12.6919763395563,875818,2729,52.8349211346358
"16007","Bear Lake","ID",2021,672739,43.0070274602622,487557,445836,143924,232490,93131,18.0746563838329,9.27469772519544,722426,919,10.6176888709888
"17185","Wabash","IL",2021,766548,31.5231738239527,86386,255672,125146,119816,57808,27.2054747398943,15.3453795751557,681562,2737,24.8006553412415
"17129","Menard","IL",2021,952344,32.6797003624961,648618,225067,252159,114902,82818,21.4378476911224,9.77380346506834,456917,2593,27.8121543140151
"26163","Wayne","MI",2021,361508,46.304683284834,431973,195997,129342,52010,75797,5.43814574019052,23.5257994243875,927346,1932,13.7617024267092
"18083","Knox","IN",2021,446207,34.8004817124456,761747,459468,46857,311679,45880,29.8018977348693,19.0071223466657,581004,2526,29.4661873392761
"19195","Worth","IA",2021,197321,39.4637511996552,659125,342255,117076,144934,67676,8.55562659096904,3.63577212207019,620606,844,48.6632522102445
"18073","Jasper","IN",2021,800589,41.1775165935978,105334,188825,298033,348556,40595,5.38631237111986,6.75940209534019,961997,596,56.8779675080441
"36047","Kings","NY",2021,974095,31.6782805323601,17915,492570,245736,227248,99457,20.5008478788659,7.08964185789227,683500,2277,53.7783708446659
"26055","Grand Traverse","MI",2021,378137,35.6404460035264,208774,384864,95914,372247,92225,16.0508613171987,5.21426842315122,839562,1958,46.51962231379
"40087","McClain","OK",2021,488991,44.6580682555214,224989,69778,247838,96432,82104,25.8490830264054,16.8479629908688,381321,942,15.4772790404968
"36043","Herkimer","NY",2021,603369,33.6841996619478,616557,64095,288668,305723,43996,28.3848849136848,9.2966614686884,902986,636,42.5828103581443
"21059","Daviess","KY",2021,208171,34.2396401194856,266366,50325,13790,216864,32587,20.5742515635211,13.1863631517626,541338,1342,14.3489904841408
"26053","Gogebic","MI",2021,32269,36.2571166083217,392448,13005,20560,29113,47635,17.691387324594,16.4577890653163,190012,2382,51.1106726853177
"05041","Desha","AR",2021,498588,31.4038699353114,321311,488447,185680,236584,98211,29.4773588492535,28.4387289988808,659633,2461,23.7051828904077
"06011","Colusa","CA",2021,247192,40.4599061189219,615353,118754,101993,255689,72558,5.18629337428138,1.32167267845944,172836,2990,35.8117711986415
"12083","Marion","FL",2021,715479,30.7791146170348,825289,327820,285308,128273,94500,29.1698898200411,9.0195618965663,915354,2870,45.2827779366635
"12049","Hardee","FL",2021,16921,49.7742603160441,186724,355690,102616,337086,58461,9.45600059465505,1.10013014171273,747348,1851,28.6241371557117
"12125","Union","FL",2021,176246,49.260407644324,793942,30168,165897,313495,88068,9.06987795140594,21.8854112550616,387813,2252,31.3590573403053
"13311","White","GA",2021,705492,31.6492106299847,456510,234726,88720,4057,60933,14.5488452119753,7.4012053781189,568151,1287,57.7651586988941
"13151","Henry","GA",2021,939861,35.863789007999,603006,14514,43228,107934,32067,15.7268479245249,24.5646253391169,240488,1286,37.5657483376563
"13105","Elbert","GA",2021,257983,33.2282197941095,168023,159273,268326,336147,61883,13.8049973128363,14.4790291925892,495076,1143,36.3427650555968
"13303","Washington","GA",2021,115444,48.4144569979981,800895,4534,116162,232782,57020,11.7470003617927,23.8152572815306,427298,1782,40.2254445618019
"13149","Heard","GA",2021,988186,30.1252436637878,692188,345815,183546,157171,64931,19.5423836132977,22.5565506471321,803059,2129,56.0107945371419
"13229","Pierce","GA",2021,688942,40.8797752764076,564188,440355,236360,129254,37364,20.6255565874744,4.68920920975506,558839,1753,48.2428286015056
"16041","Franklin","ID",2021,296510,43.7261550873518,80007,423390,202130,226385,70538,18.8475384854246,29.2731733736582,879888,871,41.4609366701916
"17175","Stark","IL",2021,880904,48.6236141249537,577837,67607,203123,130990,30547,20.9614866599441,18.243367918767,145756,1190,50.3083733748645
"18041","Fayette","IN",2021,468278,36.4830424590036,535508,12800,158419,302005,79586,18.5111277166288,19.2780022532679,779565,933,50.3513520723209
"19127","Marshall","IA",2021,556822,35.5734638450667,128252,38890,224463,345411,52117,19.2477068060543,8.86647360166535,269478,1810,44.060943487566
"19021","Buena Vista","IA",2021,820945,49.3141066282988,279391,255875,251073,122826,52322,24.1802428278606,6.85027662897483,330469,942,45.8871450414881
"20161","Riley","KS",2021,368686,32.9383490560576,619691,294123,68438,340101,41754,9.71597394207492,0.412043812684715,180277,951,14.0144730242901
"21151","Madison","KY",2021,279648,32.8652322292328,180723,128017,162772,201490,54512,16.5776690770872,7.84353279042989,381796,1164,11.1056166142225
"21013","Bell","KY",2021,204653,48.2581559708342,437674,206309,154232,312705,79753,26.9740204047412,26.9493652344681,649047,2818,21.5185464732349
"21125","Laurel","KY",2021,375147,45.6828307360411,51236,244821,240543,382527,94749,18.224235875532,20.1035657571629,198068,1931,57.3488614778034
"21183","Ohio","KY",2021,497808,34.7345805028453,295013,355891,109735,383112,32086,27.0751536893658,20.0037729134783,889105,2436,20.1983562344685
"21055","Crittenden","KY",2021,332657,42.4404685758054,653477,357245,278725,239507,50459,27.7713146712631,0.776948444545269,494743,1796,56.2288210517727
"21231","Wayne","KY",2021,439605,45.3272077161819,725651,130106,287316,339099,85283,24.5173121290281,11.2909867311828,250881,812,48.4304546751082
"21131","Leslie","KY",2021,590760,35.067647411488,296903,74840,201352,77491,35312,18.7122600106522,27.2254774114117,626864,1561,23.5926802409813
"21189","Owsley","KY",2021,849098,35.9060845989734,675443,417203,88642,61097,45711,16.2512702005915,18.4603070584126,528978,1138,19.4013599911705
"22071","Orleans","LA",2021,641128,45.7983634062111,440867,243695,74535,155473,48384,12.283224654384,8.98648732574657,845315,2245,41.1599469743669
"22099","St. Martin","LA",2021,894958,45.0937515916303,481730,379020,52048,88661,72095,28.3893692726269,13.8199701206759,917098,840,51.3552091224119
"22039","Evangeline","LA",2021,847890,41.8170392327011,306586,76777,278704,17916,75169,19.0571288589854,27.6792793348432,165156,1067,12.8555859695189
"23021","Piscataquis","ME",2021,210192,33.4386126091704,534890,161955,288074,377765,45206,21.091879591113,22.716601411812,411239,932,26.9722736813128
"26135","Oscoda","MI",2021,377518,40.7113273767754,572618,367782,235913,2301,87290,26.8726781022269,25.7756965560839,846220,2949,43.669105602894
"27015","Brown","MN",2021,673647,46.1062597669661,14075,442578,201308,64851,78392,10.7501693256199,13.6455355491489,431626,1669,13.857225831598
"27145","Stearns","MN",2021,357304,44.949635011144,193485,176815,103358,177347,32110,17.8163065470289,11.8142423825338,173058,690,13.5473201423883
"28111","Perry","MS",2021,447182,31.4389997441322,10620,162393,250978,14378,65095,27.0783162803855,20.7813172694296,671285,2616,43.0775957903825
"29041","Chariton","MO",2021,275582,49.7495527425781,64969,113164,206326,93802,74590,18.2477399427444,7.87917456356809,857047,1314,43.5608137422241
"29027","Callaway","MO",2021,282357,40.3610411752015,307883,33451,58801,158628,30290,24.4563147437293,6.01094445213675,555235,3000,35.2377159544267
"29075","Gentry","MO",2021,549237,34.0970033267513,644423,366521,164842,337026,39073,13.8463315158151,27.11420111591,540104,1296,36.9489122438245
"29029","Camden","MO",2021,572818,43.5831572301686,833723,128146,6572,47390,42185,24.0588061581366,29.0434079314582,374730,1257,50.2146894368343
"30007","Broadwater","MT",2021,373784,49.5598496263847,444188,269849,166639,13326,85732,11.6029876295943,17.3713217675686,604917,629,51.8545557186007
"30025","Fallon","MT",2021,282984,33.6762850405648,120227,4138,196043,42749,75312,13.1940397445578,3.99985308526084,856924,1621,39.8710593138821
"31171","Thomas","NE",2021,124723,45.6141429021955,880581,42466,15725,380989,88213,20.683198714396,14.0737378690392,999129,957,30.339372206945
"34035","Somerset","NJ",2021,769670,37.9784122062847,850712,177404,292844,230944,51871,11.9997732935008,7.11546821985394,593612,860,59.2473873891868
"37101","Johnston","NC",2021,102476,36.0203935531899,636208,152749,50969,14141,34688,5.74528192635626,10.5716832680628,926293,1131,48.838429749012
"37099","Jackson","NC",2021,871866,31.6955194296315,350993,384520,281217,339290,62394,6.6865078068804,25.0512205366977,872725,1076,13.1024366500787
"38083","Sheridan","ND",2021,163323,48.9069475373253,287470,28377,145372,208140,71736,26.0337795026135,21.2909187446348,135829,835,42.5031899032183
"40145","Wagoner","OK",2021,790423,49.371270625852,261635,338856,48392,180775,86365,17.8367802069988,6.20173021685332,288643,2266,35.8225009893067
"40133","Seminole","OK",2021,761463,42.4523384030908,287757,47582,31522,285383,34926,6.28311537555419,10.8792595728301,280114,631,36.5338350785896
"41013","Crook","OR",2021,52187,48.1571755325422,176645,45207,11270,150037,48182,7.70052152336575,23.3692888123915,550278,662,35.0077194417827
"41061","Union","OR",2021,337076,42.2833284223452,483665,209871,106624,363212,79418,16.7953156935982,6.56798148527741,959799,1133,37.1966034430079
"42091","Montgomery","PA",2021,855885,36.0807896545157,890446,59417,13717,354750,86732,25.7595499174204,11.964881233871,909621,1702,19.4888951163739
"42013","Blair","PA",2021,350600,49.318817476742,179471,265282,261771,375508,72655,5.00210274592973,10.6410825555213,818108,1407,48.7726158718579
"42033","Clearfield","PA",2021,54224,48.5869014682248,343297,78904,155193,278121,97118,15.1384935725946,17.850795853883,491554,1019,20.610397986602
"42113","Sullivan","PA",2021,217425,47.275099940598,186166,476773,201851,232513,66983,20.0593858619686,3.85511447209865,844925,1408,39.0351275587454
"45047","Greenwood","SC",2021,858261,32.8781871357933,137799,470005,115814,371557,65161,25.6422473362181,24.7647262131795,263164,2375,52.6462641684338
"45067","Marion","SC",2021,959702,43.7847129674628,546022,56537,112685,140620,89954,15.1398259226698,2.20441932789981,531816,2427,14.1845350526273
"46137","Ziebach","SD",2021,37490,31.927082343027,595136,324882,33836,175315,71602,5.6748455518391,11.4909025328234,860113,621,35.4637828096747
"47097","Lauderdale","TN",2021,219321,41.1099040461704,471247,52896,15265,214566,78875,7.59793199365959,26.0434295330197,608234,2700,38.0179329449311
"47063","Hamblen","TN",2021,62768,48.6447020480409,425340,363647,141618,210342,70596,26.993117016973,4.93274109670892,797212,1812,12.2951635997742
"47173","Union","TN",2021,753033,36.8288821307942,190025,158919,6482,48189,97969,21.6742937348317,8.07653275318444,496534,722,20.8897497993894
"47057","Grainger","TN",2021,75997,31.159981796518,685078,34749,48111,119505,42721,21.2595511530526,3.85906283045188,609397,2638,51.5991764166392
"48135","Ector","TX",2021,13232,48.1503908755258,679436,112986,79672,195341,70279,26.6985953913536,26.489475807175,487755,1622,26.1584589048289
"48401","Rusk","TX",2021,991940,43.2991071185097,87164,238361,120097,201065,73402,26.5985559916589,28.311531948857,550563,1253,35.7575447205454
"48103","Crane","TX",2021,29785,41.9192006113008,326838,64868,186794,197263,81037,23.5885254642926,25.8487997506745,194334,623,18.7987684411928
"48115","Dawson","TX",2021,709687,37.3439368139952,377697,390330,215201,335759,48422,15.0118655420374,16.7817491828464,319803,2174,52.2197595820762
"48089","Colorado","TX",2021,847589,49.8897581826895,368979,171034,200973,124273,78852,23.6446007690392,16.8771256715991,502667,1832,20.5712538352236
"48287","Lee","TX",2021,658350,30.828155791387,565529,357572,171595,3136,78652,19.9796686135232,5.66002955893055,919608,778,12.2495015873574
"48347","Nacogdoches","TX",2021,744076,35.0940411677584,163425,86242,235905,32933,34723,23.5247035056818,5.72642072103918,455035,1153,46.6430146270432
"48025","Bee","TX",2021,659278,44.9661044636741,266517,27196,44051,375912,74384,20.7905338273849,20.7655579573475,626610,1908,16.15719294874
"48405","San Augustine","TX",2021,770895,43.4558128379285,753313,87612,65278,334092,78057,29.9336228240281,27.8688437934034,603537,842,25.5666240840219
"48319","Mason","TX",2021,655119,42.7740149945021,823720,255486,192561,184154,66773,10.9677879675291,28.9403570559807,912393,532,10.4462962504476
"48173","Glasscock","TX",2021,761947,36.3076130999252,242620,1570,11159,98849,76252,9.28082189755514,26.1279902863316,958659,2920,33.9228093647398
"49007","Carbon","UT",2021,14825,36.766564482823,741271,386315,148899,388932,41943,21.0603756958153,2.13184237712994,688531,560,36.4560117153451
"49017","Garfield","UT",2021,206006,46.15964979399,619656,339942,3964,123618,47536,21.3476088317111,15.3698658803478,535687,692,13.3701046137139
"51041","Chesterfield","VA",2021,432898,40.152720711194,276129,24577,286356,384200,93120,20.328287234297,16.2335037603043,105476,1224,51.1691681481898
"51177","Spotsylvania","VA",2021,93228,44.4390280218795,652019,390878,55845,163045,43704,8.07109486893751,11.8669810588472,157487,2907,51.7673758580349
"51163","Rockbridge","VA",2021,756138,34.0757076721638,239606,240653,59789,71154,37310,25.9323228278663,24.0153057547286,658999,2665,59.0634172223508
"51023","Botetourt","VA",2021,148689,43.4036790300161,305240,462505,119044,377430,54453,13.1406164797954,11.7176011553966,211046,2735,44.447082306724
"51137","Orange","VA",2021,694373,31.3887549750507,523815,41795,205980,318601,64794,22.9882562777493,5.24259845260531,520928,2128,44.6557307406329
"51063","Floyd","VA",2021,988719,37.0347269531339,76805,24734,292353,121697,64153,25.5853746505454,22.5212120963261,726371,1647,27.4834578647278
"51125","Nelson","VA",2021,327910,35.1143098855391,664766,170434,85083,166978,34499,20.8149081747979,10.083339472767,152825,2818,23.7889566831291
"53037","Kittitas","WA",2021,814976,42.7545723319054,341701,271397,280943,314930,33700,22.2281038714573,23.7769984058104,258236,2337,29.4052480394021
"54039","Kanawha","WV",2021,58930,48.6044223047793,389000,472079,100206,102465,32006,25.5758581054397,2.01771786203608,710411,2759,31.9525542925112
"54049","Marion","WV",2021,902850,31.1685302760452,362835,499367,287478,19598,83379,6.30526992725208,14.3357917503454,522833,2270,17.9289680346847
"54109","Wyoming","WV",2021,315147,37.4064332433045,138320,255380,64366,100791,91498,6.27419205382466,25.4579180013388,357427,2827,49.6668347995728
"55001","Adams","WI",2021,195955,33.5652627144009,19721,342540,105867,89909,79284,11.1803825665265,17.0051579852588,453574,1562,40.2063469076529
"60040","Swains Island","AS",2021,778481,36.2539076246321,233132,138521,194882,360122,98070,5.79133854596876,10.0164498668164,364450,1594,53.644268065691
"66010","Guam","GU",2021,736143,43.1245255097747,641974,173011,78081,152133,73936,19.3379773246124,7.7036035596393,573184,1820,19.8687051213346
"69100","Rota","MP",2021,33680,43.7844144552946,783969,69918,17123,370966,99706,12.7120117901359,1.5390986460261,770464,1268,39.8114183126017
"72141","Utuado","PR",2021,486084,44.7059118980542,822339,139470,87883,70695,67467,8.53194390190765,25.1824248419143,518930,1133,39.5893479255028
"72003","Aguada","PR",2021,910577,39.1683835582808,143649,309187,73343,299276,68714,12.5888143037446,7.02279794728383,792652,2785,18.2356189494021
"72023","Cabo Rojo","PR",2021,88404,45.366988433525,458933,443895,32574,372664,51905,17.6763616863173,8.28218049835414,625724,1810,59.607465218287
"17097","Lake","IL",2021,210434,41.4729325473309,491068,337385,294070,347197,72510,12.0076094882097,5.02368320245296,719516,742,25.9219595254399
"17029","Coles","IL",2021,612428,34.5271847071126,391259,488539,188092,353409,84365,23.337684229482,12.9606392187998,988192,2602,14.8308305907995
"05009","Boone","AR",2021,967774,31.4859695080668,201798,129014,218101,297585,98208,7.1966059168335,24.6207797247916,408226,2953,20.8135040616617
"06059","Orange","CA",2021,678417,30.0369820091873,855612,318305,132676,260519,81292,19.5974371407647,25.9335345611908,253498,2634,57.9809205280617
"06041","Marin","CA",2021,689133,35.3957230923697,875160,170814,259788,183062,65576,20.687351860106,7.7432726486586,932429,2423,58.7475354922935
"06085","Santa Clara","CA",2021,374894,34.8238538997248,241279,172055,130250,380729,42749,17.8827095439192,19.2004607222043,354236,2086,33.2321394374594
"06077","San Joaquin","CA",2021,676455,35.5803492618725,721699,116379,24818,248478,66281,10.3174688539002,26.7998918308876,408369,1026,56.7062959331088
"06019","Fresno","CA",2021,331556,48.135884013027,459451,209971,39584,214309,98491,11.4282075676601,23.8095613033511,387724,987,30.3254579100758
"09180","Southeastern Connecticut","CT",2021,74355,43.4446696331725,896913,276779,18227,220247,89105,21.7714711686131,11.9115322781727,892119,2870,13.01499402849
"40089","McCurtain","OK",2021,362941,46.6148718167096,780739,30701,106294,324976,83968,9.68056059908122,25.6734776892699,499813,860,35.7975687156431
"41019","Douglas","OR",2021,169307,43.7726471852511,79717,395590,259045,146766,77320,29.6594149037264,19.7251699143089,316601,1423,27.8728538099676
"41051","Multnomah","OR",2021,512800,48.6284650675952,108605,299664,156845,332731,67576,14.4504943059292,13.8541467580944,309564,2009,10.5818865261972
"42111","Somerset","PA",2021,815487,39.1472946759313,457218,169452,121523,310924,42144,20.0397652876563,16.4918324025348,354553,2297,54.781133485958
"42101","Philadelphia","PA",2021,729662,43.3861729316413,460576,432492,159280,19029,81923,29.9730025185272,22.0515244686976,361366,1932,43.5595388896763
"30015","Chouteau","MT",2021,144984,32.6513584749773,871021,153638,281285,229880,42598,26.3083168491721,7.83237343886867,500862,1482,57.8184152394533
"30073","Pondera","MT",2021,389124,46.6033517988399,455626,67536,169870,105535,55222,28.1555576494429,27.5996596575715,304152,1810,33.7376887351274
"31155","Saunders","NE",2021,486392,47.559591983445,329586,204426,117832,48063,72416,7.59680284652859,27.8624461521395,737035,1763,36.0237567708828
"31085","Hayes","NE",2021,550782,37.7224716031924,133352,10502,185412,338262,85315,16.8109608301893,23.9253675076179,716208,2425,19.056030982174
"36111","Ulster","NY",2021,734221,48.4144628094509,596975,347416,233113,151389,52042,24.8502023878973,11.7946018651128,738381,1296,49.8711746674962
"37167","Stanly","NC",2021,271416,45.3457853104919,409049,334411,184068,176223,63503,15.3639569948427,2.06874535186216,949606,1698,17.1796773583628
"37193","Wilkes","NC",2021,538249,44.6420964738354,268287,341366,120223,358556,58396,19.0364113321993,5.94897109782323,656822,2527,59.8566197347827
"37117","Martin","NC",2021,703619,47.6728473976254,180076,416625,164300,366907,46027,25.4167898453306,23.5967296804301,713943,2239,55.4320794786327
"38071","Ramsey","ND",2021,743360,44.607018022798,457019,65555,101987,341308,76135,23.2297507359181,21.1168402363546,107856,1421,58.5725743463263
"39127","Perry","OH",2021,528288,42.7704674657434,825354,497548,251561,91320,70039,24.9322794622276,6.77317236084491,135604,2707,57.3209460498765
"40117","Pawnee","OK",2021,314890,32.9347221087664,392981,122290,94270,292329,37971,21.6661269380711,12.7839805511758,575281,1777,58.8697361317463
"41023","Grant","OR",2021,119004,47.5452878465876,859411,491151,98915,274160,76022,23.4756096918136,11.7403300688602,274142,1546,29.528014282696
"41003","Benton","OR",2021,22050,38.5603738343343,146059,125547,250565,332456,81197,5.19924504449591,27.2874262346886,755852,2278,29.5722946198657
"45049","Hampton","SC",2021,584117,36.1530373618007,6387,65990,64582,289565,81983,18.6640850862022,15.6197196850553,134614,2654,36.0653797886334
"46093","Meade","SD",2021,704082,42.1344179194421,49475,60749,124328,62671,92590,20.2461165096611,29.9267644411884,623086,2613,13.0469215242192
"46041","Dewey","SD",2021,228931,48.8029133807868,22333,183604,127274,161049,74891,6.30585942533799,8.45194971654564,623625,567,31.7629665508866
"46117","Stanley","SD",2021,410653,42.3797178501263,518805,307322,88995,94486,35358,12.7407070959453,1.76318805897608,599273,2752,25.2536959154531
"47059","Greene","TN",2021,847009,40.2938332408667,22853,307850,74886,94969,57939,20.9895126707852,20.0430967938155,753428,1652,52.1453288756311
"47031","Coffee","TN",2021,236662,31.8751465855166,12895,305662,130826,298982,55903,18.0658166017383,21.4646230079234,426859,873,50.072755375877
"47187","Williamson","TN",2021,944552,33.9772775303572,537364,403106,293949,330646,72229,8.83781940327026,17.4680780083872,973635,2428,17.2914156364277
"47037","Davidson","TN",2021,352250,37.4465411994606,844945,162030,13849,100942,66251,8.36951441131532,9.23355592181906,328364,1130,23.7032715487294
"48339","Montgomery","TX",2021,457394,42.2744489926845,745483,320879,109128,247513,35962,7.15458870516159,5.17367717111483,980582,1846,56.8776483554393
"48227","Howard","TX",2021,245858,39.0675167553127,456491,53686,231053,184940,69261,12.2566465009004,5.00031949952245,970027,504,57.9823382338509
"48289","Leon","TX",2021,814046,43.1498993001878,38845,154099,71699,93061,96390,29.3965847301297,3.71348057175055,969821,2052,21.0966829699464
"48241","Jasper","TX",2021,841017,35.8595452131703,653560,23933,231078,198221,45957,17.1483532711864,17.9672109824605,848094,2431,15.2509813336655
"48449","Titus","TX",2021,72445,43.9237932208925,77418,132110,55349,51267,44148,22.157374805538,13.042983894702,240411,2872,16.7515460075811
"51127","New Kent","VA",2021,324188,31.9127412838861,86502,278994,214094,37523,95068,24.4358269451186,1.33394194068387,490957,2255,22.6844522776082
"51103","Lancaster","VA",2021,775273,33.8346078246832,778088,437996,103802,25203,88361,10.8007930754684,6.68641147669405,775823,1191,59.3403957923874
"51139","Page","VA",2021,203446,37.9669166728854,407036,246189,147791,57812,74653,20.0143159436993,4.02702894061804,610161,1307,46.0854097525589
"51017","Bath","VA",2021,454456,36.3021129835397,632131,316237,138003,193866,88876,8.26761995092966,18.1653368356638,636029,1851,17.6513105072081
"51036","Charles City","VA",2021,730193,35.6376352394,129014,269811,67052,331149,99453,19.1000080038793,13.6989883007482,854628,2147,46.7621213663369
"53021","Franklin","WA",2021,588083,31.4930729009211,793589,281670,221639,308736,58798,25.047898881603,27.7211248897947,668303,842,42.010457047727
"53025","Grant","WA",2021,844219,38.4880002588034,325294,36770,156851,58654,45730,9.10981465829536,12.9098937590607,442408,1573,47.5837456202134
"54087","Roane","WV",2021,138133,44.3156213127077,248030,371019,212743,368420,46266,9.03466083225794,19.6053854143247,493003,1132,29.2396792233922
"55057","Juneau","WI",2021,784780,41.4864592021331,7869,89838,292671,188881,61553,7.05330970929936,17.3370005073957,947415,1323,12.3503728443757
"56013","Fremont","WY",2021,850672,36.0498138237745,878115,455166,100366,53358,72617,24.5107582432684,27.2666197596118,238090,1682,14.4582928181626
"05003","Ashley","AR",2021,974363,32.1703729778528,571242,91583,47788,247473,51022,5.44890359276906,13.5828329413198,449232,1580,13.7403146154247
"06053","Monterey","CA",2021,138973,36.6499334108084,167019,4602,69675,394100,49955,18.3769439475145,8.98718500742689,435389,2350,33.8766162190586
"13027","Brooks","GA",2021,429001,32.9061071155593,77355,408090,150204,225821,98107,12.4953974282835,8.14093109685928,273979,557,16.6809332580306
"16079","Shoshone","ID",2021,148051,32.3983799433336,347931,50608,291275,365685,77683,9.88585944985971,27.1641287743114,171213,873,18.9163684519008
"17189","Washington","IL",2021,223163,47.5349467992783,393069,197272,266471,298904,30173,7.57392437779345,7.6394938188605,961703,2970,35.4127599066123
"18089","Lake","IN",2021,753526,48.443611706607,628578,229741,125923,36604,66387,6.36001679929905,18.126081128139,132196,2558,53.1865935097449
"26029","Charlevoix","MI",2021,742917,43.1400310434401,448663,251987,3010,119939,88252,22.2340886027087,28.0953513225541,377925,1525,25.550678235013
"36081","Queens","NY",2021,882324,39.9757977388799,775171,137743,89879,245198,36953,8.86451908270828,0.000608609989285469,515220,882,56.7443815083243
"21007","Ballard","KY",2021,40306,38.9089227374643,321497,355507,142796,161758,46804,17.7338421181776,4.64659664779902,743957,1752,25.0588619406335
"21089","Greenup","KY",2021,861891,38.0935095157474,637089,356677,156348,212550,44406,22.6038374658674,9.74963530898094,697742,1480,12.0777686848305
"08005","Arapahoe","CO",2021,464238,47.1110941050574,409680,495470,98184,172670,50934,17.125733110588,19.7127625253052,468993,2018,11.5379326185212
"24025","Harford","MD",2021,798179,39.8089320026338,785639,346333,40303,304987,96569,9.92670282837935,0.545967305079103,629607,1043,32.2796417074278
"01117","Shelby","AL",2021,212483,48.0258227791637,409420,411176,91840,389253,43453,17.9978727840353,4.61432566400617,124242,1112,23.0146480631083
"25011","Franklin","MA",2021,257117,44.5840532984585,635956,142050,272874,119125,55199,16.0818562912755,17.7525209239684,854154,552,55.7870654878207
"29227","Worth","MO",2021,346293,34.512831820175,218819,167761,208807,88250,47326,24.8740898398682,18.0064722010866,693973,1166,18.9702653349377
"37133","Onslow","NC",2021,316281,36.1462381808087,507834,405238,262122,231724,68762,17.6949393714312,24.4883105624467,506619,567,30.3265010844916
"37131","Northampton","NC",2021,763782,36.6829443303868,238103,440053,25963,292833,77873,12.250355463475,3.02066161064431,950040,2694,19.2612335691229
"40141","Tillman","OK",2021,521166,32.7598603395745,588421,348813,266333,111521,82249,27.971438796958,0.764028383418918,411081,1134,23.3564626332372
"42125","Washington","PA",2021,650601,43.613429130055,90354,427342,18780,333202,74140,15.4014962329529,11.2692312360741,754213,1454,48.6052032816224
"45073","Oconee","SC",2021,492573,49.5072574540973,120783,454782,58650,309253,42243,22.3495682829525,22.2209993423894,392662,978,32.0853782724589
"48403","Sabine","TX",2021,580488,31.4998039091006,466510,412699,137579,312597,68674,29.4924610306043,24.5291480747983,423885,933,56.6460567084141
"22105","Tangipahoa","LA",2021,58958,48.0144650489092,412455,417302,294,155531,57601,24.5897428609896,25.0541710504331,808513,660,54.4235309725627
"23027","Waldo","ME",2021,50489,38.8709076028317,422872,316921,186701,285922,49977,21.959664382739,12.5050006387755,850342,2590,14.0075119351968
"02110","Juneau","AK",2021,822780,30.7195368362591,751738,101510,279858,118266,89124,27.2936296311673,19.2932038544677,242072,1502,31.1061883834191
"02180","Nome","AK",2021,587289,45.5599155742675,380605,50581,195728,45240,77353,11.3606760057155,4.92358350427821,928164,2437,55.0252998038195
"24035","Queen Anne's","MD",2021,654274,42.6799294073135,400271,416969,289427,133460,89470,9.11201922106557,16.1739863804542,616010,2855,20.1450011599809
"02070","Dillingham","AK",2021,9137,47.7705697901547,772331,479755,63562,103030,96511,13.2686313253362,3.35284236352891,856375,1709,49.2972790636122
"24001","Allegany","MD",2021,105450,31.6646599862725,546124,28450,160689,339832,89036,14.6421162306797,12.3686362523586,390055,1473,12.4071299703792
"27031","Cook","MN",2021,126723,48.6069559445605,286454,335336,64745,398483,80539,29.1273786814418,22.202611353714,553555,783,23.6888676905073
"27075","Lake","MN",2021,844184,49.5035668555647,153674,286796,179723,291432,40712,24.3062866746914,12.9341480182484,461492,2401,52.2807263094
"27077","Lake of the Woods","MN",2021,53675,49.1152754705399,687769,142656,101072,170319,52167,24.489912741119,18.0501028080471,898211,2898,18.2676171907224
"28109","Pearl River","MS",2021,890131,36.6424024663866,393121,463217,43543,7053,92260,15.9417187224608,10.431149485521,343069,1191,17.4918653583154
"28103","Noxubee","MS",2021,883179,32.6193921361119,110855,466164,257317,325789,58179,13.9846906019375,8.90623468207195,744686,1701,36.5287582646124
"29171","Putnam","MO",2021,780526,33.2384366635233,701343,221217,136997,250806,44491,24.7335654287599,8.2262838142924,123104,2726,31.7311542481184
"30061","Mineral","MT",2021,569679,42.3462996212766,376714,167387,151051,164766,48868,15.7701430504676,28.4766173176467,191674,757,43.6318812682293
"30105","Valley","MT",2021,836293,35.9465968096629,496791,280479,215790,265185,33440,24.1370777087286,19.6059878356755,339530,2668,17.7676178771071
"30035","Glacier","MT",2021,344462,43.6877413326874,114223,255686,68168,279522,54680,25.9061480651144,16.0644446848892,863322,2089,20.304593516048
"32031","Washoe","NV",2021,537967,43.6190784256905,117080,386783,281342,102227,76699,23.2867992494721,2.29968739673495,192037,2997,54.9900875100866
"33015","Rockingham","NH",2021,724310,44.068540725857,855894,438703,171519,76665,56201,17.2151322255377,5.2376563497819,591065,2938,31.3484249776229
"33009","Grafton","NH",2021,941525,36.8497589649633,243232,84999,178658,188791,60049,6.99159890180454,24.3380290176719,635995,2648,13.0614355229773
"34001","Atlantic","NJ",2021,210671,46.2459852918983,65405,238859,125734,117676,90644,26.9761202984955,13.370261171367,136136,1100,35.8735807030462
"37039","Cherokee","NC",2021,104569,39.2641788115725,849903,314120,258542,127617,47220,20.8111930068117,23.3827822096646,980026,2723,28.6749020358548
"37177","Tyrrell","NC",2021,128077,49.0193182509392,739076,20898,222989,151583,35321,12.0420992386062,19.4726628670469,988509,1694,59.5768658816814
"37053","Currituck","NC",2021,259486,45.7446707366034,860749,59632,199371,59759,55422,29.0534027572721,6.06289017945528,828709,1497,24.5313671557233
"37029","Camden","NC",2021,994358,33.489890601486,646451,280146,249520,73558,70755,23.2923086220399,7.4973866622895,766392,509,58.5229956917465
"37161","Rutherford","NC",2021,56392,38.2255365280434,838962,301,276715,351805,56766,17.3644454521127,28.0864528985694,739184,2182,52.3010455793701
"38077","Richland","ND",2021,109293,49.8082335246727,578931,80072,7705,310939,98280,13.7288343464024,11.1323714233004,515598,2477,35.8258634828962
"38097","Traill","ND",2021,384663,36.464873063378,558222,105319,6159,29804,91477,19.6877301915083,11.3869222230278,453579,834,47.2417813749053
"13315","Wilcox","GA",2021,248569,48.0851989379153,277164,133614,184473,178135,94090,13.0834831052925,28.25381916482,347387,2197,23.5337765561417
"13025","Brantley","GA",2021,860059,42.2355863498524,751180,474238,202697,217223,31921,28.1963228492532,4.8715798300691,195096,1869,13.4833168727346
"15007","Kauai","HI",2021,669352,38.9701048238203,860543,192176,195418,97109,34770,27.897050913889,11.6435577487573,798098,1301,19.3400561832823
"16031","Cassia","ID",2021,568263,49.7307954914868,145160,3008,237764,278332,66616,21.9251426646952,13.4405949432403,555049,2204,53.8398395897821
"19179","Wapello","IA",2021,797406,38.8030009251088,427226,186343,98861,148708,84348,22.1538911818061,17.2903904481791,177644,1672,24.1704971669242
"19035","Cherokee","IA",2021,327778,32.0498778671026,891131,47938,143666,122847,52057,8.48422824172303,12.3886585165747,900633,2280,47.1637233998626
"20081","Haskell","KS",2021,947586,36.6775379283354,199216,264123,287950,110904,91294,18.95733760437,6.84468583669513,739176,1494,56.9409225392155
"21167","Mercer","KY",2021,181345,40.6258189259097,10560,428422,200333,179680,61029,28.7472498847637,16.8869662564248,739821,2012,21.2799199530855
"21235","Whitley","KY",2021,274058,40.7932699192315,727095,170333,91281,160799,70768,6.39446781831793,20.8832629211247,893096,1994,41.6983150667511
"21239","Woodford","KY",2021,922870,32.025520731695,488311,300625,186582,248986,78527,29.2143920157105,20.3014859883115,177994,1288,20.2686597499996
"21217","Taylor","KY",2021,115378,40.8747444627807,77309,315950,23600,263101,91813,29.5562744385097,20.9346077637747,998167,1451,23.1878224550746
"21099","Hart","KY",2021,50445,44.1569988941774,492190,473001,46182,203623,49532,20.4741975886282,3.43755201436579,589218,542,19.4648828846402
"47013","Campbell","TN",2021,811777,41.3307159487158,642207,271692,87139,360375,79576,16.4435950526968,20.1990037132055,236960,857,24.3675332074054
"47073","Hawkins","TN",2021,272089,36.1131261941046,492585,142722,261226,174952,57835,15.0504165398888,17.7286213100888,588110,619,41.2383172800764
"47183","Weakley","TN",2021,900782,38.2023698044941,46192,231888,143448,311301,98328,23.5123975505121,21.6577739920467,263966,1158,14.2840979876928
"47123","Monroe","TN",2021,578367,46.1680949898437,414049,198442,253736,174812,93798,5.72347741224803,21.9863715441898,380135,728,59.5315533014946
"48215","Hidalgo","TX",2021,846481,40.5577707150951,326644,119852,42119,43616,86034,28.9415246236604,26.2237279932015,853984,1892,51.0882401280105
"48057","Calhoun","TX",2021,399954,47.5103242183104,640282,167195,251153,309317,93016,28.2315885834396,27.5225039455108,378907,1335,22.3227964504622
"48465","Val Verde","TX",2021,549192,30.2282513491809,327298,219979,33299,64133,34029,5.23991089547053,12.9145389748737,192162,1034,51.9103588443249
"48419","Shelby","TX",2021,438316,49.190384792164,432589,363621,188114,33110,60091,17.0586686767638,4.07864852808416,507518,2492,41.0054706060328
"51159","Richmond","VA",2021,932355,38.8664375431836,864331,428681,251278,398690,37803,13.7997158232611,22.7181768743321,674558,2425,33.0929616838694
"51069","Frederick","VA",2021,478354,41.0392209980637,204412,467277,98473,372093,68813,27.4177196214441,4.82478708727285,154079,833,34.7362409369089
"51165","Rockingham","VA",2021,582277,32.1508087078109,96806,409905,285495,336,57062,8.02631220547482,15.9667740133591,262856,2299,29.6034147636965
"53057","Skagit","WA",2021,349633,46.476030270569,34528,214170,84087,159003,69948,8.05954577634111,28.4480922692455,622648,2798,45.0224847672507
"53049","Pacific","WA",2021,770437,32.087168879807,162213,292493,258718,155307,66476,28.4023939294275,8.3296348596923,747849,2172,33.3874819823541
"55023","Crawford","WI",2021,79947,48.5399439604953,483255,124011,143861,214693,83120,26.5277615352534,24.2728525260463,311954,2621,47.7494742278941
"78020","St. John","VI",2021,163162,46.0571185918525,569201,314492,262866,284406,65186,8.75808005337603,8.03765575401485,214711,1809,29.6487992885523
"04009","Graham","AZ",2021,304504,48.6527159949765,392222,101444,107172,319911,67251,19.5203964028042,1.88021540176123,904719,1361,11.300246140454
"05011","Bradley","AR",2021,149080,37.6353879412636,146673,246579,56513,33252,31639,27.1444025228266,7.56108819739893,224202,2832,44.7176594426855
"05109","Pike","AR",2021,210259,45.8440272323787,309884,251993,185129,229840,57361,15.8282018045429,6.82398132747039,914794,971,18.8994420599192
"05145","White","AR",2021,636428,34.7881434019655,71875,288591,55814,66304,96434,6.28669068799354,22.5174799282104,837226,2161,42.1533784619533
"05085","Lonoke","AR",2021,727813,32.2273199306801,15691,165823,210481,181880,61852,20.798136946978,8.70908963726833,991626,2239,43.7239903397858
"05019","Clark","AR",2021,759222,35.411422373727,139094,231024,26914,113335,70600,18.3880028093699,12.4017274472862,143492,840,23.4717464796267
"12105","Polk","FL",2021,631258,41.6890825936571,119136,94409,55941,183274,68005,23.2269918906968,27.3502808134072,637108,1095,15.8419562526979
"12055","Highlands","FL",2021,680691,37.1134769450873,623720,45072,216709,140228,41132,23.0592974124011,6.90038005588576,917507,1153,10.3329318831675
"12133","Washington","FL",2021,186614,47.7012041537091,17003,372559,165495,342260,65360,23.3365577424411,11.9690804975107,300920,1194,30.0517841731198
"12029","Dixie","FL",2021,565207,49.7306319372728,91043,19563,185937,300135,46904,16.2694409792311,9.31284960592166,172328,2986,27.7193067851476
"48507","Zavala","TX",2021,579082,43.8662440516055,320563,233808,33191,180401,43918,6.34640015894547,26.3425426580943,439527,531,14.3915227404796
"48349","Navarro","TX",2021,511939,33.1481990357861,814984,283797,71651,131319,47804,14.3400368525181,4.54121102811769,450729,1090,57.7004677522928
"48051","Burleson","TX",2021,444172,46.775885829702,431512,178318,217760,276470,30059,22.1162939397618,28.9452611608431,696144,2428,19.6511133247986
"48473","Waller","TX",2021,46875,39.4639976555482,752422,185831,189030,206124,92060,20.9466664888896,0.894398633390665,614885,965,44.6838756348006
"48185","Grimes","TX",2021,100163,31.8653514329344,202218,456519,270608,36351,53035,18.994927238673,18.5102830803953,766403,693,35.128424516879
"48033","Borden","TX",2021,597054,49.5292999129742,341578,269113,153565,131924,37296,9.28496719105169,25.9946020063944,403001,2424,34.184793990571
"49049","Utah","UT",2021,618637,35.3970406670123,29707,252915,88798,192401,82702,29.718379433034,6.67913653654978,280828,774,21.3790382631123
"22021","Caldwell","LA",2021,336036,37.8112027421594,111455,202687,65865,82020,68661,24.7098758304492,17.186052671168,530488,2178,46.0324599547312
"22063","Livingston","LA",2021,86561,30.1266512088478,675364,374542,207556,281449,68138,15.0026322703343,28.8078702916391,109362,1984,16.4592203358188
"22059","LaSalle","LA",2021,825572,34.4129279814661,450346,34570,79990,260415,34937,29.1219197225291,16.5501446323469,553039,2902,21.165825475473
"23023","Sagadahoc","ME",2021,422950,38.1835795100778,389614,465443,240895,134504,32558,22.1850169135723,15.5020112358034,410102,1366,13.8922707433812
"26071","Iron","MI",2021,900895,43.8515400094911,441495,449842,83665,297870,78319,7.67297447426245,21.0804226691835,486903,674,43.5916446638294
"27061","Itasca","MN",2021,39286,34.2076992429793,606647,347848,225845,181020,39228,14.8437338718213,25.0980576407164,150178,2719,49.2352831666358
"28049","Hinds","MS",2021,452050,37.6219903631136,476115,143725,205921,271316,63921,25.8223510475364,23.3407491096295,602254,2452,55.9589728154242
"28161","Yalobusha","MS",2021,700819,34.6647187089548,12993,392749,90776,174115,63284,13.6655788705684,16.7901512235403,832079,1697,27.8844694280997
"28163","Yazoo","MS",2021,896625,47.3598767863587,560668,357314,208438,95759,92514,15.9891994448844,2.95621171128005,928862,2644,59.4470642646775
"28053","Humphreys","MS",2021,482300,49.7950164554641,291619,285592,49173,284948,55910,29.2139847949147,26.3592479587533,335527,2109,45.5217123520561
"12009","Brevard","FL",2021,436862,42.2983121220022,422692,430063,67661,218390,92345,26.8871648714412,10.1321064890362,661903,2562,48.9044174691662
"04027","Yuma","AZ",2021,566177,34.0910983039066,392036,152090,247209,61545,52641,19.6362486178987,13.9038072852418,213481,1302,29.9282704736106
"05131","Sebastian","AR",2021,692632,40.9282906958833,460136,496717,4059,314218,79013,7.44587198249064,19.8144160537049,409285,640,21.127179407049
"06013","Contra Costa","CA",2021,226978,40.8692887192592,761963,209800,198203,143929,85498,24.9575166974682,6.47610361687839,740210,2777,46.1877243034542
"09130","Lower Connecticut River Valley","CT",2021,256769,31.2528438773006,123883,465875,119070,148093,45212,22.4103400437161,8.2514266250655,264117,1898,20.142148390878
"41055","Sherman","OR",2021,431315,35.6152415741235,525480,424957,57571,320081,62667,16.6759470896795,11.024612642359,894206,1430,49.9894347065128
"16083","Twin Falls","ID",2021,744855,34.2420173762366,142800,200518,264937,341015,71284,16.0329560237005,26.8956524902023,535685,851,31.8261675792746
"16035","Clearwater","ID",2021,619776,47.1612388640642,860465,234786,215990,338966,35186,16.3862491620239,14.2234791303053,445061,572,28.0381728685461
"26147","St. Clair","MI",2021,341500,34.3053282611072,503279,224897,79362,272735,49774,10.335211037891,11.1131327413023,585003,873,29.8300756514072
"19185","Wayne","IA",2021,743866,34.1356906108558,35891,357644,77792,359855,40785,23.1556900788564,15.5014730757102,486974,597,27.8663220722228
"36103","Suffolk","NY",2021,648174,34.1529538063332,424890,76093,221415,311654,82526,20.0205977319274,20.8443063287996,697675,2221,16.0250293812715
"21003","Allen","KY",2021,961950,43.6869567958638,713272,172303,293683,102278,52111,20.5532462056726,17.7109197084792,602919,1168,52.7602293319069
"08097","Pitkin","CO",2021,725025,42.8695699479431,463513,413080,134879,204767,95785,7.71098252269439,10.8543053548783,175733,528,52.9851640365086
"23005","Cumberland","ME",2021,807240,36.5593006182462,749468,3518,122848,253515,80122,21.7740133590996,7.6326548284851,583615,1276,14.5866351574659
"01035","Conecuh","AL",2021,587243,40.8553681941703,653660,420440,246509,96797,50535,29.4341734563932,9.4715111120604,465470,1355,48.452817266807
"28143","Tunica","MS",2021,563830,32.2795279836282,152022,291330,39098,82598,46675,15.2509063435718,6.98639502748847,750608,1225,47.4131368473172
"29189","St. Louis","MO",2021,429332,30.9758646553382,618232,226852,221480,115790,51217,15.4918944009114,28.7614914122969,464976,1870,51.1952177062631
"30029","Flathead","MT",2021,790591,33.220300199464,603645,6928,102065,60458,87117,11.8615236785263,4.14106673095375,361377,1193,37.6204573572613
"37043","Clay","NC",2021,936156,41.0625826753676,767101,187072,65896,215318,65790,23.6205377453007,7.65810463344678,719425,2903,54.7223885217682
"49003","Box Elder","UT",2021,305038,49.6994580654427,131599,64069,246656,216380,59143,5.55795845109969,14.54640137963,236132,2498,37.9546326259151
"51179","Stafford","VA",2021,982563,47.7788111800328,340651,172963,184839,67050,82261,6.55934314825572,28.4882331127301,441633,2489,10.0905319699086
"02282","Yakutat","AK",2021,169629,31.4933323999867,369754,430171,1804,33266,58277,28.8218197133392,26.0301955975592,792830,2544,34.6096418937668
"12129","Wakulla","FL",2021,836074,40.0808721780777,590791,335205,114623,32920,83724,24.9599772226065,9.94985162978992,392521,734,55.5914839287288
"13021","Bibb","GA",2021,447599,42.1200817730278,179781,406007,115834,199904,36331,23.4048789495137,17.797460637521,132916,2509,59.3705697590485
"13029","Bryan","GA",2021,994668,41.3611196540296,314316,379345,182489,115226,63209,14.7895835700911,29.0510058053769,712127,2579,36.4829042600468
"16077","Power","ID",2021,202749,49.3893391173333,672156,220443,131279,227840,73342,26.1044259893242,4.98525925911963,375131,1771,24.8478698334657
"19031","Cedar","IA",2021,535772,45.320269423537,621164,417598,114951,193916,34980,10.8252594084479,1.34342262055725,784168,793,30.13778781984
"21119","Knott","KY",2021,539736,46.0939540993422,159344,88577,241090,50225,72843,17.609557621181,3.22370616020635,904364,1879,16.1370788142085
"22053","Jefferson Davis","LA",2021,721949,45.9933295752853,223401,377540,282548,39781,88941,8.1753727584146,9.8572931648232,906508,1272,55.6205929047428
"27021","Cass","MN",2021,790796,30.8872053446248,71298,463169,214015,85178,96973,13.0935697769746,28.8623956614174,972604,1496,38.8621311308816
"30079","Prairie","MT",2021,230117,43.9355149911717,867845,87622,187785,45395,36108,16.6829514270648,3.97052841028199,234398,2457,42.9089604667388
"37159","Rowan","NC",2021,697741,47.0820862939581,353025,249873,140577,186096,98572,6.4740499900654,23.4955591592006,699664,973,15.0513244466856
"39021","Champaign","OH",2021,160432,40.0995458988473,251834,171722,201262,358438,65786,20.8998406201135,9.55966975539923,813299,2852,51.6568833519705
"45005","Allendale","SC",2021,723879,45.8522588014603,125182,394340,174470,20285,30357,6.44187598489225,3.9851206052117,851110,1541,50.3649084735662
"46055","Haakon","SD",2021,299317,34.2672792682424,689496,484262,199400,72503,61743,22.4963853030931,14.3020827113651,944325,604,34.3286809767596
"48041","Brazos","TX",2021,843651,36.6409879829735,185974,467286,166990,149993,74652,27.4504560232162,0.250865737907588,494950,912,18.6204894818366
"48053","Burnet","TX",2021,789814,38.8373517105356,488212,469303,281299,258407,73099,16.9520261127036,1.02477713953704,841353,2863,36.6452438780107
"48407","San Jacinto","TX",2021,386402,43.1292819743976,379943,141461,156968,218629,98112,29.7580789378844,28.2969203777611,984451,1726,23.5761017794721
"51111","Lunenburg","VA",2021,722860,45.788744809106,606487,83357,157503,325980,55697,11.8435042281635,0.281637834850699,798684,1787,10.6762313772924
"51840","Winchester","VA",2021,409386,37.4622890772298,256554,398826,253694,85850,89223,26.0390510736033,4.45634311297908,557027,2658,46.6179332952015
"54067","Nicholas","WV",2021,129973,39.0940020047128,852769,294667,16935,279681,44388,9.05079030315392,10.6156929396093,508089,1437,55.3110821195878
"69085","Northern Islands","MP",2021,928094,42.5567894708365,314692,23484,240689,106347,77056,14.8971431085374,9.02116535464302,311434,1801,23.6401770287193
"72127","San Juan","PR",2021,776439,46.1864942638204,279157,398144,189026,174513,51070,21.9815939327236,4.15711081819609,679350,1771,29.0062240115367
"12057","Hillsborough","FL",2021,605526,44.2499915929511,319231,253960,282042,234080,78105,28.1017368205357,5.20295257447287,617519,661,22.2070948826149
"12047","Hamilton","FL",2021,387958,44.5134525327012,643425,331921,155515,234370,48167,16.1502326501068,17.0359125430696,289947,2714,37.4245180306025
"13051","Chatham","GA",2021,858990,46.5937900729477,596136,93572,291386,375042,32344,15.141461720923,6.4711732417345,393873,1421,58.3593282639049
"01049","DeKalb","AL",2021,374778,40.6499130418524,33558,35995,32824,176820,69596,9.56503949826583,8.7381424731575,327282,933,17.5547899235971
"05091","Miller","AR",2021,629432,44.8505373531953,506054,192734,262789,48560,85447,9.00727735832334,9.89028016570956,216236,2593,14.4243672396988
"08113","San Miguel","CO",2021,352460,37.5051079131663,264037,147124,152476,154472,42279,14.7718167467974,2.96032951679081,765187,622,27.8706852020696
"06033","Lake","CA",2021,263748,43.833297980018,62759,94536,286261,292730,32631,13.438060595654,8.64904639776796,511204,1610,32.4014524952509
"39161","Van Wert","OH",2021,859230,36.503122872673,456699,360697,115748,118941,94869,25.8939644217025,2.47274743393064,827831,1707,58.3872796059586
"42017","Bucks","PA",2021,219927,38.7385568441823,761157,467362,151449,96149,33176,29.2100767383818,11.3459517457522,694318,2589,11.890986028593
"45013","Beaufort","SC",2021,853811,35.1479263463989,207479,281983,148352,311699,70568,24.0625296148937,3.34282627562061,588072,2843,51.5224037249573
"36063","Niagara","NY",2021,119211,33.9867650205269,105937,142903,36282,79379,35304,25.6294368370436,3.46644219243899,547606,718,45.0992365158163
"36119","Westchester","NY",2021,813037,36.6173826297745,141343,208721,268618,198384,99262,26.1229369859211,5.88378270389512,858017,1884,50.4537803377025
"36105","Sullivan","NY",2021,708103,34.16304086335,611151,234534,12231,387758,77697,15.1614438230172,29.5081502362154,545725,1165,19.9395198281854
"08001","Adams","CO",2021,79990,40.6138744298369,419654,385017,63886,268697,38489,16.0248105775099,20.3233468090184,731467,652,14.9756251624785
"22029","Concordia","LA",2021,338787,35.7308889739215,46342,4037,171942,212016,30220,7.50886108260602,25.7634247164242,175647,1106,41.7038065055385
"22037","East Feliciana","LA",2021,380032,43.61151591409,555796,226158,110479,346593,32658,16.7945951409638,17.6077575981617,661847,2795,35.0471435720101
"02195","Petersburg","AK",2021,814355,37.738953595981,242111,155715,79910,339061,44910,20.0909060263075,17.9468563059345,786691,613,20.5681946733966
"24019","Dorchester","MD",2021,117452,35.4844799684361,688987,18507,107180,41048,34366,12.1020104689524,25.5910084862262,839385,2658,13.6233565304428
"01073","Jefferson","AL",2021,477086,49.8334955517203,423236,168252,284057,161016,44456,16.6819755872712,23.8620796962641,356495,1097,52.6259190193377
"25007","Dukes","MA",2021,202873,43.4555803518742,562945,209441,273126,102398,65949,28.2386778923683,18.194185977336,194055,1656,56.5171750285663
"26141","Presque Isle","MI",2021,924726,34.4207825604826,544390,155155,9815,375467,79698,5.76048539485782,16.7340800282545,373202,620,16.3008208060637
"27069","Kittson","MN",2021,92782,41.4306648774073,447155,74000,65479,194141,61524,6.50246222619899,3.45797921530902,390646,2676,55.5298589309677
"28157","Wilkinson","MS",2021,624520,30.4644398484379,543679,52885,272367,246449,62779,11.3103578286245,7.39578936249018,214657,1545,46.3908806699328
"29037","Cass","MO",2021,888820,32.1489946870133,303198,456956,268101,8379,53681,25.6106764439028,24.2675914219581,790314,2033,14.9157326924615
"34031","Passaic","NJ",2021,689459,39.1083408985287,554735,401288,162291,141238,53146,10.9525136952288,27.6654866267927,480827,514,48.6989137157798
"37141","Pender","NC",2021,304378,42.4472109042108,762831,209089,11758,157008,63296,24.7297179023735,21.7536100465804,816230,1445,23.7132096569985
"37091","Hertford","NC",2021,337492,39.8736766772345,60138,138201,83692,399757,48966,21.3135878392495,2.24483145866543,632621,546,13.7502943887375
"13305","Wayne","GA",2021,19379,47.809391845949,840315,3584,248109,120747,54634,19.5623309828807,7.61490246048197,212117,1710,11.0012849234045
"13195","Madison","GA",2021,534218,31.895293421112,880844,274907,247436,140612,61470,7.47164054890163,13.4302325709723,516852,2357,20.951543552801
"13289","Twiggs","GA",2021,280843,34.3598054768518,185528,383842,60706,73924,89364,18.5289209894836,9.37710831407458,525982,1687,55.6851419992745
"16085","Valley","ID",2021,505255,40.0738946348429,718391,228353,203863,307290,75891,23.3270844863728,28.5315412748605,296325,2320,21.8956077727489
"19075","Grundy","IA",2021,749508,39.335357262753,14902,402564,230117,43581,66252,19.9089068931062,29.3751458963379,484690,963,59.309779657051
"21179","Nelson","KY",2021,81560,37.6218189159408,778760,101353,111414,331422,56443,12.0635223470163,22.2607994405553,850537,2463,55.6725435797125
"47165","Sumner","TN",2021,280587,37.436582618393,859059,97814,188142,276126,40213,18.8923781574704,28.7932260800153,376366,1446,47.9201269359328
"48427","Starr","TX",2021,505117,30.9757809666917,553617,94771,2690,238071,62083,20.5753573228139,13.1328776059672,669659,2422,56.0643367376179
"48377","Presidio","TX",2021,320548,41.7849387973547,380325,201888,2798,239987,60296,29.9262733093929,4.79688257910311,519785,1695,50.3603878570721
"51143","Pittsylvania","VA",2021,406166,43.1516643194482,441854,82605,104873,244224,51347,12.9449454555288,3.67958595743403,470401,2169,32.498999722302
"53015","Cowlitz","WA",2021,560917,33.1708602653816,776428,261614,84489,354299,42846,12.9139610461425,17.8262133593671,280373,662,18.0074774799868
"54057","Mineral","WV",2021,738530,44.78060094174,788045,399585,171931,1847,63389,6.98807735578157,24.1741542820819,251103,816,37.1873161429539
"05045","Faulkner","AR",2021,568620,36.8668788671494,366014,404855,34203,126941,58578,18.6858238023706,28.2694574980997,524182,2102,59.2138542234898
"05095","Monroe","AR",2021,241277,48.9743289211765,413286,101602,162687,307482,78533,14.0206704684533,25.9473650506698,526410,2256,12.8861673199572
"12117","Seminole","FL",2021,216421,49.0613800706342,726194,224335,159936,135625,96740,13.2458668446634,4.07671114895493,219707,726,49.1969040152617
"12041","Gilchrist","FL",2021,417844,42.3565861070529,279461,418090,183667,196868,87141,7.20384332933463,6.39683611923829,373053,818,26.4718590094708
"48239","Jackson","TX",2021,368466,30.1845609676093,661584,18789,151094,52410,99723,13.0501682881732,26.6173790604807,816944,1175,24.3827742547728
"48019","Bandera","TX",2021,288434,41.9223612686619,745321,80514,98941,322165,49387,12.4854556063656,5.87572279153392,152653,932,14.1707264725119
"21005","Anderson","KY",2021,436308,43.6395358806476,447164,391605,72247,361224,75791,20.9639998339117,5.601166121196,806183,1511,16.5108501701616
"22015","Bossier","LA",2021,355295,44.4946182239801,767957,419688,3601,371816,37252,13.435112569714,7.26308298530057,839446,1955,25.8345109899528
"29033","Carroll","MO",2021,953129,49.008174422197,293356,142703,199478,265212,64133,24.3998180388007,24.8306106124073,539972,1361,57.8181882877834
"30077","Powell","MT",2021,93980,32.3296329751611,757503,154301,240,118017,46007,12.0326234039385,9.84280818141997,369927,1802,16.2985702417791
"30069","Petroleum","MT",2021,271695,36.817794428207,22794,321633,170423,138342,97034,26.3523567479569,4.64165654266253,411466,1926,37.3371130577289
"37087","Haywood","NC",2021,281187,30.9297275310382,607411,494364,140138,136264,99393,27.06370770582,22.1438753558323,776787,556,29.8351142229512
"37121","Mitchell","NC",2021,562147,45.7098709139973,448028,119594,180983,222682,51448,19.5775280136149,1.80465580662712,293714,516,55.0313265435398
"40101","Muskogee","OK",2021,515550,42.6127579249442,709891,148424,291479,272149,57490,26.6133680136409,12.7639538794756,467989,1451,22.4690002412535
"42097","Northumberland","PA",2021,817007,49.4641224481165,737861,131956,214191,399901,85464,23.2851399178617,26.9492430402897,466770,2836,56.4882620493881
"45061","Lee","SC",2021,193588,43.7540784245357,640570,410258,276162,346611,61755,15.1137838326395,22.8484442993067,457452,1827,10.589558086358
"45027","Clarendon","SC",2021,992947,31.135125332512,215990,223798,93727,11217,50129,21.3982796831988,7.02645384706557,606064,1774,46.8734287912957
"47001","Anderson","TN",2021,276003,32.2253285767511,692461,121824,93927,377774,42110,27.8884863725398,28.1877604988404,502618,866,34.912762537133
"47081","Hickman","TN",2021,686665,35.0112088117748,455625,173247,161275,197421,59680,23.037696252577,10.5843741958961,817383,1058,26.2209688336588
"48381","Randall","TX",2021,774711,40.0746111758053,193336,37402,261463,132866,49977,15.4156975634396,26.3566942024045,171086,1042,44.7008619690314
"48481","Wharton","TX",2021,869190,36.0560203855857,487192,98667,276077,293372,78883,20.7750347105321,26.7057904601097,335553,2156,14.3175099417567
"51047","Culpeper","VA",2021,772343,46.6635552374646,645137,228154,249340,234754,90180,6.76377072930336,1.79944072617218,102241,2348,46.8107983027585
"54013","Calhoun","WV",2021,376312,34.5976528525352,35839,351180,293828,114989,89926,27.1759364416357,11.1811067000963,140078,1079,56.5740673593245
"54083","Randolph","WV",2021,717557,49.455820643343,701273,315809,217701,115291,75066,27.9914565337822,9.49619391700253,871600,2263,38.5736944410019
"56003","Big Horn","WY",2021,703873,46.3544951379299,851832,99627,194220,190249,65468,16.6058257117402,16.0747018223628,125671,2256,14.6143232379109
"06079","San Luis Obispo","CA",2021,699975,38.5519339423627,658026,192860,193889,141909,79598,26.2557102437131,19.6279495186172,118925,1097,55.3866012161598
"06057","Nevada","CA",2021,754725,33.6316856509075,788165,166014,47722,344212,48855,15.3108092851471,10.2345079695806,447691,2926,11.8346429686062
"17197","Will","IL",2021,39152,35.169589817524,480548,68616,68534,274063,53649,18.5410537070129,7.9948032530956,499857,1190,55.191676565446
"17165","Saline","IL",2021,245381,35.5490001151338,120669,322420,135049,141892,70294,15.0215643993579,7.7826141170226,358887,1950,55.7758181029931
"26109","Menominee","MI",2021,184163,47.2601879341528,572579,366579,93120,67814,47687,27.8651380108204,17.4970597797073,275307,1962,36.8092062091455
"36113","Warren","NY",2021,744796,38.6369804246351,879310,441911,248612,149200,63324,14.7824050753843,1.99552347650751,868604,800,14.0623902576044
"22031","De Soto","LA",2021,982859,36.6212016483769,514703,99998,160020,62845,78566,5.85534590762109,6.09647054225206,448940,899,14.5176242827438
"02013","Aleutians East","AK",2021,614871,33.900463366881,820039,401189,20982,346231,43049,28.556231072871,9.52984074829146,224144,1569,26.8881281046197
"01047","Dallas","AL",2021,293218,32.3549265880138,613343,432875,178876,158975,58388,11.6630073590204,0.198720975313336,591882,2995,40.6288568070158
"01099","Monroe","AL",2021,681119,39.1318425862119,843605,72133,76999,299250,97959,11.6385988087859,13.0463572684675,266624,901,46.7304614628665
"30057","Madison","MT",2021,197162,39.653044375591,614331,197413,143691,320118,71814,27.3681071656756,1.83266791747883,236527,2084,27.3392425756902
"36075","Oswego","NY",2021,954258,40.0713145919144,246385,455226,49656,165665,69897,19.9016916635446,17.1963609731756,411376,1604,56.0292068775743
"40067","Jefferson","OK",2021,172276,38.7990768579766,667431,200844,98672,11642,62565,8.45760172931477,22.5946344528347,970086,1488,59.4147550547495
"44005","Newport","RI",2021,618701,45.3846793808043,631141,30593,147081,209663,55596,27.9749725549482,14.1520117479376,334532,2835,23.6334127164446
"48007","Aransas","TX",2021,690674,39.8307437682524,153929,339741,219712,351369,56375,26.4101447782014,22.6640297379345,507329,2598,23.6049715918489
"54011","Cabell","WV",2021,190096,49.0773757826537,473094,125280,215241,248962,37427,21.4768667716999,28.6212571850047,899097,2645,38.1950325123034
"55075","Marinette","WI",2021,79870,45.3503209166229,26306,269606,293381,243144,54397,27.2439763252623,11.4400862320326,204548,1363,57.7048577740788
"05111","Poinsett","AR",2021,430036,45.006612255238,883465,436172,26879,34111,72983,19.6822500391863,6.63417665753514,978051,530,36.5161192975938
"12121","Suwannee","FL",2021,26425,39.477160628885,890467,61030,297599,38321,59857,13.8239087315742,2.82990001374856,599506,2023,11.3385957106948
"13075","Cook","GA",2021,196347,44.0158060519025,709071,177965,163052,211439,62254,8.17891638842411,24.929255512543,906701,2815,42.244602299761
"16005","Bannock","ID",2021,403837,43.0865625478327,757184,272501,218220,236873,44966,5.39320178329945,17.0440035872161,574964,1752,20.4983382392675
"21109","Jackson","KY",2021,362098,44.252530829981,764530,343519,29097,292220,78735,19.3016167334281,4.39535076264292,289732,1142,39.0158737683669
"22079","Rapides","LA",2021,537819,47.0234275935218,519757,143832,200646,61940,38832,29.0637818875257,10.5348148802295,518238,1952,57.6799301570281
"27129","Renville","MN",2021,131456,43.6518037272617,628139,130275,97364,96271,65886,16.6574180312455,6.70665964018553,241231,2516,19.0748009737581
"29211","Sullivan","MO",2021,151582,42.8354463726282,310971,368477,22139,355110,64748,25.4490631760564,6.03800824843347,912590,2563,34.1072111413814
"30047","Lake","MT",2021,2010,39.245889345184,582344,319160,209278,95702,85751,13.0123074352741,26.5245929849334,701129,1848,14.147337237373
"35043","Sandoval","NM",2021,151515,35.5227119801566,91846,75005,7173,215428,55365,25.2071011823136,7.03517891932279,529192,2531,19.0894946595654
"42023","Cameron","PA",2021,177894,48.6829380365089,423236,278922,105060,222446,69718,19.2313455988187,13.8358433637768,989969,1924,16.146237172652
"47149","Rutherford","TN",2021,874197,38.7356057716534,217007,31256,198759,134097,69942,6.64104109862819,11.945631292183,222358,1860,55.0594576424919
"48187","Guadalupe","TX",2021,513435,48.8440560130402,440220,404927,173868,93638,81371,27.1791167277843,2.74155603256077,113299,1333,49.3205929547548
"48189","Hale","TX",2021,14182,40.1835611276329,191375,255681,81654,71684,81292,12.6283297908958,17.6964296051301,326568,2583,41.787914573215
"49015","Emery","UT",2021,328702,41.7640671832487,765177,352125,287865,264494,50816,18.5180841200054,5.31795267015696,338172,1670,14.0853419108316
"51167","Russell","VA",2021,316256,37.5526377838105,712692,408264,276941,288082,92433,29.8859304003417,6.95947028696537,500453,1114,32.2571580321528
"54019","Fayette","WV",2021,741678,33.6586201796308,296768,248541,273800,355455,87434,23.6433025286533,22.6215219916776,785868,2319,57.294136218261
"60010","Eastern","AS",2021,383374,35.3952719457448,789047,149616,22563,67559,66828,26.611049072817,24.4067003577948,317516,2386,46.899695917964
"13007","Baker","GA",2021,73272,37.1854998217896,660332,319780,103034,269880,38306,29.9591367377434,20.8642333187163,923749,653,58.2220140867867
"12103","Pinellas","FL",2021,832592,34.7775190602988,608649,145750,212980,387715,96204,15.6889357906766,18.396828006953,684386,1524,56.523198869545
"46123","Tripp","SD",2021,893083,35.9686805354431,351902,424848,297441,345216,64398,24.46629700833,19.5317794312723,172639,1000,15.1204254035838
"48355","Nueces","TX",2021,152953,41.4076943090186,878828,334599,101153,396187,73512,14.7756889183074,12.2125559672713,291109,1305,40.8762116474099
"48043","Brewster","TX",2021,838594,47.383625949733,191153,123954,2481,149207,57733,11.4416770415846,17.2367729921825,694828,1802,44.3585860100575
"51185","Tazewell","VA",2021,101662,38.7587580876425,560485,496802,86911,231995,54607,16.8846133060288,28.5987992375158,858185,1145,45.6924036517739
"54065","Morgan","WV",2021,142567,36.9203033391386,590843,484120,66091,285567,73744,7.72367604193278,3.38997549377382,890229,2804,21.3686981610954
"12069","Lake","FL",2021,457239,41.361494245939,97344,163793,193850,179229,80063,28.3610972587485,13.5083742183633,206363,1435,11.5294265700504
"13107","Emanuel","GA",2021,21172,45.2571706334129,633237,104139,154826,385707,52098,10.2988105046097,25.296806471888,442015,2512,11.149832631927
"13181","Lincoln","GA",2021,132828,38.4812928875908,331163,432668,122555,350789,44425,5.37058772868477,10.4442637693137,765432,1301,16.4851043396629
"19029","Cass","IA",2021,850422,38.3992844680324,522839,457312,231063,195079,85520,8.0169325589668,17.9833218106069,248775,2359,55.1256954111159
"21107","Hopkins","KY",2021,23168,37.0917120529339,614130,370311,48448,23984,89951,11.9795155490283,5.65877300687134,492110,797,11.2634853133932
"22083","Richland","LA",2021,906170,46.5821516374126,282569,451226,61336,226017,33757,24.6634432766587,22.7138905366883,568314,912,58.399350407999
"27171","Wright","MN",2021,995621,43.7650626990944,684751,457259,250965,310285,91306,6.0667634953279,15.2031880198047,218490,962,39.4699017540552
"35021","Harding","NM",2021,694475,45.1320073520765,883859,26671,185943,2597,47637,10.883665784495,1.34457604726776,983420,2919,13.5624729003757
"39079","Jackson","OH",2021,804517,36.376298465766,829943,58650,275383,338376,56721,11.5959499101155,25.4405631800182,179085,2829,42.6529061654583
"41043","Linn","OR",2021,445572,34.2380031151697,731133,54179,187381,306344,66830,19.828495727852,11.2719255359843,345407,530,48.4824314387515
"48029","Bexar","TX",2021,900724,37.6864166697487,774097,131108,107065,32050,89282,14.9927827250212,9.73221240565181,257485,2486,11.6096101026051
"48423","Smith","TX",2021,488653,38.4457852365449,513202,422280,213688,265966,38649,27.5402710377239,4.28437817841768,334571,2397,46.985795001965
"48311","McMullen","TX",2021,218885,37.2175431111827,240644,202372,198227,139404,95961,22.4658798438031,1.64939784212038,235361,824,25.3197203064337
"49013","Duchesne","UT",2021,656343,47.3357410356402,419864,363957,174599,296263,42152,24.7687250038143,7.00960717862472,687660,2966,47.7395622082986
"51009","Amherst","VA",2021,127830,35.6253715604544,708016,182147,191223,259788,41606,6.22653382713906,25.0894400314428,257786,1328,48.3392119663768
"72015","Arroyo","PR",2021,679261,47.9152066539973,157521,362603,204476,301625,40338,17.5875622383319,3.80254961550236,179092,567,30.8232107921503
"11001","District of Columbia","DC",2021,777121,42.9841559194028,252335,305771,192138,105798,49262,12.4285664653871,11.7021695687436,936849,818,29.4236928364262
"12089","Nassau","FL",2021,498823,36.2018796475604,97839,159758,71647,280431,63685,6.47964092902839,21.5786640811712,945887,2494,10.0547669478692
"06087","Santa Cruz","CA",2021,214977,37.8585755312815,139395,329898,113259,303160,63898,17.3360036697704,6.74924797844142,858527,643,11.3933965004981
"08023","Costilla","CO",2021,793026,44.1455251164734,210671,68054,287980,71387,58706,23.8713606039528,28.2379586133175,392069,666,50.6075816601515
"41007","Clatsop","OR",2021,54563,31.7965855775401,607035,97885,131330,145047,35249,29.210751010105,6.21530690928921,281123,1569,49.5352378021926
"42103","Pike","PA",2021,946898,40.7590034464374,455036,320685,146631,395407,44775,14.911555191502,19.1380347660743,846328,646,58.4422938199714
"17153","Pulaski","IL",2021,792033,43.9131630631164,513201,375022,214916,201039,71032,13.0484909762163,2.04435295891017,972426,1908,22.5928264344111
"18123","Perry","IN",2021,313262,41.2357008131221,190378,125768,258485,162559,53744,8.8671862508636,3.03684529149905,681653,862,48.3533111191355
"36059","Nassau","NY",2021,463715,33.1632431177422,457705,122338,133097,128538,84133,11.5189952147193,17.7318563335575,549787,2948,21.7679246002808
"26097","Mackinac","MI",2021,772828,38.9695667894557,287944,485882,246306,85951,78283,8.40893119573593,11.7299444857053,863287,1854,58.1009522802196
"22087","St. Bernard","LA",2021,205078,33.5885987896472,218733,20625,198313,183549,76843,20.3886582935229,26.5001650247723,778761,1337,24.0482224407606
"22035","East Carroll","LA",2021,78500,35.7794464472681,864998,189785,124874,201526,72063,11.303284765454,19.2986111948267,507498,2978,49.3145456095226
"25009","Essex","MA",2021,114738,46.1309382645413,163369,158254,287989,188973,51648,20.6437523895875,9.46456086589023,343032,2940,32.9977475013584
"28151","Washington","MS",2021,315093,44.2639721138403,353769,2850,198333,355256,78233,14.9319680477493,7.85716282669455,419342,2969,38.3234101952985
"29099","Jefferson","MO",2021,895157,44.6763368183747,212067,910,255507,7196,68635,19.5634733140469,24.7614066302776,447934,994,28.273758830037
"34013","Essex","NJ",2021,859589,30.282099461183,366005,355228,1525,67623,32933,9.38808753388003,24.8160548787564,346080,897,57.1090776729397
"13291","Union","GA",2021,951990,41.1161084193736,826077,370702,128235,124675,57272,22.7175165677909,22.7769967541099,872384,907,30.1064380933531
"13309","Wheeler","GA",2021,78419,39.148639747873,26071,31383,113774,230475,72342,29.2713079263922,2.81153345480561,991530,2405,42.2968101827428
"17027","Clinton","IL",2021,441775,37.5430884305388,799651,74380,211401,327658,38481,5.07120165391825,5.04797133151442,337841,1702,44.974518942181
"18157","Tippecanoe","IN",2021,372991,37.042621714063,328553,80899,235633,200732,79182,9.35563606442884,8.24220539303496,868806,1475,17.8671504394151
"20069","Gray","KS",2021,721446,47.4232193827629,395718,447890,277959,99593,75493,7.3995656054467,14.5698517234996,750375,1242,50.0374056538567
"45045","Greenville","SC",2021,272482,33.4660994727165,553171,314750,15537,333072,72056,26.6824519389775,11.5922159026377,865325,2664,22.4125993228517
"48061","Cameron","TX",2021,594578,36.9043470406905,286202,196557,154650,276560,77975,28.6107074655592,22.9265432548709,787508,2117,17.0348124019802
"54059","Mingo","WV",2021,33197,49.1151888575405,356266,412108,268244,242749,36459,26.4156425092369,8.06979478569701,433630,911,36.0364463902079
"55029","Door","WI",2021,50180,39.835583884269,164979,434168,33166,174780,96665,23.2203158910852,25.803949451074,376733,2969,18.0305107869208
"05001","Arkansas","AR",2021,712296,33.5127638047561,491707,266223,147899,258827,46742,24.3642265105154,12.2134697902948,982077,672,35.9052450419404
"12077","Liberty","FL",2021,764471,49.0840282198042,361625,317774,53072,43854,98818,24.0319672517944,5.6438587512821,793389,2497,25.1589378598146
"13261","Sumter","GA",2021,96420,30.3453287202865,348256,389156,173857,80462,94701,13.4046578034759,29.0436166408472,770481,901,14.0163461235352
"48353","Nolan","TX",2021,676747,41.2346089584753,366045,381036,180056,29337,43290,27.8426955058239,29.7402898245491,398020,1000,18.1704455893487
"21203","Rockcastle","KY",2021,659217,42.8715572832152,546237,206278,137418,362739,80153,22.5380548462272,14.5834394730628,848502,1765,36.5327956294641
"22033","East Baton Rouge","LA",2021,82455,37.0440451940522,661366,131835,57318,381543,33594,6.89403286785819,25.3480707434937,155868,2704,46.9504161993973
"29195","Saline","MO",2021,918639,39.3424111604691,347742,83876,246389,113368,95366,20.8299941627774,9.55203043296933,404460,2278,19.7907895571552
"13033","Burke","GA",2021,190701,42.2429145313799,321473,53105,298034,89758,56039,23.6550176120363,15.967199143488,337267,763,27.9677248816006
"13301","Warren","GA",2021,498502,35.1338688936085,126739,172057,71981,82949,61422,18.5388975031674,9.03896801406518,627914,1401,12.9023525654338
"13221","Oglethorpe","GA",2021,127508,40.2580522699282,300005,88320,167073,20912,85089,12.1875857771374,1.22475989861414,474833,2303,28.9635769929737
"16015","Boise","ID",2021,186352,34.6967990603298,682140,107445,239957,245052,51747,18.7439699377865,22.5075556710362,656024,2989,57.0122601254843
"18125","Pike","IN",2021,660048,42.5164828822017,690061,417601,32182,279491,93015,23.6085850757081,25.5260117235593,872534,926,49.6050612675026
"20203","Wichita","KS",2021,715558,38.5936291422695,307577,178774,229711,282996,35804,7.02163211652078,14.1709962137975,687638,1067,19.461834852118
"21033","Caldwell","KY",2021,759424,43.3785525290295,67333,98509,88437,133668,34051,7.77942953980528,4.22064975136891,719127,1704,42.903700217139
"45065","McCormick","SC",2021,439933,32.6664741057903,3749,341948,99590,293205,56140,20.7311081129592,10.5122745316476,569589,2639,55.3870671568438
"47091","Johnson","TN",2021,809716,36.3908605603501,260434,446614,249663,127511,54156,28.6534719180781,17.3089846037328,969133,2115,20.685604903847
"48039","Brazoria","TX",2021,830341,41.4856881881133,93446,295433,130107,198313,51850,5.10834349086508,1.96890934836119,663610,744,11.3943594647571
"51193","Westmoreland","VA",2021,341685,41.5495022432879,223952,48179,203987,285029,62520,25.652919227723,23.4269190696068,513576,918,13.7452602526173
"53035","Kitsap","WA",2021,813340,49.503475879319,740002,436511,179498,279875,63340,20.1454300270416,27.3509743739851,433282,1137,54.9238296481781
"54103","Wetzel","WV",2021,150801,48.8508465187624,840675,105417,205920,377023,77091,29.4507326104213,23.177488152869,282931,1886,18.9537167339586
"55043","Grant","WI",2021,199956,32.3925186321139,120020,153427,31618,124775,80135,7.61740498826839,16.2707215966657,758604,655,42.3339994298294
"78010","St. Croix","VI",2021,539675,37.3617514967918,588177,491068,230097,228254,95631,25.2731262077577,28.0688169063069,823458,2887,31.3014155975543
"05147","Woodruff","AR",2021,542237,47.423908021301,883565,37035,138347,366838,34804,11.8412047578022,22.7861491567455,218090,2049,44.973113250453
"08057","Jackson","CO",2021,337823,33.1668297294527,808665,298997,76058,270623,40467,29.0746259340085,20.2928898157552,164698,1573,58.1058407225646
"48447","Throckmorton","TX",2021,62168,31.8483312940225,24740,396932,129231,69725,74125,28.0192315997556,13.3249148377217,348070,1054,57.9138519382104
"48301","Loving","TX",2021,11811,39.1269619483501,332247,216603,247432,374076,45442,22.4549212737475,14.3982396880165,710808,1719,16.2698684632778
"21147","McCreary","KY",2021,59609,39.8357337107882,294864,496492,72569,268929,63532,24.3254075828008,16.620144979097,993765,2698,39.6870079939254
"22043","Grant","LA",2021,485360,49.2282847454771,184102,411035,34634,121314,71817,11.6596943128388,14.7438849485479,793653,1882,49.805391151458
"30039","Granite","MT",2021,488918,44.1150486841798,683236,302835,20245,286711,89661,9.69097388559021,7.27567838039249,678771,975,10.746858282946
"35019","Guadalupe","NM",2021,644314,33.6835410818458,439710,122596,208971,97139,98985,12.1054640342481,8.27486622612923,972978,2636,48.0799742182717
"37065","Edgecombe","NC",2021,252303,33.2634730963036,898747,424658,199517,247423,86355,14.5500013383571,21.1324480175972,835838,2458,53.6667090165429
"37017","Bladen","NC",2021,677161,42.5349082471803,477073,326579,205670,7095,82186,13.7551882432308,15.369309601374,874017,1515,45.5792858987115
"45079","Richland","SC",2021,88318,36.9435063982382,101289,226986,211529,358816,72195,15.0511050783098,27.316973505076,316432,2402,14.8609421472065
"45089","Williamsburg","SC",2021,596704,41.8827360868454,50015,458153,234146,331385,56153,17.1398286719341,26.9636355643161,223213,2789,34.4663474033587
"46075","Jones","SD",2021,824874,49.243062469177,91242,272377,108279,364903,30614,23.6204124009237,3.50358811905608,905544,1500,30.4921610071324
"47033","Crockett","TN",2021,314867,46.7360414704308,238362,481205,88813,375574,72408,29.4965488149319,19.0131315845065,735793,2686,21.1519646598026
"47089","Jefferson","TN",2021,969101,30.9101816499606,366376,5225,264055,321115,45502,7.74604123551399,8.03120302269235,460004,2753,11.7492009093985
"48379","Rains","TX",2021,147683,32.4771165847778,858709,190743,53164,54717,91762,5.64559688908048,23.888078473974,350641,940,48.1931368377991
"28033","DeSoto","MS",2021,89438,49.2647901689634,327293,312347,187617,320374,38527,17.7913002972491,4.91070892196149,811209,1974,34.748801952228
"38035","Grand Forks","ND",2021,558175,34.8695772094652,793345,339092,132499,89983,30908,28.1528709526174,13.8371841190383,214436,1542,45.0675483932719
"45051","Horry","SC",2021,447368,44.0012486465275,865696,23614,107441,27104,76781,20.7539930194616,4.21898945001885,526247,2176,28.9485180657357
"54099","Wayne","WV",2021,299026,44.8138144984841,691202,183127,129447,314565,90035,10.2237826981582,13.8055229187012,279153,998,25.9727431950159
"56007","Carbon","WY",2021,992274,32.6161279855296,835406,129923,131202,332675,93144,23.4044481196906,0.595374384429306,455649,1634,44.1725502628833
"51145","Powhatan","VA",2021,474139,48.4161547292024,205939,402785,136875,367742,71321,17.7759642607998,14.7240042546764,966941,926,41.0567365842871
"51005","Alleghany","VA",2021,101041,40.5865989951417,367592,184747,249884,21287,53380,13.0087850044947,4.97744860360399,566050,2104,11.9626619061455
"05017","Chicot","AR",2021,788670,32.169141061604,782922,29214,66584,230932,56354,29.9574192683212,28.546529954765,112319,2763,21.0566071118228
"08011","Bent","CO",2021,805518,42.1818278171122,669653,440599,232590,337887,77082,9.21825223020278,13.0218472424895,309205,2333,59.495221755933
"13121","Fulton","GA",2021,24064,33.0386380106211,69967,388325,141189,52277,91344,22.2339548415039,28.5447771451436,782450,2668,11.6206668457016
"15009","Maui","HI",2021,297298,35.8508582552895,689842,471205,295615,304904,85581,26.880852105096,23.5421923873946,454846,2687,32.7664877078496
"18071","Jackson","IN",2021,498065,43.614992974326,802093,366890,123432,347616,72433,29.7116685146466,28.350312304683,381411,1866,53.927590479143
"22055","Lafayette","LA",2021,965233,44.6595383295789,436209,188557,265554,218034,81980,8.62601445522159,8.03132889792323,603366,1939,32.4282960407436
"28137","Tate","MS",2021,419948,36.6254942119122,653362,181177,121248,114073,49792,21.0819588112645,29.9661262705922,283391,2142,55.6189494230784
"29019","Boone","MO",2021,389567,32.2475229389966,623740,223551,179517,326435,48365,17.57356023998,7.25434471853077,977997,2965,10.6268159369938
"35051","Sierra","NM",2021,221285,43.0382958007976,880399,392399,218088,92878,51414,28.0540918826591,4.44871163461357,515904,2180,42.4010839220136
"48105","Crockett","TX",2021,245465,37.7793269325048,441474,464478,30016,234433,61210,8.36016386281699,9.04355166479945,970494,2588,32.6075692567974
"49055","Wayne","UT",2021,421723,38.7801310559735,461908,104459,79173,181783,85013,20.0469810760114,14.8755136714317,288735,2768,27.9475858225487
"51830","Williamsburg","VA",2021,801898,32.3052440676838,313479,132438,204315,71701,40936,9.79787310468964,16.2386304256506,608709,1315,58.8624354940839
"06107","Tulare","CA",2021,120268,34.3918389407918,777313,78439,55533,232466,82907,27.5006995722651,26.5261124912649,644166,1234,25.1308742235415
"41065","Wasco","OR",2021,509149,41.3028438063338,10762,272498,276088,330156,64444,8.10158287757076,28.1204176135361,946032,899,22.1446072938852
"37163","Sampson","NC",2021,514391,48.7826820835471,14893,187868,298000,43967,83940,10.5334319768008,3.94684539176524,439801,2242,10.9697191533633
"42089","Monroe","PA",2021,89880,35.1037066569552,567752,428550,17273,216665,41377,22.4996038316749,21.4633077685721,827118,768,19.5290629891679
"48265","Kerr","TX",2021,577287,34.92387406528,587542,130188,101163,135684,71582,15.4997647693381,29.678044274915,593904,962,43.5074611473829
"56035","Sublette","WY",2021,471951,47.4450133973733,231077,302461,195431,19587,86324,16.5452359430492,26.6882481426001,376449,2732,19.0560883283615
"24029","Kent","MD",2021,572592,30.1792073994875,117693,218094,40658,157300,56375,5.81877689808607,25.3577471966855,597675,890,32.4554595770314
"37047","Columbus","NC",2021,328620,49.0733793843538,371983,12743,119762,222352,86284,24.473763089627,4.46839683456346,407790,1050,11.1618922231719
"18069","Huntington","IN",2021,400180,31.7273153737187,81007,85330,115059,10447,45298,28.3269383956213,25.3676342591643,860600,2576,38.7071135360748
"51199","York","VA",2021,658329,49.5317274378613,811431,229858,284337,49944,30528,22.6582055690233,16.0927919042297,656355,2904,42.6019631000236
"53029","Island","WA",2021,578590,39.9880102276802,811444,444774,89605,163386,69265,23.8799708499573,15.8746822178364,950288,1770,44.5755956717767
"05075","Lawrence","AR",2021,551940,33.1855751061812,840794,497106,289403,336702,96124,21.0009526356589,12.703398799058,748795,1201,45.7014634879306
"27103","Nicollet","MN",2021,55166,31.3479041354731,837556,214834,268582,361747,82730,14.0098014974501,20.3542308043689,182885,1203,17.4729660409503
"05025","Cleveland","AR",2021,901458,36.5105475112796,130978,280008,125117,127918,76956,21.0030322091188,4.13679515942931,531551,1708,34.9519017990679
"06113","Yolo","CA",2021,624937,47.1764216246083,524647,381655,266447,139534,50152,14.0001983917318,26.5936230076477,343140,2618,20.5649481993169
"26035","Clare","MI",2021,235898,30.3093565488234,245060,428311,33287,352983,59474,23.1356287794188,26.2382652587257,752053,2626,26.5292510762811
"21159","Martin","KY",2021,440182,46.2725603254512,730282,161757,158354,265174,94095,28.7283333262894,4.91601526038721,937023,755,29.5298830512911
"22057","Lafourche","LA",2021,879866,35.7443198328838,180868,376855,32268,260550,96369,11.3867274788208,20.0213465234265,223720,2550,40.2974853315391
"26007","Alpena","MI",2021,104032,33.9537764433771,809320,437259,99695,363734,79515,21.1784271767829,3.81583615439013,960946,1083,34.3662385735661
"27163","Washington","MN",2021,849172,43.833631570451,757799,163754,197163,41625,80229,12.2036855679471,7.80960869276896,349517,1778,44.4369974918664
"29069","Dunklin","MO",2021,296955,43.2192571647465,28404,88103,30638,366603,79832,29.9092681857292,20.0933765619993,163912,2009,30.5537171917967
"39043","Erie","OH",2021,651684,47.6309730298817,323689,245915,257414,201481,55043,6.57051858841442,23.9039815706201,327134,1896,25.0247965240851
"12109","St. Johns","FL",2021,640250,38.3884791750461,72642,161133,253985,282723,65801,22.2856146760751,29.9642720050178,652191,1071,39.7955422778614
"12035","Flagler","FL",2021,127469,38.7141761602834,412689,89745,245314,373039,54099,6.10500075970776,28.2943205418997,439056,958,29.4115067482926
"37051","Cumberland","NC",2021,807595,32.558565987274,700967,448692,229087,80101,83491,14.6110921236686,26.7274632118642,394697,1295,49.799584960565
"38055","McLean","ND",2021,683092,36.7205689288676,364676,344170,278087,281622,61999,25.1411037123762,9.72818861715496,714963,2512,45.2475953055546
"39073","Hocking","OH",2021,231920,47.4070007214323,499771,348250,232591,250772,73424,26.5548357809894,23.3058199379593,114494,2785,16.8531101918779
"41017","Deschutes","OR",2021,273294,32.9271529987454,625423,292185,297067,365186,96714,27.3114397842437,8.40839600656182,108068,564,34.2071368265897
"45063","Lexington","SC",2021,66675,49.7636960027739,885874,24592,102297,54097,45598,16.4549496327527,8.55176716810092,253550,974,33.0243596248329
"48371","Pecos","TX",2021,990693,49.6981813805178,652892,438281,1465,5151,90695,16.3122266018763,0.440922311972827,858077,1214,17.7829215093516
"02164","Lake and Peninsula","AK",2021,212225,43.6694994103163,351994,455135,113252,364046,47018,12.8700901009142,18.1900718109682,518992,1633,47.1590763446875
"26003","Alger","MI",2021,313490,33.2664924720302,792449,247166,71992,237321,65731,14.6075007284526,11.703812526539,823912,2515,59.8931403039023
"34007","Camden","NJ",2021,545401,45.1797343697399,364494,266053,150831,25506,93559,26.7545388557483,17.4562063836493,129985,2620,41.7755815456621
"48361","Orange","TX",2021,443041,48.3222927059978,509660,313225,184892,229349,41691,23.7327556079254,3.52178576868027,602007,521,56.5103375143372
"54003","Berkeley","WV",2021,767559,45.0364371715114,639190,294919,18752,301186,38005,5.49797269748524,3.94649278605357,540778,1565,36.9039815641008
"51187","Warren","VA",2021,364375,45.6394451018423,606301,123048,291634,207580,73228,20.2220105461311,5.95438955817372,528527,2761,37.2767949500121
"51640","Galax","VA",2021,321789,34.0417793067172,829495,296443,292028,137308,80395,24.465737050632,22.4185236403719,902907,1167,38.8782654330134
"06069","San Benito","CA",2021,617820,34.4113658787683,431054,467919,107508,170773,71599,7.35164538607933,5.01793742179871,778602,569,59.8073755763471
"22065","Madison","LA",2021,626214,40.9186816262081,500658,163608,183902,11775,62142,24.9513738858514,22.4510507611558,688152,2352,57.0949075650424
"08035","Douglas","CO",2021,842771,38.8122240407392,482515,74817,74571,172082,37210,16.7809207527898,23.4460777533241,633173,678,24.1367925447412
"06009","Calaveras","CA",2021,405830,45.7120913499966,378629,306834,287928,140343,81996,5.95090286922641,25.165453045629,903831,871,59.1345607792027
"08111","San Juan","CO",2021,125800,31.6044332180172,35912,270019,92341,367333,83739,7.23756181658246,29.2751322104596,842567,2072,16.5018057241105
"13189","McDuffie","GA",2021,668727,49.4888196140528,443095,117774,226756,290914,66616,25.7546964113135,21.2076182384044,300371,1531,42.8675011056475
"16061","Lewis","ID",2021,389843,42.7634682273492,789073,271453,36747,111209,47202,6.10779948881827,22.2460268530995,527231,1332,59.2691914085299
"19107","Keokuk","IA",2021,736340,49.016178525053,800279,252003,149757,285106,69897,21.4702660578769,24.5940006896853,719891,518,13.6484987940639
"21011","Bath","KY",2021,814766,45.2203986793756,690208,350417,214586,371903,66624,25.9353221638594,8.98883597692475,427467,2145,28.0335619370453
"22013","Bienville","LA",2021,469841,39.6368473721668,318755,272272,77408,119334,86574,6.73172539216466,3.6083469260484,872262,1533,15.140263622161
"37127","Nash","NC",2021,138571,45.4870156710967,786200,367814,247784,304483,89920,18.8913780683652,28.7253023358062,754603,1673,10.4911716212519
"37057","Davidson","NC",2021,925797,39.7635338408872,798728,442966,285912,338875,60989,7.08335326751694,3.6844241595827,455298,2164,27.6703680539504
"42129","Westmoreland","PA",2021,804545,34.1612518345937,611538,206724,154893,304880,37083,9.80027442099527,4.81849220115691,963222,1702,58.4239463345148
"51087","Henrico","VA",2021,806371,34.8140389332548,486897,468670,131985,25320,95232,17.3677394120023,6.86419719597325,203179,1315,13.062164853327
"51175","Southampton","VA",2021,749641,48.116835677065,405772,244135,250832,343850,30795,23.1300446914975,10.7055010576732,166066,1159,37.6084365206771
"55067","Langlade","WI",2021,822597,37.4883293686435,537730,489314,90275,280633,64186,29.4647715881001,18.3661368093453,680696,908,59.8903050669469
"48155","Foard","TX",2021,684534,30.4392846813425,779659,152331,93450,169734,42978,18.1595753249712,26.9731335598044,448831,2687,37.7830385952257
"13213","Murray","GA",2021,578702,30.4249459924176,660487,51610,105296,358260,57209,21.0474120581057,5.47716402914375,182361,1998,36.9423660822213
"09190","Western Connecticut","CT",2021,935964,39.501239513047,326464,187614,31295,185174,72589,28.3126598701347,14.4746065861546,506503,2366,54.5879478356801
"37103","Jones","NC",2021,303524,42.6470821443945,208213,191034,82580,33278,76322,8.89050259254873,18.0578890722245,815434,1998,27.5746325403452
"47113","Madison","TN",2021,93541,39.6091731684282,757581,95569,173329,123242,82762,20.4712315299548,27.8309856844135,247962,2623,19.6418589469977
"48467","Van Zandt","TX",2021,137319,45.5290291458368,52005,56661,188076,377019,88877,12.0717416820116,1.49197599850595,992927,752,14.6271198312752
"54005","Boone","WV",2021,518280,44.0842984151095,738870,490805,113241,389579,56131,29.840278289048,29.7995637031272,626900,2384,24.3477739300579
"24009","Calvert","MD",2021,538943,36.8974838778377,620773,499587,233402,341664,97450,19.0933567367028,1.07517595868558,346908,987,25.3568929759786
"28001","Adams","MS",2021,692300,48.9760051993653,543435,24454,228319,163533,69667,20.4259699222166,17.9749904293567,804777,2685,37.4631283711642
"20025","Clark","KS",2021,170428,36.6194775514305,469340,370897,169268,376284,70359,26.9566767744254,7.02718551037833,205023,1094,57.1450790180825
"09140","Naugatuck Valley","CT",2021,823474,45.8209680439904,420575,387724,282555,133861,97848,6.64535766816698,18.2384706870653,974838,2085,40.382851138711
"13031","Bulloch","GA",2021,789867,39.8013098631054,804987,448259,169228,82033,79705,16.708952934714,27.9304884094745,194427,2070,19.8458008025773
"27127","Redwood","MN",2021,421054,37.4867369653657,789109,452643,152245,146291,79423,22.5099300511647,14.5644042617641,481956,2348,30.6943087629043
"06095","Solano","CA",2021,661267,44.5705083152279,350122,401747,264017,38449,68464,20.3525511850603,2.4946458125487,623179,2863,53.8687734073028
"29199","Scotland","MO",2021,625349,37.159939352423,421158,381826,190173,233373,35789,22.0527372974902,12.0538693713024,355499,2229,19.2858718242496
"13179","Liberty","GA",2021,664351,36.258944356814,538927,142943,109112,341830,94169,22.4528992676642,6.33735802955925,526241,2320,11.071549358312
"01097","Mobile","AL",2021,613128,36.1898613441736,669629,121592,294578,233468,86166,21.8757800594904,7.49629236990586,301324,2270,18.4407695103437
"01039","Covington","AL",2021,563698,49.9768231110647,730405,164961,179067,14244,68900,17.4382782261819,26.8406325462274,983789,1637,19.1163779026829
"01119","Sumter","AL",2021,687732,43.7159614358097,364318,264950,292328,251946,36935,29.9456720193848,12.849535192363,515066,1659,32.8832729975693
"01075","Lamar","AL",2021,657321,47.4024162534624,210285,151166,235866,340396,39449,10.5341954517644,17.3830031231046,143313,1337,54.6957763051614
"01029","Cleburne","AL",2021,57885,42.730871248059,209785,191291,18822,154033,42332,17.2953278420027,24.4781965459697,749582,2801,17.2019604849629
"04017","Navajo","AZ",2021,626829,49.2540500406176,745577,13015,232159,81347,68406,17.4407438852359,18.5178805072792,443423,2678,44.5631102682091
"05035","Crittenden","AR",2021,366753,32.6224994240329,794464,177505,241267,212440,78404,29.2947258870117,0.930501746479422,123258,2874,14.6975773060694
"06099","Stanislaus","CA",2021,301631,47.1519611217082,695636,32834,295831,304861,89475,17.6232219743542,23.9202748867683,528043,1453,22.9662482766435
"05055","Greene","AR",2021,660873,40.2833691844717,498149,58209,1811,5069,99834,24.6112755627837,0.879139616154134,683884,2981,53.8004153431393
"08081","Moffat","CO",2021,932692,46.449948460795,601319,301947,204586,73068,84979,7.95107945566997,27.47353450628,486599,2919,31.7419980792329
"08115","Sedgwick","CO",2021,992118,35.6898902868852,90648,434655,106533,149823,35353,26.8866298731882,26.9810473406687,508146,2337,34.047792039346
"12087","Monroe","FL",2021,219676,44.6441479353234,556648,162336,158082,108776,44274,25.9452745097224,20.3046211064793,211546,772,30.9498429903761
"12081","Manatee","FL",2021,282386,45.2290955837816,861825,129924,7194,65898,99541,10.2129674644675,18.8022038899362,860927,1357,13.0356563162059
"09120","Greater Bridgeport","CT",2021,175166,47.8140613622963,476852,493063,261236,61788,57911,16.3775050558615,21.2213874002919,962486,1870,40.8263367856853
"17171","Scott","IL",2021,532953,45.0989288557321,832143,204930,141331,78165,81613,5.20304773934186,11.8980802944861,898745,826,51.7049409705214
"17001","Adams","IL",2021,593241,45.4052978334948,719104,245342,242628,396361,46054,11.4236103382427,6.27847886877134,399265,1304,24.0304786269553
"17095","Knox","IL",2021,390539,47.300341008231,458897,434755,159741,371327,68074,6.11700475099497,10.9119472908787,547717,853,47.725075671915
"13147","Hart","GA",2021,822898,31.6271417541429,678348,272007,209906,284351,88021,14.26939258934,16.1562295909971,599465,1330,26.9634817750193
"17083","Jersey","IL",2021,742942,48.7662110198289,209963,94719,65718,100015,73489,7.23715940956026,23.3647817443125,476382,2090,13.6664044717327
"17091","Kankakee","IL",2021,148105,30.2855383744463,593796,400412,136140,192016,59139,25.8402829477564,26.3110167696141,264081,1639,47.2696468955837
"13285","Troup","GA",2021,27094,33.53468822781,115135,378059,251635,111007,83368,16.0884121386334,28.8755607255735,638821,1216,33.9826466306113
"16075","Payette","ID",2021,704503,34.3105174368247,417776,9638,7994,184526,40004,13.0481748504099,3.62230968195945,926669,2859,35.8450867491774
"12051","Hendry","FL",2021,626605,32.0091045973822,221008,413385,297572,190866,41210,7.7841596165672,8.08292240370065,510151,1836,16.3271172810346
"17135","Montgomery","IL",2021,352210,37.6998072629794,893153,401849,132710,49971,31318,23.8695763121359,21.3590422365814,991126,1152,59.5432988158427
"17119","Madison","IL",2021,8956,33.884455463849,553022,37638,179400,303521,96804,6.95998795097694,27.8227438847534,318703,935,13.6397172370926
"17037","DeKalb","IL",2021,953952,32.9683853592724,678690,145701,155670,242408,91185,19.0350211702753,24.5927164633758,326932,2352,41.7200541729107
"17089","Kane","IL",2021,213833,38.9858270483091,124099,184761,121089,338330,67753,26.0996384674218,24.997967868112,331556,1992,52.1190502587706
"16057","Latah","ID",2021,175924,37.8313301084563,391564,308782,224725,220508,90179,17.8143273119349,6.63268052274361,948815,591,50.4497460811399
"17179","Tazewell","IL",2021,740066,30.110110770911,535427,244355,156732,381602,68107,28.0067053809762,23.5832120035775,388160,1596,54.4869644474238
"17023","Clark","IL",2021,857918,35.7606471050531,369029,305783,165798,354910,56016,12.3549332271796,14.043414008338,130219,536,29.0192438894883
"13295","Walker","GA",2021,620510,33.2616318948567,274154,232772,76102,197696,74409,7.94767564046197,1.47698916262016,450150,2163,53.0613586911932
"17073","Henry","IL",2021,983666,41.4932586392388,100593,214903,79589,119121,34557,25.1379658363294,16.6871684719808,923201,1605,15.9805914876051
"13101","Echols","GA",2021,700849,31.4161787461489,316628,492038,155824,131523,80460,13.5961584467441,8.10628255130723,122763,2132,55.3161930432543
"19133","Monona","IA",2021,420821,41.4241489116102,16565,81057,144726,213964,76080,10.9406000596937,20.3246781486087,380421,1713,56.0826101130806
"18075","Jay","IN",2021,741248,48.4702919982374,644317,465192,112063,390873,65187,12.0659265271388,24.7717879805714,487800,2197,28.8665492925793
"19061","Dubuque","IA",2021,733222,39.0818593185395,163639,130336,76148,143416,33220,12.845074404031,11.3664781395346,166544,1955,47.4336463399231
"26129","Ogemaw","MI",2021,41695,35.744631360285,488247,430289,164902,179145,78392,12.4068609683309,15.7262871460989,177327,1899,48.8205656199716
"18033","DeKalb","IN",2021,193471,44.1617025295272,297307,229203,188985,10060,72544,12.158055761829,5.43216758407652,831491,1817,19.3165576574393
"18087","LaGrange","IN",2021,799177,40.7933833124116,318444,63856,250612,337377,75352,5.62797692371532,22.7506243460812,117201,2923,39.1149071534164
"26021","Berrien","MI",2021,444612,32.769287400879,258177,127768,211622,283092,64534,5.43460140004754,21.1463060905226,763095,1710,43.3811400108971
"26165","Wexford","MI",2021,368900,45.5965392431244,420599,200660,48045,136495,92297,26.9291075773071,0.736184127163142,877060,2439,52.7290871739388
"19097","Jackson","IA",2021,657362,44.1452527232468,117233,256642,268713,351808,46004,27.6150854898151,25.022477642633,907636,1334,39.637544718571
"26059","Hillsdale","MI",2021,184781,37.597170858644,5618,10389,140688,75159,85838,26.2081981939264,25.2556664356962,221216,1677,54.7694292641245
"26005","Allegan","MI",2021,396080,43.0779353063554,370808,269553,298729,26858,70262,17.141233420698,19.6664715511724,607184,1961,30.3401772072539
"19109","Kossuth","IA",2021,177553,40.9303210489452,554505,238829,22784,220007,68075,28.2979747757781,14.7030802513473,881318,1640,56.4354800758883
"26139","Ottawa","MI",2021,734620,45.2206597290933,342999,73840,6122,242489,85498,18.781095680315,24.6015409310348,792251,1818,50.2465996099636
"19119","Lyon","IA",2021,487396,44.9152514431626,485481,83063,250273,31412,94184,7.88047874928452,11.6018071118742,723142,2476,36.7690304201096
"16081","Teton","ID",2021,218131,41.6761748725548,598025,147333,95926,56831,90777,28.3177047572099,29.6201403136365,690271,2026,17.8294508857653
"17069","Hardin","IL",2021,597829,44.084831145592,846859,284688,74935,100857,31573,21.1698496900499,27.0934914518148,326939,1279,46.3546683569439
"17059","Gallatin","IL",2021,831694,49.5258823037148,669424,68631,63164,131614,55609,21.477985313395,4.46880186907947,513764,1885,46.6943744942546
"17147","Piatt","IL",2021,507535,31.069480907172,619598,395423,142148,253015,96364,25.3698339057155,2.88265546783805,578665,2259,25.4632943915203
"17121","Marion","IL",2021,514248,36.5417108917609,562749,286293,271150,204123,84398,18.9159033715259,1.06594258686528,765704,2458,14.0261245914735
"26065","Ingham","MI",2021,136526,43.798342035152,584124,407974,115198,88203,47989,27.1564367006067,23.8689275993966,393720,1199,41.7882365547121
"19053","Decatur","IA",2021,771145,30.9838357428089,887529,475442,61138,222431,77031,27.2379962506238,9.72811290062964,881008,1904,40.5120483157225
"26051","Gladwin","MI",2021,891950,45.643285154365,759315,339918,26190,207423,57049,12.9139528039377,20.0905052991584,857568,2300,11.8936371896416
"26105","Mason","MI",2021,11543,31.5444463957101,763926,115695,112903,16043,71387,14.4965801341459,17.2863527527079,909857,1149,42.5075764325447
"18135","Randolph","IN",2021,507536,44.5203649485484,898634,192646,167971,352699,32563,26.288752410328,6.17797606391832,108276,2669,43.0439091427252
"40143","Tulsa","OK",2021,690856,44.5578863658011,494174,235985,250097,380705,61502,26.5837974043097,3.4150540153496,220843,1645,28.0751810781658
"36079","Putnam","NY",2021,30895,35.6539566908032,339964,53835,50016,166532,72523,5.14415250043385,11.4741632156074,888301,1036,26.2040236173198
"40097","Mayes","OK",2021,977617,45.919419717975,502908,373187,121274,208126,98463,12.2033702221233,9.98082165140659,843017,2731,35.2938968827948
"36029","Erie","NY",2021,243676,33.6162247089669,25734,251873,239086,40130,78204,23.3282692043576,12.7773920958862,397596,2158,49.7571103298105
"26085","Lake","MI",2021,184597,41.2821889296174,166739,326399,251824,220791,69820,22.7199166791979,9.5219380245544,174751,2073,42.396240986418
"40021","Cherokee","OK",2021,886606,36.118399980478,74339,326310,115033,73851,65696,5.09240708895959,22.0031074527651,483079,799,40.7908711256459
"21023","Bracken","KY",2021,840200,49.2968029947951,68641,413063,246046,326995,46956,23.4670032234862,15.2718133432791,771823,1041,46.5891018882394
"26045","Eaton","MI",2021,816499,42.2219386510551,223444,247166,140095,101800,66332,7.74243445019238,25.5953110288829,578927,2738,45.8324267552234
"40035","Craig","OK",2021,468348,32.6501879980788,28414,405556,233208,300953,52078,26.1262479657307,24.1194058977999,434881,2552,29.5827189134434
"26155","Shiawassee","MI",2021,239966,38.0523081729189,38626,381598,246345,369500,30081,21.5051351534203,26.235058279708,849367,834,41.5339560504071
"20119","Meade","KS",2021,822580,46.13166494295,472434,158332,299564,152268,76826,22.211933498038,28.5122867999598,543947,2321,23.3130423724651
"20099","Labette","KS",2021,654764,42.531690755859,323728,396562,133948,369498,64096,13.7189942249097,23.4269480360672,665142,641,12.0464769098908
"20077","Harper","KS",2021,23464,43.614534563385,199334,355726,49826,277945,75547,29.0046476887073,8.83993980009109,711336,1638,37.3636394296773
"20043","Doniphan","KS",2021,987636,34.0147249121219,331567,22386,274085,327712,82794,18.3430863905232,22.3462708038278,589525,1895,54.5302978041582
"20157","Republic","KS",2021,953744,37.1316579077393,531136,404319,294343,335047,78276,17.7598443126772,7.1619906462729,316060,2189,45.7261606841348
"20005","Atchison","KS",2021,439334,45.5913727311417,568874,173519,176428,47314,96253,21.5757764538284,28.2156168948859,557898,2661,27.550061037764
"21075","Fulton","KY",2021,538914,47.3855679295957,219865,409401,36226,86421,51939,10.5938710051123,10.5403089802712,824751,2456,58.576051928103
"08003","Alamosa","CO",2021,914890,41.8838989920914,892202,201693,277176,219342,56117,25.7054971077014,15.4147965623997,674617,553,51.9003431336023
"36001","Albany","NY",2021,3297,38.1258718157187,846583,203531,292178,103440,60917,5.90697206323966,22.4348053825088,556952,1948,10.7325307582505
"40015","Caddo","OK",2021,414465,45.5030542379245,645724,151842,10930,37845,74155,27.2715243929997,25.3872990421951,653569,2596,59.1303425049409
"28095","Monroe","MS",2021,403195,30.2311607683077,802474,88674,271409,334268,53944,28.3120266988408,28.5822920431383,464361,2456,42.0896615856327
"21035","Calloway","KY",2021,6546,39.8416029615328,108587,77640,90052,91196,60835,17.007273582276,10.1464368053712,541095,721,39.1951013961807
"26061","Houghton","MI",2021,109104,44.7863636212423,141271,436212,55496,317813,93805,14.3986870429944,10.8833175036125,724724,2229,30.2593660796992
"40105","Nowata","OK",2021,354524,42.6304980553687,66825,478331,21918,29102,44864,13.6100959044416,27.8186979051679,445482,2937,44.7737857722677
"08087","Morgan","CO",2021,128517,41.3571219099686,31333,441797,150321,14776,77136,6.4992528827861,16.6240670322441,194456,2609,45.7968092430383
"08105","Rio Grande","CO",2021,680047,30.8371230075136,124946,499106,68460,383832,88342,19.7010034706909,29.5497763738967,674380,1218,37.7199134463444
"08089","Otero","CO",2021,741961,44.4346683239564,672772,470012,185762,72721,34361,5.11362690711394,17.9823841550387,375042,2165,47.9468188271858
"02068","Denali","AK",2021,673622,47.1689727064222,354605,451197,229480,124486,89083,25.9174789837562,5.53133686305955,940055,528,11.5414965804666
"02275","Wrangell","AK",2021,117838,37.4156452156603,556714,157734,87336,342716,56573,7.62191352667287,26.3306625466794,622433,1219,43.0337428022176
"24023","Garrett","MD",2021,148541,37.2450951766223,350536,263966,74155,358201,47560,5.96258106059395,11.1076538474299,708182,1450,17.9096881323494
"01021","Chilton","AL",2021,518787,35.3933486156166,879138,499416,107558,32089,62684,25.4613831767347,5.50593579187989,733324,1662,25.3746172087267
"25019","Nantucket","MA",2021,438647,46.2963596684858,845275,425679,175090,116962,85833,12.2101672121789,1.60499061690643,876827,2537,53.7164477887563
"01103","Morgan","AL",2021,424155,48.2642919523641,529576,270952,42464,349218,87473,16.0173029708676,18.8293996732682,240220,2012,56.5566427446902
"26017","Bay","MI",2021,313281,39.8092962289229,146873,431488,202488,387228,41506,22.2830701281782,15.1360720256343,593158,1948,17.7337767230347
"26151","Sanilac","MI",2021,432717,44.6596896741539,4505,304703,156298,379161,42101,23.3733723242767,21.2866367795505,736717,1510,59.6018489124253
"01037","Coosa","AL",2021,244103,30.5440979171544,117394,223076,142520,302963,32238,8.46971994149499,19.8589676781558,549291,1105,25.5482054920867
"27043","Faribault","MN",2021,526778,37.5700829364359,698166,353316,178662,121437,95023,18.1556541775353,4.58423918578774,920132,2161,49.7807370289229
"27117","Pipestone","MN",2021,422902,43.4840333787724,600776,145126,71498,99784,83088,19.5231560571119,3.95254627335817,660656,1663,52.0107698999345
"27055","Houston","MN",2021,908947,32.0196488499641,135171,291337,262504,378359,73729,13.2957089645788,4.77558999555185,336498,2760,11.9109372515231
"27071","Koochiching","MN",2021,872564,46.9390037050471,478987,360465,212287,82724,54096,5.9385519195348,26.3433270785026,951612,2471,57.9884774424136
"28039","George","MS",2021,342410,49.6704309387133,221894,355488,37610,301391,89608,22.7608457219321,2.57034050999209,595918,2175,20.1992765092291
"28023","Clarke","MS",2021,920135,34.9189938930795,85683,49933,202737,144705,69113,28.6671550548635,24.5419298973866,896230,2653,39.3876938638277
"41067","Washington","OR",2021,980110,39.0210451046005,268988,127928,83656,7812,35662,16.0519516281784,9.39451786223799,922359,1908,36.258645253256
"55081","Monroe","WI",2021,171383,39.8259028606117,885001,207563,92238,140633,41600,20.8796601986978,27.0148164639249,866100,870,26.5962284430861
"55129","Washburn","WI",2021,81810,37.4500362202525,538308,435748,73666,290702,99213,23.8781852019019,23.3044037455693,339132,701,49.3867012578994
"55085","Oneida","WI",2021,999005,31.6347545897588,129291,496190,228718,393096,69032,19.4019535626285,13.5223900526762,119086,2179,34.6012966730632
"56025","Natrona","WY",2021,526092,36.8794458638877,736888,130597,11918,345495,30383,20.2468046522699,3.80756547208875,766545,1628,57.9070704896003
"13239","Quitman","GA",2021,154342,32.1377171762288,58938,257109,235056,71766,59976,23.3207474998198,5.1613558572717,348915,1400,37.8141211601906
"32029","Storey","NV",2021,555129,38.8908582972363,686762,30903,252516,34205,36472,11.194707006216,18.908611885272,270771,982,45.3384080459364
"51720","Norton","VA",2021,457046,32.426601164043,885429,119270,208160,73576,97358,13.8102311245166,5.39806035580114,311120,1608,45.0813625380397
"39013","Belmont","OH",2021,416251,46.864515542984,523835,322626,210311,361935,93086,5.82246977835894,15.2970758546144,481816,2041,54.2484287777916
"39135","Preble","OH",2021,317269,30.7265501981601,290620,409460,124470,182199,32735,9.04513020184822,11.1145632877015,238011,2842,10.9050397668034
"41071","Yamhill","OR",2021,563211,35.0157839106396,4083,362840,55385,82925,97415,22.6545557274949,17.8480029548518,706333,1088,56.461484383326
"42003","Allegheny","PA",2021,321732,31.767209735699,160618,284249,5654,388341,84625,27.2638365172315,20.7683052169159,263553,1351,43.4815508918837
"42005","Armstrong","PA",2021,130760,38.164375834167,609197,459739,131843,164110,90646,26.8097455275711,4.93093343451619,651665,1486,21.1586835817434
"42119","Union","PA",2021,802321,42.2898146277294,696105,400529,264109,296991,48838,6.83493519434705,28.1450292421505,518893,2191,42.9719435307197
"56009","Converse","WY",2021,946395,49.0228760847822,734667,226418,218986,187141,79940,6.17953296867199,26.4316090755165,447222,2821,42.0429200539365
"60050","Western","AS",2021,515645,39.9543218920007,465670,474441,119765,247753,60950,17.0439705380704,1.21113885892555,251492,2558,52.0521815540269
"60030","Rose Island","AS",2021,947710,45.3617474576458,60812,127175,93300,284641,85714,21.2519189587329,5.10922461748123,773030,2041,42.4414526112378
"72021","Bayamón","PR",2021,736465,37.2318902937695,214313,459737,41055,226441,64068,15.496781358961,27.6737283496186,762610,1546,44.4268991728313
"08085","Montrose","CO",2021,931406,31.208644467406,701505,430326,256200,28889,68863,29.4360825163312,29.8533775261603,838153,1563,35.2176537294872
"12115","Sarasota","FL",2021,668941,34.2056200793013,129583,467453,204641,294876,47119,15.7071768958122,17.2824102826416,209690,2706,26.8617808260024
"12021","Collier","FL",2021,520421,35.5782987875864,499682,24882,242440,156910,37002,14.457660804037,27.45253223693,700100,919,23.0464039626531
"39025","Clermont","OH",2021,128993,39.1167381359264,187601,121518,231170,399573,91325,14.7370811738074,23.9082891354337,661626,793,33.0825012899004
"39037","Darke","OH",2021,275958,40.30284171924,860099,24355,8865,58254,33401,10.4968703072518,25.8055975078605,621724,1922,53.2232830207795
"42077","Lehigh","PA",2021,283368,49.2686766758561,546360,292630,226789,58550,93971,19.4306752248667,25.0444735935889,158055,2618,32.4492687149905
"42037","Columbia","PA",2021,668445,31.7477849125862,615671,46482,276822,242157,74024,21.0648761841003,3.58340484090149,344482,644,40.6728949886747
"72051","Dorado","PR",2021,818313,42.3925977153704,172222,66003,131116,205782,80390,11.3955070683733,11.8904441432096,887332,2536,16.5899878158234
"72073","Jayuya","PR",2021,958650,43.2832504343241,29425,305160,23618,273588,60541,24.225365872262,27.3220234620385,849750,2868,26.9148556189612
"12099","Palm Beach","FL",2021,970794,36.9670843053609,38081,340432,94872,338658,31521,23.3688765915576,13.0466960999183,583535,1428,50.5434895423241
"12061","Indian River","FL",2021,439167,40.7096423069015,598636,39340,250683,102561,81502,8.51284176576883,3.79725177073851,278785,1724,36.8666944815777
"39093","Lorain","OH",2021,570079,41.8059843173251,408402,70867,56801,43751,93593,11.6326856322121,17.591452547349,811114,690,22.8539911122061
"39007","Ashtabula","OH",2021,731506,44.5627773879096,503085,212670,77795,245754,58440,27.7717006404418,20.7120829517953,978412,699,51.5796839399263
"45023","Chester","SC",2021,277943,37.6518244389445,672858,219477,239875,156184,81058,15.3623814473394,26.8531262967736,277848,2247,26.7922668391839
"45001","Abbeville","SC",2021,564240,46.8022686894983,776169,365151,125406,69398,62522,25.4400097078178,10.474316671025,718447,2071,52.9189886315726
"46035","Davison","SD",2021,871040,37.2319089295343,895330,243597,72593,151700,82309,10.961226078216,7.23997981287539,517996,1257,22.621634406969
"72059","Guayanilla","PR",2021,970282,31.1079939361662,544896,4469,229926,218726,75795,10.3542577545159,18.1346930935979,927441,1370,46.547833471559
"72075","Juana Díaz","PR",2021,340764,44.2915985547006,859671,127910,184979,387609,82174,14.4528257730417,18.3130256342702,376748,2881,54.4590680068359
"12059","Holmes","FL",2021,357415,46.501115350984,681045,28210,66256,172578,70195,9.88089201971889,27.445673472248,284603,1134,27.9955455940217
"17007","Boone","IL",2021,613859,42.6909992191941,671284,60548,233849,24715,60088,16.5690397389699,9.99500579433516,364622,642,43.1047092215158
"17049","Effingham","IL",2021,328576,38.5165406344458,253756,498494,67209,28615,45477,24.9873709119856,0.211291329469532,388509,2511,38.5857768845744
"31059","Fillmore","NE",2021,702483,32.9965664632618,679330,316209,286061,94589,58442,10.3315615397878,1.51055027497932,348532,738,48.4391534840688
"31121","Merrick","NE",2021,15059,30.8250560704619,602321,226556,190030,374246,47288,27.8837426519021,1.4759257575497,563913,2744,25.8475557691418
"31047","Dawson","NE",2021,43085,48.6587807908654,260945,402254,241708,245745,87838,13.5984812409151,26.1505991430022,318286,2820,57.0708470791578
"46097","Miner","SD",2021,864678,31.4821945503354,579042,457538,120873,343947,35904,16.1193338234443,24.936764552258,901216,2915,21.6565126809292
"46087","McCook","SD",2021,277947,30.8622622257099,435811,37843,268521,323464,87372,14.8606512416154,2.85713281715289,129576,2409,50.4844377771951
"46015","Brule","SD",2021,116650,37.8100824123248,833499,248953,162695,187895,39101,18.6465227173176,15.1063389773481,812412,1029,53.0181104573421
"46073","Jerauld","SD",2021,655588,46.406500809826,505106,129488,25782,102377,85758,29.572271911893,28.4520844020881,985404,1260,38.2326584565453
"72131","San Sebastián","PR",2021,404381,30.2460280060768,533050,446737,103308,351361,41549,8.95916927373037,6.0906042298302,114500,2855,24.8366146488115
"72011","Añasco","PR",2021,374248,49.4394441554323,563109,490194,168424,183121,32343,28.7509558268357,13.2390535064042,808128,1118,53.8884711591527
"17019","Champaign","IL",2021,518620,42.328716549091,700815,187956,219612,98007,56959,29.107284587808,8.24610091745853,524334,1589,56.2036358658224
"17013","Calhoun","IL",2021,394026,46.1162323830649,565956,336308,95355,224797,61306,19.8175679845735,11.6787990485318,106983,1543,42.5683362665586
"31181","Webster","NE",2021,760902,34.0755991730839,143618,435964,36963,97539,92797,24.8354730440769,17.0198500226252,655120,2422,43.2257317146286
"31163","Sherman","NE",2021,40053,40.6171524710953,337462,148341,159828,275684,50757,17.3514608480036,11.7508823401295,397927,2192,13.9849502965808
"31007","Banner","NE",2021,801526,45.8596469229087,307450,230227,76721,339475,65627,6.67236590641551,17.3520667408593,641202,2739,50.7813132740557
"31113","Logan","NE",2021,166302,43.5247014090419,710119,130883,203533,57604,99693,19.6103932114784,23.2847450464033,367385,2329,42.0259883068502
"46119","Sully","SD",2021,259974,33.8851166889071,267345,67321,217131,241299,35838,21.740853182273,15.269555139821,314064,838,16.1441445606761
"47133","Overton","TN",2021,428191,31.780701209791,107446,223501,265323,393308,47722,26.283724962268,18.7061340012588,661124,2562,31.2111847708002
"48157","Fort Bend","TX",2021,425693,36.1069875163957,309610,139020,157114,66994,78588,28.7302841094788,20.505357189104,238889,1889,36.0880085057579
"72099","Moca","PR",2021,877858,49.5731552410871,480110,17996,207841,213178,67728,18.2518503814936,22.859276002273,911255,1591,47.0025118230842
"72061","Guaynabo","PR",2021,45214,39.0909230522811,148746,97019,70885,235873,87457,8.7789459049236,3.92399640753865,294965,676,56.3885519420728
"17133","Monroe","IL",2021,638903,40.2085733739659,647551,388731,274918,359341,97451,28.7795451772399,29.1140144993551,385052,614,22.4089189223014
"17183","Vermilion","IL",2021,858739,35.0320750521496,55486,123082,265257,3869,43764,28.163384856889,7.32332969550043,970931,2468,48.1082119653001
"17107","Logan","IL",2021,938190,36.6353405965492,355164,215477,75433,217876,37580,7.00156581704505,23.4513702127151,159371,1502,46.4989680587314
"33013","Merrimack","NH",2021,935532,30.3089644387364,41295,342486,287908,47471,98640,6.51474408339709,14.3966919067316,115476,2179,15.0995738361962
"35005","Chaves","NM",2021,365636,30.9174356423318,792075,9460,26644,12822,37206,17.9064724605996,26.3592063635588,124338,2433,10.2113977796398
"36023","Cortland","NY",2021,720788,33.795496490784,731721,76342,114422,359419,61394,28.0873971770052,14.2502407799475,955428,832,51.4820475154556
"48013","Atascosa","TX",2021,598965,46.8398232804611,31565,393891,113989,247759,44895,17.3376497940626,28.7302498868667,132502,1573,36.7621623002924
"48121","Denton","TX",2021,515748,39.619804774411,383320,300471,283306,152002,46180,29.4071216904558,24.7753164893948,584168,1565,11.7967613996007
"48325","Medina","TX",2021,771930,35.3689736500382,807793,42509,37218,298574,86804,29.5878341374919,13.7968059070408,649444,1697,44.7545412834734
"72105","Naranjito","PR",2021,776502,38.0356176290661,501026,127776,2291,372809,49303,5.15924035105854,18.1303354678676,554497,557,33.782857763581
"72079","Lajas","PR",2021,583148,45.6894129049033,75850,240478,25267,261714,71983,15.9770396840759,1.98782183462754,780073,2340,35.3888186533004
"17199","Williamson","IL",2021,253770,48.5112094739452,241663,209408,120076,351516,31677,27.3067381477449,19.0260793268681,108758,765,59.0677012712695
"13111","Fannin","GA",2021,813163,32.1888116560876,405165,70443,24342,45533,34565,14.6206592628732,3.52678264724091,721907,2795,27.563188879285
"17177","Stephenson","IL",2021,427354,49.3865852290764,560956,67598,37467,232318,49234,22.587050126167,19.2155850701965,245979,1790,20.1716871839017
"36041","Hamilton","NY",2021,33269,42.5683591188863,47422,43416,179989,258563,63652,25.2415137609933,5.39682175498456,129950,682,28.7655470101163
"36097","Schuyler","NY",2021,348148,35.2504048636183,796345,109573,255871,164102,52144,12.7098513778765,20.4540829500183,104993,1224,34.520431633573
"36123","Yates","NY",2021,443215,40.1372393965721,82933,186780,212828,43255,94281,10.051881831605,2.1375208790414,953814,2490,48.9721665764228
"48027","Bell","TX",2021,726585,45.5979734612629,703572,88083,72962,350103,95778,24.8131826065946,22.6235703541897,950542,2345,57.7963263983838
"48049","Brown","TX",2021,969552,47.1129059977829,712161,466438,235344,7009,38637,27.4972254771274,9.1903924732469,820353,1686,37.6635516900569
"48231","Hunt","TX",2021,364250,36.79288264364,435083,73222,88479,112784,57187,27.9766679985914,24.1208787378855,243390,1328,31.5345361852087
"72057","Guayama","PR",2021,74536,45.0677698757499,704133,483641,243207,123708,56312,19.1895880689844,8.4532016934827,660169,1515,24.8852864396758
"72025","Caguas","PR",2021,505701,33.2181282062083,298023,40779,149037,346152,45741,11.7804576770868,5.0619979784824,824350,1675,41.2384124146774
"01083","Limestone","AL",2021,125010,43.8957491144538,716164,293526,92595,283165,56060,23.0184819211718,2.1935458551161,201134,2227,23.9478656114079
"04003","Cochise","AZ",2021,715103,34.8219838086516,549306,337471,118448,102372,88341,15.5418854800519,20.4451075661927,322454,2191,51.5156811941415
"04023","Santa Cruz","AZ",2021,703819,33.8137946277857,184123,134142,101183,338863,45726,19.1166110523045,16.4706326904707,135267,2560,29.5642930455506
"37183","Wake","NC",2021,474944,38.4700720291585,427658,455472,195870,44981,54792,25.0091434584465,0.259743486531079,954106,660,30.054196473211
"37151","Randolph","NC",2021,857187,31.8118662619963,370925,76138,274300,267585,62837,12.0163774013054,14.3461652984843,667229,2086,58.3199019334279
"48259","Kendall","TX",2021,477479,33.27056679409,124234,335819,186863,85143,95241,19.4425608334132,1.2140738312155,159157,2069,29.5828128722496
"48233","Hutchinson","TX",2021,478291,31.2160061905161,254019,462985,61551,13776,53994,23.928314949153,3.54437754722312,375500,2238,10.0825609778985
"48207","Haskell","TX",2021,582941,35.7653376134112,56339,168428,94744,120490,86173,6.41150997951627,29.0871690306813,901804,711,35.7997131440789
"48099","Coryell","TX",2021,242179,49.5792703749612,26001,144673,281071,255068,82147,12.4632671137806,4.63025999022648,752215,846,37.9596625594422
"72029","Canóvanas","PR",2021,539155,38.9468578109518,43218,76319,252755,148507,81280,21.0267475643195,20.7877416070551,960906,1811,35.9596065967344
"72041","Cidra","PR",2021,201340,48.9007319137454,452159,280599,288705,277589,86639,9.48201996623538,10.3237883630209,545861,2171,55.0314907706343
"04011","Greenlee","AZ",2021,908600,46.8798140855506,84474,178510,165900,62843,45643,15.856575233629,3.41467314166948,797161,1165,12.8187176445499
"05113","Polk","AR",2021,185185,33.4722187835723,515994,195649,122201,28722,79028,22.9719571198802,22.636622346472,342678,2734,25.7874235301279
"37061","Duplin","NC",2021,973423,48.40490790084,81659,240069,152519,30448,72952,20.0265793199651,19.3621904728934,621339,1167,30.2450079843402
"37035","Catawba","NC",2021,361461,47.427493580617,619260,40181,20640,157132,55583,28.6770639137831,26.5065832645632,665468,934,31.166324603837
"48183","Gregg","TX",2021,171567,32.484353329055,890720,184306,82198,153076,87681,12.1003591583576,27.6012679142877,838224,1383,30.1646793168038
"48101","Cottle","TX",2021,846407,43.3405106607825,592189,345120,213745,169592,94339,29.1763091122266,27.3836505878717,689640,2945,19.4257078249939
"48193","Hamilton","TX",2021,752496,46.9414331810549,679055,351786,106392,370858,80737,14.7509202547371,12.940735782031,904790,1399,39.3736041872762
"48437","Swisher","TX",2021,995535,34.4822824560106,762412,451351,45217,48220,89479,5.29732108814642,9.09195338375866,169429,1431,53.731696519535
"48125","Dickens","TX",2021,732127,44.0061232773587,449006,119621,24696,38895,81239,24.6896371431649,3.39719357667491,556471,1841,54.1698093549348
"72139","Trujillo Alto","PR",2021,881683,47.9463856341317,239891,193801,31214,178867,70060,22.5476163625717,1.19471403071657,596614,2502,38.6912399926223
"72063","Gurabo","PR",2021,488695,44.9370273761451,527641,298640,247961,145417,80639,29.3318890105002,23.3638038765639,835747,1234,53.2356787961908
"05005","Baxter","AR",2021,979069,41.025825147517,698265,177094,38303,350566,33311,5.11740472400561,3.74247442698106,107757,1494,34.2967975907959
"06075","San Francisco","CA",2021,196430,39.7688551340252,395661,474324,62523,168068,51313,20.933125797892,0.695046130567789,954942,1659,11.5481658279896
"06027","Inyo","CA",2021,853087,31.8454476678744,848058,225174,232954,338050,93465,17.8806412685663,9.3883485160768,858956,981,55.6062235753052
"06061","Placer","CA",2021,707155,30.3467388125136,465012,452409,296256,246533,76884,23.2885315502062,11.6197537025437,480442,502,10.6555398344062
"37107","Lenoir","NC",2021,762625,41.0418441379443,795387,308563,70034,146430,66127,11.2582828046288,8.82369001396,347976,2246,51.6052990709431
"38089","Stark","ND",2021,625709,36.6190051333979,773243,246726,210135,89204,38145,13.0941495136358,12.4907062388957,949170,1896,47.8800973063335
"48445","Terry","TX",2021,351790,47.8520832955837,871259,282604,219700,232905,55358,6.05906851240434,0.944109836127609,734706,1322,21.0645617009141
"48425","Somervell","TX",2021,305956,35.4580620490015,476396,190253,123220,138303,90457,17.2931844438426,10.1193527597934,277750,1608,19.8572622402571
"48069","Castro","TX",2021,690159,47.238020026125,209839,83172,156187,298700,61671,29.0487533505075,10.6940413545817,125928,2353,37.5966347428039
"48175","Goliad","TX",2021,617432,31.6925045941025,139256,218590,130825,237762,79101,13.0785983242095,8.12488373368979,192654,957,43.6071336991154
"48235","Irion","TX",2021,193300,40.0872111087665,701886,467202,162823,149536,68365,28.3370547357481,6.05012707645074,722918,2781,48.6629210785031
"48107","Crosby","TX",2021,697152,45.047237155959,336345,177541,76136,294291,96032,10.9410769899841,0.622004955075681,842755,2639,35.5574619281106
"48413","Schleicher","TX",2021,418944,40.5546901375055,17981,305166,120685,70771,46333,28.9643954671919,27.0408388366923,107855,2988,24.8035281803459
"49041","Sevier","UT",2021,991528,38.8084393879399,146686,211491,219949,52287,59406,9.10102608148009,15.9130011918023,332709,1104,17.7236563083716
"72109","Patillas","PR",2021,367309,42.371275126934,118954,91697,182248,27665,49590,21.1500433518086,21.6924544097856,540825,2398,20.5066606658511
"72153","Yauco","PR",2021,530212,39.8964473046362,711308,137089,33933,227830,64309,12.6849500241224,29.0296537731774,324803,1498,15.0200133468024
"06035","Lassen","CA",2021,401753,35.8593956381083,687485,132102,263723,257990,53129,25.3390722977929,20.0736073893495,822624,657,36.6311068669893
"06029","Kern","CA",2021,164520,33.8506545405835,86596,243795,182192,338150,49292,20.8247442741413,29.4462772691622,920259,2091,56.4159288909286
"38015","Burleigh","ND",2021,870948,43.2726878905669,761711,176980,228730,167438,76187,5.18036278779618,1.00491794524714,848656,2008,39.3666303157806
"38047","Logan","ND",2021,894891,40.6238022632897,437962,253814,77861,344186,69936,21.472871019505,1.27804989460856,694990,1375,24.0927203814499
"38043","Kidder","ND",2021,232889,40.9146113786846,730793,409743,118114,258680,98737,6.60557483904995,27.7765017701313,304965,1913,33.909469996579
"49001","Beaver","UT",2021,530406,30.2631077729166,726077,360399,196374,129514,48415,5.91740310308523,12.2317461809143,817221,1670,35.528412964195
"50023","Washington","VT",2021,572800,43.2420185487717,720071,326886,1722,335524,86418,9.62321192608215,26.9032363663428,483310,1566,33.771686211694
"50015","Lamoille","VT",2021,6513,32.386122061871,181131,40913,237530,191514,47792,9.12165352609009,9.45598440477625,601205,1210,22.2802785248496
"72001","Adjuntas","PR",2021,386846,32.7285972097889,15677,181106,103273,108194,64754,15.9906818775926,3.33431997103617,406704,1861,36.5729434788227
"72145","Vega Baja","PR",2021,244710,47.443855390884,779449,68362,282524,236665,38145,8.92765220021829,7.78824745444581,606480,1784,49.9702648399398
"08007","Archuleta","CO",2021,456524,30.4963845899329,651544,408653,265414,32623,85075,8.50202370318584,17.843514662236,836112,1151,27.3066952847876
"08103","Rio Blanco","CO",2021,742915,41.5292359609157,724325,384102,1889,92535,88366,24.7171168401837,24.1894074669108,691189,1689,36.6650935751386
"08075","Logan","CO",2021,967606,35.8018439216539,851351,203175,105509,244345,42518,24.640868040733,20.3810887690634,974166,976,38.3639970351942
"39003","Allen","OH",2021,416598,32.918755300343,604176,496262,259098,141596,99035,12.900321186753,28.3876386727206,256235,824,26.7703447514214
"39137","Putnam","OH",2021,867085,46.3649630174041,502113,398501,182981,125305,93401,5.12041097506881,29.3106467323378,644814,1026,41.0870939516462
"39139","Richland","OH",2021,125613,40.4696052474901,192977,108256,91300,241416,77648,8.18482990842313,22.8534812433645,759254,2578,54.0598998218775
"39011","Auglaize","OH",2021,478098,30.5582664255053,130412,27296,236204,315540,98331,8.26043286477216,11.1570286704227,125791,2338,56.9586393330246
"51135","Nottoway","VA",2021,665004,47.287628389895,342886,276888,180956,299714,66593,10.3318613849115,28.7641783431172,458186,623,37.784781542141
"51790","Staunton","VA",2021,702686,32.0858833799139,635417,221104,275055,374180,49958,10.6832052592654,1.82502024108544,611962,1150,32.5127790006809
"51670","Hopewell","VA",2021,329002,35.727706560865,433893,20349,74231,142755,56248,16.8686153029557,7.29829715564847,455415,2503,32.0135585987009
"72055","Guánica","PR",2021,235094,49.0248402394354,769757,246897,44880,60853,47748,16.1519986472558,24.942783289589,913747,652,21.6845932672732
"72133","Santa Isabel","PR",2021,186165,34.4463374326006,533056,8207,238927,325031,35637,14.5980319136288,11.1301734158769,656971,974,59.1817391244695
"09160","Northwest Hills","CT",2021,755660,33.3025314519182,115632,54093,104696,165858,79869,25.2535753196571,8.26162970624864,987782,2742,18.2606812822632
"38013","Burke","ND",2021,297065,44.2120940797031,268244,242241,289109,145514,34104,28.4088269469794,26.216451684013,751417,1273,54.4346948293969
"38079","Rolette","ND",2021,210626,30.5338791338727,364420,215659,72963,396726,82631,18.6693680484314,3.63671907456592,421987,1627,11.7240920336917
"38075","Renville","ND",2021,434018,41.7005024990067,557263,490731,126905,41890,30788,26.2859169347212,21.1548732756637,747560,2367,20.7477952959016
"39133","Portage","OH",2021,86035,37.299504657276,876729,192450,103742,10723,96087,21.129138082033,11.6541901859455,467871,2040,36.8303626100533
"39005","Ashland","OH",2021,379268,46.9387118145823,81282,215551,175716,56001,73925,18.7515674636234,14.444931121543,644026,1464,25.0238095084205
"39065","Hardin","OH",2021,532608,43.5349434195086,366515,144575,33755,374420,30418,25.3673007083125,18.2910554017872,888293,2793,35.9985676500946
"39175","Wyandot","OH",2021,711791,45.3445525327697,511622,1312,105918,386956,68870,21.938199091237,12.1254017134197,732711,1523,26.8206243310124
"51750","Radford","VA",2021,614650,30.1105037005618,540969,400591,198188,394113,95854,25.6151768972632,4.2481211037375,813121,2543,31.4938328368589
"51183","Sussex","VA",2021,398636,43.2042707176879,115488,466503,180095,181576,31146,7.74833872099407,1.20475003262982,890402,2403,57.3482877481729
"51610","Falls Church","VA",2021,843998,38.726468118839,51066,286278,290107,160797,73179,20.4587931057904,14.5491049275734,875336,1019,10.434546044562
"51595","Emporia","VA",2021,617807,39.7631973261014,521206,171224,254562,214395,62458,9.56746108247899,21.0286386706866,573042,2080,30.2837549615651
"72121","Sabana Grande","PR",2021,701709,32.9181536147371,593287,199779,193402,127789,78919,25.178218150977,18.2835142174736,457544,2820,21.7098670802079
"72147","Vieques","PR",2021,155032,31.8160074949265,539248,433600,86444,76352,61212,7.21681156544946,24.5378261175938,977967,771,13.3439478720538
"39145","Scioto","OH",2021,288226,45.2922601113096,57714,408559,130052,334178,53006,26.627231297316,1.30989777389914,632029,1277,49.1221007914282
"39087","Lawrence","OH",2021,115269,33.1212989147753,783465,376491,73017,93754,66747,23.7927480204962,24.3763403361663,336805,1230,20.1847777259536
"39115","Morgan","OH",2021,602212,46.6125433798879,346575,132189,289178,115917,56559,17.7220641414169,9.87184354104102,163621,857,23.606769987382
"39067","Harrison","OH",2021,31725,38.3836695132777,732058,260117,90251,244900,72417,15.2390533487778,9.98462532414123,845469,1271,21.4617230836302
"40061","Haskell","OK",2021,373655,44.3711230810732,548775,355340,159962,389365,34166,29.0111577033531,4.89878311520442,459490,1141,27.1020332956687
"51620","Franklin","VA",2021,178726,49.5408095046878,49036,391840,252156,93395,83575,10.0236036244314,6.79963164729998,704712,2432,50.8923068549484
"53001","Adams","WA",2021,813934,44.173318836838,493669,331035,67447,112548,83116,18.1067495036405,11.6797773423605,349899,1036,15.9413321781904
"54091","Taylor","WV",2021,775376,45.6666884804145,837533,196508,233042,390853,48124,27.0744555001147,29.6875850879587,901739,1235,37.5491798412986
"72071","Isabela","PR",2021,615284,33.6829603277147,328695,464132,116975,73205,53950,27.033730376279,15.0916314264759,976874,574,54.312467740383
"72017","Barceloneta","PR",2021,221231,41.3156695151702,91519,110035,221087,32013,59845,17.7732206776273,13.4865679219365,425941,2689,40.2657471271232
"39029","Columbiana","OH",2021,834944,41.4950577821583,418830,463261,90020,318702,50504,7.70825070911087,24.2560649919324,868954,2267,35.2996604074724
"39099","Mahoning","OH",2021,770562,31.0285451775417,535899,266306,249654,383790,42237,10.0467999652028,0.406452307943255,910729,1232,19.2152672237717
"40011","Blaine","OK",2021,871678,46.6356899682432,25006,427858,258020,1475,33355,14.7666631860193,29.2943919799291,796009,1856,20.6378205469809
"40091","McIntosh","OK",2021,690183,38.4369758702815,768890,204150,164384,129406,65955,21.1325283290353,27.3240499827079,209851,2337,18.5107362712733
"55025","Dane","WI",2021,701312,42.3431374598294,879682,90269,149559,61368,35702,27.4038494343404,29.3871921789832,212302,684,10.9351492160931
"55103","Richland","WI",2021,132927,32.3844220396131,114976,24430,257039,180938,49601,29.1907346528023,5.0164696178399,269003,2386,36.4366601244546
"55135","Waupaca","WI",2021,62839,33.1218733126298,369579,179914,74020,277535,98117,15.2708423568401,24.2355367192067,551113,2164,33.0325001524761
"72111","Peñuelas","PR",2021,561460,36.0769692715257,409421,364821,171861,148809,77506,26.6778276255354,6.98896473739296,683091,1150,19.3352346564643
"72093","Maricao","PR",2021,487299,46.4396659797058,161560,352229,275792,77969,55005,18.9070618432015,9.42833418259397,713811,1014,30.5157189629972
"13231","Pike","GA",2021,596505,44.4187457067892,378187,89867,261274,383010,32567,9.44123960915022,15.5027881334536,613889,959,14.7621825709939
"13055","Chattooga","GA",2021,474897,38.940788381733,625433,281586,60947,263542,39045,27.8381474327762,13.0700297257863,921012,2254,43.4867717698216
"13011","Banks","GA",2021,125727,43.7159394845366,588025,74708,34337,390945,71586,13.4469400520902,2.2930440120399,820080,2320,37.1798536647111
"13003","Atkinson","GA",2021,767528,36.8306106422096,27083,176515,213478,282588,39921,14.2168009432498,13.890888649039,688739,2428,18.7402326869778
"31025","Cass","NE",2021,483396,37.5681061111391,234215,131369,25186,118855,90069,27.0905328867957,29.4417330273427,808579,1558,34.7457254328765
"31061","Franklin","NE",2021,854856,42.2626664629206,10910,461846,294600,197971,54173,25.525048172567,27.3524129600264,360750,2121,57.4913877202198
"31175","Valley","NE",2021,410244,40.5375811364502,564456,471322,18087,84773,52430,22.5482682941947,17.6282413839363,585968,508,38.6544404923916
"48337","Montague","TX",2021,945249,33.5195412253961,675938,337718,57690,351452,54064,29.1823262709659,12.2136513073929,997750,1902,47.1289611561224
"48211","Hemphill","TX",2021,943030,34.2952119372785,396502,124830,77620,211818,41655,16.911311064614,21.0645522270352,689944,2570,29.3526225397363
"48111","Dallam","TX",2021,684809,37.5379992742091,663347,180206,295633,293922,79265,16.4173281006515,16.6741466685198,116016,2784,20.0740163121372
"50001","Addison","VT",2021,885989,49.2570511391386,196398,300028,232515,53975,98840,20.443210239755,21.8205356178805,456149,806,27.4825100344606
"13321","Worth","GA",2021,332555,42.7796174772084,415493,331819,114542,151938,97010,9.81286832946353,5.25387867121026,283531,1153,46.2573265330866
"18181","White","IN",2021,646389,42.2402155166492,97220,20690,119263,30011,46089,5.04469634732231,7.79502622084692,493950,1479,49.7944796131924
"18011","Boone","IN",2021,800694,33.1586577696726,313948,176667,123270,303560,70084,28.6202562635299,14.8283996083774,671919,913,17.5572372414172
"13125","Glascock","GA",2021,718215,37.99743198324,275791,247020,199510,339888,39235,29.547696870286,23.4696981869638,856062,2104,44.9701841361821
"16001","Ada","ID",2021,106631,37.9568157577887,208151,159172,275680,208895,71346,27.6585990341846,25.743204143364,248090,806,35.7620254647918
"32023","Nye","NV",2021,318809,34.7217662911862,300958,47448,122500,185689,47990,17.851488252636,3.27851253328845,495857,2007,32.6414894685149
"32005","Douglas","NV",2021,308165,46.1372118117288,333717,99497,279230,153621,59292,29.502129474422,27.5405618757941,755172,2429,35.2802828326821
"51740","Portsmouth","VA",2021,183784,49.6091160085052,790812,268432,273474,243318,53469,22.2159811540041,19.6779637830332,315069,1913,16.554660841357
"51800","Suffolk","VA",2021,773052,32.0344584994018,636953,80984,2074,269905,43908,9.7641645942349,27.4481368088163,758434,2529,24.7189098410308
"51520","Bristol","VA",2021,369034,39.1860514273867,813600,335493,90328,63953,83595,7.9027251934167,23.933572859969,878811,2739,10.1481822109781
"18121","Parke","IN",2021,337040,43.8221378484741,582781,137807,269701,67589,65485,21.7552378436085,16.126251029782,895605,1626,27.2612064518034
"18101","Martin","IN",2021,817461,33.9944226574153,784097,173662,173860,285902,88143,22.4144073273055,22.48250142904,521231,1883,14.2428615386598
"20141","Osborne","KS",2021,892341,46.9249074766412,428903,160951,79683,341818,57300,21.8756546685472,20.1402495405637,568082,2913,51.4129379205406
"21071","Floyd","KY",2021,632558,45.2258353354409,771417,307337,181127,289186,49268,15.3437441401184,21.9892825791612,297596,985,30.7652559620328
"21001","Adair","KY",2021,276118,45.5794416693971,692714,267514,195736,355554,39646,14.6787229704205,5.75967965880409,212936,1785,11.9539855769835
"16011","Bingham","ID",2021,9658,36.7883262876421,870907,369541,95468,387324,77499,27.0322605746333,1.10371466260403,835329,565,45.4559334577061
"16065","Madison","ID",2021,323721,49.2568421410397,116397,446193,22967,106947,57980,21.2102796602994,1.37145298300311,540575,1963,30.0743357068859
"33005","Cheshire","NH",2021,309057,47.8656219970435,716470,351225,19423,281708,96515,22.8376559808385,19.4854838610627,928936,2108,35.7198693347163
"35006","Cibola","NM",2021,119626,37.5143761886284,235942,170507,72755,97370,34727,14.9815210152883,24.2246212880127,481087,1337,13.6383775994182
"35015","Eddy","NM",2021,24316,41.7728737182915,874902,466681,226227,221199,44625,12.7778795151971,18.0585204670206,451090,2369,17.8615528647788
"53063","Spokane","WA",2021,967162,47.8511669673026,59821,190934,58272,165450,82916,13.8186438078992,15.8598793437704,409171,2887,14.4672903837636
"53023","Garfield","WA",2021,117613,49.5220294548199,469664,260164,246502,135717,34800,26.205731423106,4.24098819494247,900330,1956,30.7551356288604
"21227","Warren","KY",2021,831187,35.6820111349225,15324,109476,33416,360187,37583,17.6737114158459,22.2217631922103,354472,932,55.9360601264052
"21009","Barren","KY",2021,633058,37.1276093134657,401975,316032,128973,201159,95060,18.7586323893629,27.7951499260962,604973,2720,59.7686363058165
"17009","Brown","IL",2021,712694,34.2932469025254,332541,356979,25134,327334,74096,22.4733606283553,8.29430314013734,506496,1456,39.1538774734363
"18037","Dubois","IN",2021,458012,30.889540547505,41496,126419,86041,126272,89880,17.9413977032527,17.4948532297276,447841,2063,36.0374451056123
"18015","Carroll","IN",2021,846232,35.6818765634671,368544,367547,193228,395449,35798,15.4472463135608,16.7896872851998,744712,1528,45.988005285617
"36085","Richmond","NY",2021,817510,30.8195171039551,723766,310751,113157,181341,71298,14.4118959095795,4.93274754378945,875937,2579,29.3079850054346
"36033","Franklin","NY",2021,264317,36.5185189805925,180806,432224,166054,77379,53632,15.0356130802538,29.670741003938,446123,2440,57.29728566017
"54009","Brooke","WV",2021,491397,38.6437393119559,703206,257267,247466,186438,86442,23.0610225594137,21.4170128758997,443629,1282,56.4973264141008
"55117","Sheboygan","WI",2021,637215,34.0332218026742,151431,299124,104919,362343,99861,9.03517388622276,8.0713222688064,111836,1915,59.9375508050434
"21219","Todd","KY",2021,292121,37.3279213346541,379058,145329,264594,161967,84870,22.5030572980177,13.8730927649885,957202,2638,27.6147576305084
"21073","Franklin","KY",2021,54113,40.5776502517983,894615,306005,279271,347580,96187,6.65913481032476,6.89360274234787,780147,1072,27.4837481579743
"21173","Montgomery","KY",2021,609220,41.4893880672753,137115,307963,281221,89935,59211,11.8681763252243,27.4965826794505,459356,1806,19.8196217557415
"29103","Knox","MO",2021,659448,45.9312519291416,350708,479141,172890,266612,57512,15.2214598795399,13.7443477241322,948058,1064,13.9195642690174
"31003","Antelope","NE",2021,259688,41.0221729893237,388108,66470,283002,7546,44983,27.1692587831058,9.72354031400755,105930,2226,35.463336345274
"31089","Holt","NE",2021,747022,44.9064954929054,611406,204778,50101,345990,52580,19.2430891282856,3.16685120807961,162241,747,17.8615641919896
"37071","Gaston","NC",2021,380688,31.4739306876436,475219,46138,284857,42131,72271,29.2804543173406,5.25185494450852,503848,1891,55.265769737307
"37041","Chowan","NC",2021,841531,33.6979068210348,155762,3889,620,78175,70791,20.1761805231217,22.3223028634675,738305,1850,14.8534679342993
"55059","Kenosha","WI",2021,726823,44.3719794973731,634616,160951,74339,177223,71487,11.5364214300644,13.9591535786167,590421,2363,42.652812753804
"55083","Oconto","WI",2021,861238,45.5039381003007,251556,230997,126806,358215,63273,7.91777112870477,5.40986473672092,958335,2113,59.2721586138941
"21215","Spencer","KY",2021,981677,46.8347728811204,825992,87969,54992,132998,65621,10.4689173121005,10.4461437743157,489084,1386,20.2794150123373
"21045","Casey","KY",2021,200065,36.0652628354728,285945,342726,46377,373399,97030,8.8556539977435,12.0974292699248,966889,1879,47.5261661130935
"21223","Trimble","KY",2021,712391,37.2372060827911,579821,133747,88644,203704,97187,25.4516029392835,8.21151728974655,625556,2523,54.9952189577743
"21139","Livingston","KY",2021,477142,42.4175754981115,815690,448866,114046,89116,30550,16.077763675712,1.29255366744474,572393,971,17.0205448777415
"29141","Morgan","MO",2021,482077,44.7313263779506,425491,251531,240238,324081,64161,15.3302787174471,28.6690716119483,660260,1813,48.4247372741811
"29225","Webster","MO",2021,206011,31.405527703464,738775,489974,162026,319721,58432,9.81599109480157,19.9691529502161,704392,1026,16.7931443220004
"29083","Henry","MO",2021,925843,44.6526027237996,559270,151735,123165,35648,48767,10.3926944732666,24.4933169614524,970069,1404,12.1453173481859
"30037","Golden Valley","MT",2021,237913,30.8801056630909,13982,135794,56207,12587,61250,28.3543520560488,18.1586400652304,570205,1098,17.7545314794406
"37033","Caswell","NC",2021,578395,32.3096359428018,132258,68809,172416,268218,58267,12.3919775837567,7.72412549005821,302161,1878,20.875794920139
"37181","Vance","NC",2021,392949,48.0892286356539,764665,149863,187181,98915,74703,7.64073970029131,10.7983823656105,456794,2001,41.9844520185143
"38051","McIntosh","ND",2021,790492,35.5017867079005,261716,443232,200627,32781,88521,8.93185502034612,2.26689771283418,965285,884,36.4002226758748
"38009","Bottineau","ND",2021,935153,49.8643247131258,704215,22392,53714,191017,60926,26.3391011289787,20.0119800050743,794658,1425,44.354397689458
"55105","Rock","WI",2021,379594,36.086912183091,750606,320001,112851,360110,81910,22.1091343509033,17.8642564010806,716145,1380,30.305503741838
"55013","Burnett","WI",2021,614330,36.0322024300694,557599,196474,260209,73713,85396,19.4757682224736,3.43421334167942,532320,2712,17.5097311055288
"21201","Robertson","KY",2021,406720,31.930812257342,764133,65861,216675,304889,46788,21.040385409724,2.25834071869031,420653,806,52.5073576974683
"21149","McLean","KY",2021,939452,45.4993901681155,60250,232332,157282,253507,85170,9.08314288943075,13.6754431226291,584523,843,35.5094818770885
"19019","Buchanan","IA",2021,628162,39.8339631641284,550292,75719,185739,206191,47382,6.63882332853973,24.2800342524424,582201,530,17.2197288740426
"19055","Delaware","IA",2021,724760,40.5775644490495,215681,246518,242759,35696,85865,20.3505657915957,6.54937013285235,885673,1513,53.0667048087344
"19013","Black Hawk","IA",2021,303461,48.0035279830918,659914,175956,185784,105744,58644,22.5936606887262,8.01525213522837,878546,2690,12.6770558091812
"19117","Lucas","IA",2021,67004,38.1863586930558,219574,163157,84667,29000,77761,10.880622722907,9.2062171571888,821162,2934,30.9299458074383
"19011","Benton","IA",2021,645953,43.3422539802268,171214,463253,64470,111572,39215,13.0416806740686,23.920972966589,935741,2853,58.7222809577361
"19025","Calhoun","IA",2021,653134,30.8719007717445,404992,278904,263379,58735,38028,13.289051085012,15.3592233429663,795822,690,58.6004317761399
"38095","Towner","ND",2021,466348,39.3508632294834,842393,342199,216117,258742,62090,8.73420636751689,26.4083624677733,341510,2023,14.6356245758943
"38019","Cavalier","ND",2021,431575,33.7221330031753,17853,117581,197517,121395,96842,7.1806288161315,3.54692770633847,921961,2600,17.2347290930338
"39017","Butler","OH",2021,707166,45.743843796663,341454,349097,168881,37798,65679,14.6933354157954,0.473672593943775,531911,1667,41.3099088729359
"39107","Mercer","OH",2021,81589,37.4036395829171,164546,184843,287127,268679,30451,16.5883091988508,29.122357070446,316176,2253,14.7283262363635
"55095","Polk","WI",2021,698042,48.415563008748,625352,179621,26061,277759,79181,6.84377424884588,3.98892815457657,619652,591,27.8593663033098
"55031","Douglas","WI",2021,266971,45.240930118598,693100,481447,182866,296724,59172,28.1840403168462,11.6342809726484,278857,965,16.0429563629441
"22003","Allen","LA",2021,775744,32.7989859832451,553792,337583,35083,298647,80147,18.2659407216124,19.453582232818,108070,916,36.2906478950754
"22121","West Baton Rouge","LA",2021,522704,46.5326841874048,798190,294610,179057,241034,83459,7.59896170464344,7.21399540314451,343194,2647,16.4284312655218
"19027","Carroll","IA",2021,543333,41.2177806347609,23681,88439,235568,29087,98394,11.02385692182,12.2898249188438,882562,2094,42.0292424759828
"19069","Franklin","IA",2021,566969,41.7810856318101,136411,305133,26021,381805,70326,19.8566847026814,12.6276314863935,677579,1027,33.8422021036968
"19157","Poweshiek","IA",2021,891915,48.5080547071993,182841,104027,133919,55338,48027,8.04449847317301,8.42935581458732,415836,1583,12.1260443259962
"19147","Palo Alto","IA",2021,75722,43.3289420371875,403721,42550,275471,358922,31303,22.5540528434794,14.348425953649,585870,2226,17.4148288345896
"19017","Bremer","IA",2021,244483,32.8855541953817,521094,454029,249461,246180,82531,17.2489946661517,24.7043078625575,718439,1694,16.2834764714353
"19041","Clay","IA",2021,776426,34.8076058737934,500293,455453,88898,188872,59467,28.7790909595788,11.6211468307301,913579,1627,37.6627691229805
"40033","Cotton","OK",2021,673626,49.1717780055478,336170,381726,37046,234836,89974,9.96794090140611,0.53576834499836,822064,1875,49.2922034021467
"40139","Texas","OK",2021,792890,48.2139901211485,358550,195984,136133,314427,78699,16.2020103260875,18.1859103427269,102791,707,58.4128476236947
"56037","Sweetwater","WY",2021,594615,46.9216755917296,471677,305556,53660,278702,63861,20.9620350750629,11.2481653201394,405155,636,51.0836209892295
"56015","Goshen","WY",2021,433809,45.8851017383859,892811,296253,12823,365954,64829,26.3149265036918,8.35617904085666,527529,1250,41.2854739604518
"56039","Teton","WY",2021,359836,47.2835661564022,43810,314685,40184,251170,85252,6.59956503193825,3.62069489434361,464543,1876,46.9787949020974
"22061","Lincoln","LA",2021,615250,44.8886244883761,728905,108887,84378,30554,93177,9.43275480065495,17.8017287794501,856310,1624,56.3003040640615
"26137","Otsego","MI",2021,24077,48.269080389291,224847,100713,71001,315266,75577,28.5575967060868,29.2539618420415,111189,1325,11.859205251094
"26143","Roscommon","MI",2021,556552,34.4277912331745,46607,439795,226600,288213,80339,25.7852801424451,3.19484674371779,847266,2532,27.3275287030265
"27059","Isanti","MN",2021,705458,47.2031873837113,668254,394795,261536,205514,98588,26.4133419969585,9.24242889974266,612015,1794,15.8841373538598
"19091","Humboldt","IA",2021,87418,32.2962714312598,298627,187311,161109,168410,39653,24.043125997996,26.7300123022869,624878,1473,50.3791933436878
"20173","Sedgwick","KS",2021,832345,40.5044479900971,484812,230529,71790,391977,88960,23.2269614306279,9.66932311886922,684801,2746,45.0639283657074
"20079","Harvey","KS",2021,368067,36.5784773323685,118702,193822,244753,280582,47573,21.8044936435763,26.3681652140804,447517,1939,42.0571813499555
"20009","Barton","KS",2021,680681,36.817220794037,382856,476179,130420,73127,89368,14.1428071667906,17.5736561184749,191310,989,13.5448064212687
"20145","Pawnee","KS",2021,531383,46.2008260190487,744556,192842,250167,156763,30439,26.774549287511,29.7747092926875,966609,2408,47.1322621940635
"40085","Love","OK",2021,605279,45.8093641605228,549709,360311,62184,241170,35721,6.53122105984949,20.0853680865839,442469,658,25.0840538321063
"40045","Ellis","OK",2021,7134,48.1010617315769,26489,348383,196420,326425,71523,11.1687409470323,15.9707516175695,606230,1520,59.9868538230658
"05119","Pulaski","AR",2021,73809,49.3089867476374,577943,145605,237238,98022,58997,8.86124767828733,17.6823463453911,619303,2745,37.1326058893465
"05101","Newton","AR",2021,342483,42.4573995638639,415682,19813,273533,104172,35605,28.282981349621,11.311994001735,813275,1864,50.888874058146
"05141","Van Buren","AR",2021,11352,48.2216505566612,830882,413849,293807,290975,50195,24.3494081846438,24.3472644360736,338481,1637,16.5196680719964
"27153","Todd","MN",2021,508773,48.8151523284614,883703,72241,8823,320509,31356,12.3983295354992,21.2699391343631,511843,2746,14.4491155073047
"27131","Rice","MN",2021,194003,33.2645142031834,325555,250197,102016,119589,98752,18.3103545173071,2.09587805438787,932656,655,37.8746087104082
"27121","Pope","MN",2021,579832,47.3564187437296,458326,90766,51659,137197,34569,25.0292510911822,23.7693401402794,512829,1083,38.6119090509601
"27113","Pennington","MN",2021,611179,33.4859026316553,641229,199828,95742,356373,66153,16.6158463293687,1.97793106315657,591827,1098,18.5875863675028
"20031","Coffey","KS",2021,484889,48.1958641298115,440482,31132,135371,142863,90252,12.4071235547308,8.39543597772717,702497,648,13.5529145854525
"20059","Franklin","KS",2021,762981,32.4652308830991,787883,231236,196846,299953,61741,28.2157329446636,6.62084518466145,384535,2535,20.0657467264682
"20165","Rush","KS",2021,206250,38.4127118112519,451905,409935,9272,231120,85072,17.8299118718132,18.899311660789,504445,1332,44.4034708454274
"20105","Lincoln","KS",2021,812430,37.7079020673409,11333,317817,293415,63726,51079,24.2216321069282,6.49194558151066,426414,1616,20.2963005658239
"20097","Kiowa","KS",2021,910713,41.6077727172524,792627,90716,88890,253174,69957,29.9367905838881,10.4837822145782,462539,2772,16.3447288004681
"20195","Trego","KS",2021,520062,37.6784870633855,830308,162684,293688,73436,43802,28.679959285073,25.2600406925194,170795,1161,56.1191267706454
"40003","Alfalfa","OK",2021,517098,31.4210618520156,53864,447949,109188,225142,57485,19.537250448484,20.7138586230576,323608,710,37.6467123068869
"40007","Beaver","OK",2021,379737,43.1389021221548,104093,206953,245350,1162,69131,13.427972526988,24.4675149908289,527580,1158,35.7578892051242
"05129","Searcy","AR",2021,195639,44.60209434852,505861,82463,70872,32822,94250,15.9458470891695,7.76690907776356,463882,2853,17.5785158667713
"05065","Izard","AR",2021,841197,30.9958719881251,704145,359352,65085,155629,36929,8.37709897430614,22.4866060190834,197219,1854,36.8674362101592
"05037","Cross","AR",2021,651023,41.8944949330762,171852,308025,44082,316115,97673,22.750387993874,12.7434318023734,917032,1380,57.9933981783688
"28079","Leake","MS",2021,683100,37.7151263691485,348251,32619,154731,92335,85008,18.4937374736182,12.3451334238052,229976,2473,31.9784564804286
"28043","Grenada","MS",2021,21984,35.7691130135208,417034,305296,144808,193775,98568,20.4191451787483,5.2403479674831,632942,1320,52.7829415304586
"28123","Scott","MS",2021,510326,38.9573988225311,80091,330191,3361,41594,87982,19.3830973771401,11.0699654230848,297544,567,17.1452028700151
"28107","Panola","MS",2021,930608,45.4900704789907,359422,439649,46734,46360,67263,13.9881991327275,1.38260245788842,251720,2006,46.2132093054242
"28101","Newton","MS",2021,618982,36.3260500086471,343590,158221,17784,214769,39185,21.218650288647,25.5894915014505,737595,561,43.3246622467414
"28011","Bolivar","MS",2021,223360,30.7569160778075,858264,247502,16700,182742,61579,12.9917387396563,18.927213116549,798090,1053,45.23074304685
"29119","McDonald","MO",2021,94434,35.4071964649484,817786,423617,231423,89,49734,20.8058234199416,23.0332554364577,738308,1238,30.9046631935053
"41063","Wallowa","OR",2021,921533,47.5439820392057,223272,58197,140545,274169,58174,25.6260015023872,26.976843145676,551778,2497,50.8174757496454
"41049","Morrow","OR",2021,957148,39.1488862363622,821491,193255,135324,373831,85932,5.75827522668988,12.9132804041728,584691,2384,32.1245816792361
"42115","Susquehanna","PA",2021,807949,33.9770595822483,718749,486443,256564,140566,93042,23.5567076434381,24.6512804087251,960857,680,54.2786417785101
"08021","Conejos","CO",2021,706766,35.8286433108151,32004,376804,6777,392413,67570,11.5436298551504,10.7158850342967,165758,1203,56.5437310282141
"28035","Forrest","MS",2021,165336,43.537132688798,507930,199444,183683,108191,51510,10.4540297889616,26.4790172944777,487324,838,13.2279022503644
"28139","Tippah","MS",2021,167005,39.070490100421,551830,324808,205222,306946,96953,10.8073206047993,6.82783119846135,817734,2243,23.2098532747477
"29077","Greene","MO",2021,911035,30.8067130157724,188210,350542,81953,215247,35004,25.1968716573901,28.2869447953999,214326,1327,30.6745414645411
"29159","Pettis","MO",2021,909814,31.7049180157483,281319,46291,194846,84060,76568,18.1303590955213,19.4327384373173,818332,1144,53.4495390974917
"29149","Oregon","MO",2021,789645,46.2750937137753,791489,465864,2272,393075,41887,24.2448308866005,9.12073655985296,758209,2068,22.3913703137077
"29510","St. Louis","MO",2021,365025,36.8148400448263,758296,418247,159136,14091,98111,20.2409206610173,23.2327880314551,609178,683,55.835689350497
"29111","Lewis","MO",2021,427141,43.6095571471378,61520,267906,64025,319259,39431,23.067010451341,13.0670027900487,277044,2061,21.0157476505265
"46007","Bennett","SD",2021,21680,43.8710301369429,824538,428409,61146,305101,47301,5.08029279415496,23.9305442827754,709243,2370,12.0944398478605
"46083","Lincoln","SD",2021,136486,47.1572724776343,517340,417921,155648,131027,75702,21.6164143884089,20.791877922602,583837,2718,29.8086261167191
"46011","Brookings","SD",2021,193941,43.9202769007534,596297,316703,264208,172569,61517,13.8153552904259,27.2776498971507,175609,1906,29.0245911478996
"48067","Cass","TX",2021,883040,34.9118685303256,245652,499020,86606,270095,36147,15.714729357278,4.93136137258261,775718,2713,56.0088051971979
"12067","Lafayette","FL",2021,185907,42.5683091674,462612,220716,112166,379827,45846,22.3043430433609,28.6847228743136,819152,2025,25.5705216922797
"13247","Rockdale","GA",2021,43025,48.0443680146709,615399,39324,293546,330144,63523,29.1588305623736,3.07343296939507,110424,1397,19.1215581982397
"13209","Montgomery","GA",2021,288300,46.5410023508593,306308,467353,173883,63449,56889,28.2932438142598,11.9561270903796,423813,575,41.6690820502117
"29221","Washington","MO",2021,245271,34.1026104614139,608488,393136,290766,197582,93400,27.6191134715918,12.787016259972,301504,821,53.8042438705452
"29055","Crawford","MO",2021,642537,41.9810193497688,295890,446445,47359,277150,45876,27.2789066203404,4.58170204656199,801551,2777,49.1898436937481
"29065","Dent","MO",2021,707076,41.3015574915335,522280,76067,19106,266862,76774,13.5426627483685,22.8727326588705,173226,1919,16.9392728386447
"29139","Montgomery","MO",2021,870431,41.2308457680047,527105,169561,124329,212894,51078,15.788746853359,29.4798066909425,105244,1701,14.9737927387469
"29097","Jasper","MO",2021,736649,48.1735683325678,194578,179884,67197,231842,99240,19.5322828670032,10.0149144837633,711469,1063,59.7427234309725
"01013","Butler","AL",2021,177737,30.880143144168,313377,249665,265367,295786,66947,14.532460977789,18.8275892031379,807502,1652,11.0691112023778
"30091","Sheridan","MT",2021,545265,38.8951893802732,356955,266477,87713,135885,73739,27.9490581608843,22.4938304442912,337571,510,17.9760105349123
"46031","Corson","SD",2021,436739,44.0385550959036,384323,468237,118851,127463,70976,20.5599431309383,16.55631425092,718816,2214,57.99151904881
"47125","Montgomery","TN",2021,246412,43.7057311180979,413630,71895,251056,377547,99456,23.6977148929145,12.1166204754263,893467,2201,55.1907596783713
"13115","Floyd","GA",2021,922821,34.4490741239861,538878,499226,245179,155446,83154,14.7338673484046,20.25999058038,642025,737,30.2110682730563
"13199","Meriwether","GA",2021,388100,33.8101790845394,780622,194195,100111,157093,52726,14.4834810472094,28.7431023130193,556142,789,15.4729967028834
"29047","Clay","MO",2021,512391,48.5763308405876,820530,497252,177172,115595,79272,24.6112358302344,7.90161022916436,331836,1906,29.8924190015532
"29025","Caldwell","MO",2021,560382,43.0494343116879,855337,336817,145995,235769,53235,8.7334936496336,23.4756950405426,974197,522,17.6042697415687
"29169","Pulaski","MO",2021,636715,35.3233583597466,830184,196771,210284,399588,67342,7.07221202435903,27.0975008024834,575377,2695,20.1462112274021
"29085","Hickory","MO",2021,828018,45.1057912129909,362058,75595,128875,282487,38954,16.7030615801923,8.44648787984625,258120,1193,21.0677815391682
"31131","Otoe","NE",2021,758500,38.9992561377585,822306,335815,169241,399340,97202,22.2374003275763,27.8612727345899,904821,1176,16.0459704138339
"31043","Dakota","NE",2021,961490,38.6684765713289,120125,320783,210032,37916,59506,25.4241593310144,15.6855540652759,875511,1240,25.7864180975594
"31165","Sioux","NE",2021,320762,47.5387106603011,398304,76298,80918,65665,31826,28.655962117482,10.0500590284355,156563,845,46.7872848990373
"47027","Clay","TN",2021,512718,31.6314205154777,672317,69291,274402,313831,49845,16.2182134005707,28.0759439826943,539976,1671,12.5923602283001
"47137","Pickett","TN",2021,745011,45.1723503088579,577329,14775,31399,112528,70036,27.7144390519243,17.7983041503467,345693,1820,56.2893887539394
"13095","Dougherty","GA",2021,571835,43.4549073595554,86070,430293,235612,141048,38691,18.2787121343426,11.3645667303354,670489,2729,10.3911991370842
"13071","Colquitt","GA",2021,37020,36.925647216849,259944,320165,121690,193214,88757,10.1080584700685,16.4210311509669,364414,804,56.2431776802987
"29223","Wayne","MO",2021,971124,32.1133658755571,476403,313178,250530,198548,57738,15.521061392501,26.7877269652672,814744,2392,40.0283233053051
"29105","Laclede","MO",2021,388219,31.6975360224023,529066,91742,185916,41583,44141,20.8720469044056,16.6821667319164,815580,798,53.0319953011349
"29135","Moniteau","MO",2021,640067,41.8328158464283,898178,57986,46719,5979,93972,23.7580036988948,21.7248622491024,666502,1573,36.4940432854928
"31173","Thurston","NE",2021,561027,35.5882859835401,220446,337099,172001,201024,92906,21.0698740743101,3.37450852850452,783450,776,39.3973272317089
"31027","Cedar","NE",2021,349464,42.9024106776342,65317,93651,293931,123747,57206,29.1146988177206,2.86821236601099,420230,2975,19.5229807309806
"48271","Kinney","TX",2021,434671,45.2344885095954,669386,185579,30426,228660,64181,5.99464249215089,1.59080018755049,552252,2449,59.81752919266
"48079","Cochran","TX",2021,27024,40.1272566616535,837479,6940,220173,85776,58823,29.7052720573265,27.8656176268123,625708,2467,37.7382705593482
"48369","Parmer","TX",2021,185643,45.7527515338734,663857,29779,286852,314093,64670,27.0403806946706,28.3520260616206,244679,1828,50.358668693807
"13091","Dodge","GA",2021,831059,34.5116184744984,806964,103358,187213,313313,96572,25.1195202942472,14.5795850479044,170459,1791,49.7714492166415
"13299","Ware","GA",2021,39054,43.8092514360324,34920,93675,232646,143711,70852,17.0921800727956,1.09939047368243,131174,1665,25.0855838437565
"13035","Butts","GA",2021,34345,45.7401132537052,135368,375915,168224,281817,95798,14.0678133070469,10.3717104904354,395663,1483,52.335352464579
"13259","Stewart","GA",2021,190044,45.7778710732237,498416,314949,51913,38861,45913,13.6820047348738,9.62355957599357,869777,2425,51.1339659360237
"31107","Knox","NE",2021,743921,43.9897149801254,799913,495892,189793,76270,70975,12.8355435980484,26.0159922530875,295318,811,24.6969975787215
"31051","Dixon","NE",2021,692546,48.4186422405764,105807,247458,233577,331582,34773,5.2133866539225,12.9986211005598,820398,2170,15.9904092224315
"31087","Hitchcock","NE",2021,615749,42.0467010699213,435567,180643,130773,16089,45491,20.6515011156444,19.9974431795999,268454,1639,28.4994205483235
"48077","Clay","TX",2021,269775,31.4626987231895,85679,435656,287517,130024,87927,23.5668716731016,4.07180846203119,173556,1808,50.6553827808239
"48097","Cooke","TX",2021,448693,36.0297962883487,496335,186563,24198,364734,87855,20.6955338548869,13.5214918968268,179484,1589,47.3943227226846
"13297","Walton","GA",2021,878473,37.0877567632124,391636,307807,246467,315956,72608,17.804405670613,26.8284373241477,296887,2271,45.7318221474998
"13059","Clarke","GA",2021,337947,43.7541018519551,552042,448592,104952,148172,30471,11.9708931259811,6.95601053070277,970106,1909,44.2919194023125
"18105","Monroe","IN",2021,329551,38.6437765322626,697962,443413,180505,379461,34101,10.9726960491389,16.8272536620498,756609,2402,38.8104063947685
"18143","Scott","IN",2021,981946,36.303164656274,852561,202180,15672,187042,91039,6.38315901276655,14.318261006847,553265,1310,59.1487453458831
"18119","Owen","IN",2021,135197,49.5092753600329,312949,20355,267476,307218,33286,27.1488384937402,15.7936644041911,835700,2803,34.9045972595923
"18023","Clinton","IN",2021,674557,42.7980017429218,158910,413281,41818,164891,83438,11.7730045644566,0.729101593606174,529728,1876,40.4955090978183
"47099","Lawrence","TN",2021,564196,33.7935551209375,314047,304691,290344,233428,39849,29.8669717460871,28.3352225250565,742331,550,29.3840781226754
"47067","Hancock","TN",2021,396987,38.4560719365254,449997,346942,126289,213569,45133,12.0738276059274,13.3171390648931,524996,1358,10.540154252667
"05115","Pope","AR",2021,398931,43.9512411458418,694570,252834,38824,335725,47524,12.2504553711042,3.72638036264107,368974,678,56.7547207255848
"05079","Lincoln","AR",2021,713714,44.0593890845776,412811,216127,7944,107706,41929,8.33620554301888,25.9624067880213,872704,2706,14.5232035219669
"05051","Garland","AR",2021,783988,35.5957941850647,303118,76122,217133,361246,65448,11.9323610223364,20.9139304677956,224696,2587,34.5168639230542
"27035","Crow Wing","MN",2021,797898,44.328336538747,185993,234079,198794,86820,84714,16.3350861764047,12.7894911286421,575788,797,31.4279134757817
"27109","Olmsted","MN",2021,394079,40.7492387946695,397362,101592,18063,335647,86873,24.0168934233952,1.7353536374867,819193,2499,32.1181705710478
"27147","Steele","MN",2021,505785,34.8407651856542,69400,379743,288509,222428,57766,21.1410302855074,3.37975712260231,512199,1319,36.6815033508465
"18145","Shelby","IN",2021,819940,45.3168657934293,176449,188249,267992,142991,58950,5.49951183027588,2.37226208439097,198902,983,31.1272892309353
"18045","Fountain","IN",2021,720567,48.6870931554586,557194,475778,287998,72334,57756,16.3596491690259,1.20885217096657,278900,2976,20.5807936750352
"18149","Starke","IN",2021,657976,46.3493652408943,637877,45523,70440,64767,31446,16.0248488024808,28.8922971440479,914414,1208,20.3706800262444
"47011","Bradley","TN",2021,849717,37.1342617273331,76643,79075,192542,179653,51078,11.065010902239,8.8486072816886,565384,1536,27.4869628390297
"35023","Hidalgo","NM",2021,19434,36.675023837015,689406,278879,261813,23983,43635,13.3016481308732,23.317675483413,152057,1430,32.8048065444455
"48295","Lipscomb","TX",2021,565649,46.7492698691785,61931,60269,129169,280894,34087,13.4995861107018,26.8522720201872,114410,2786,57.6150259142742
"05123","St. Francis","AR",2021,908159,46.8493400095031,111699,293224,190501,263503,87901,5.58201958308928,20.016236489173,846289,693,24.1497129574418
"06105","Trinity","CA",2021,584604,48.4942191280425,145116,141216,202272,362350,67009,28.9258045505267,9.25048258854076,132580,2035,18.2829393795691
"08095","Phillips","CO",2021,649474,48.0143972253427,619441,307297,69847,362678,48468,29.944393185433,1.09991319011897,189201,564,51.2479989463463
"08125","Yuma","CO",2021,94193,43.4557847911492,122728,165848,264101,80753,36099,6.12690678797662,9.98154380824417,171951,587,45.436285007745
"08047","Gilpin","CO",2021,167446,49.0064959740266,403704,256069,108373,19528,62029,25.1504234399181,6.59303113818169,779399,2361,52.0610554749146
"27019","Carver","MN",2021,84633,34.2781376140192,560495,385763,121730,61037,44718,26.035114681581,26.4744818327017,596067,1870,28.2990025961772
"27083","Lyon","MN",2021,36918,45.341391232796,36957,79994,123442,278933,77834,16.3668982172385,11.8729625176638,482911,2591,32.7291569462977
"27161","Waseca","MN",2021,589348,31.1885741120204,819160,384250,221689,339855,72731,17.7282771689352,25.7584411231801,379634,659,35.6914644967765
"18115","Ohio","IN",2021,437276,34.2667011031881,874723,283718,130200,124233,48031,27.8999270824715,27.6361484918743,279712,1528,16.3519713352434
"19093","Ida","IA",2021,967413,49.542221063748,564835,451587,113146,128420,65832,27.7981476346031,9.45905457017943,559411,2562,15.6604473735206
"19067","Floyd","IA",2021,591375,39.5842708880082,690384,52446,272490,38334,42363,14.6495377714746,20.5041508655995,907768,2390,15.6235891766846
"19165","Shelby","IA",2021,720328,45.9789374889806,861493,50144,15391,173841,94206,26.1019320704509,19.510990746785,138258,672,17.1086305426434
"48421","Sherman","TX",2021,211002,38.4003268089145,218392,425988,257589,57103,57155,28.227067256812,1.77766154520214,991742,2495,23.2168539101258
"48357","Ochiltree","TX",2021,544842,30.8763250196353,349649,334191,27551,374902,89012,25.1605615729932,19.8247872269712,357395,1791,54.2291680374183
"48087","Collingsworth","TX",2021,746878,42.9523656377569,121647,302749,167935,345097,76869,26.1892044055276,5.42412145994604,917043,2740,18.5202941787429
"48495","Winkler","TX",2021,624313,43.0696314107627,578262,76750,139068,294736,45180,24.0334207552951,14.8531927680597,587617,1807,36.0213217698038
"48501","Yoakum","TX",2021,420826,43.5336777940392,748407,320639,122019,309458,72223,13.1099206348881,4.75042666308582,343723,821,42.4915517005138
"08073","Lincoln","CO",2021,850515,36.7789046885446,477194,316263,198873,125979,40427,28.5945685359184,11.4817345049232,679794,1262,10.9269091649912
"08025","Crowley","CO",2021,893463,44.7166684083641,748941,270196,239296,276522,63098,27.1336707298178,25.6344639742747,327300,638,54.9655631673522
"08079","Mineral","CO",2021,253993,48.2102544885129,470095,395704,41483,187456,80359,14.1941814229358,14.736347857397,481569,2995,32.3851230810396
"27009","Benton","MN",2021,819440,33.965118676424,399832,405911,55470,385845,56440,18.3071217685938,9.33701311703771,435983,1755,51.0653796978295
"27079","Le Sueur","MN",2021,55335,44.6449995739385,251865,246679,132169,133294,99735,22.3543613753282,28.43265657546,735915,663,45.1963675580919
"19141","O'Brien","IA",2021,873272,35.5745489709079,242644,284727,31912,297850,48418,21.8042137578595,27.6844547200017,154243,1045,43.7957749492489
"19169","Story","IA",2021,449475,47.3440735088661,743204,224811,7392,67095,46982,12.941509160446,15.8386414521374,582331,947,24.1680170199834
"19099","Jasper","IA",2021,196955,30.8396721072495,508472,22396,23334,285851,32699,20.0914597848896,1.27003592206165,726901,1924,46.3922147196718
"19183","Washington","IA",2021,338152,47.0428909687325,871653,60333,224035,252244,37993,11.0341775941197,26.2329889275134,973923,1197,30.3643920482136
"19065","Fayette","IA",2021,811883,36.7856751428917,489324,468249,92586,287559,82206,26.8577215971891,9.91090309806168,854691,2778,42.2807246819139
"49009","Daggett","UT",2021,744135,40.4680748935789,597375,418141,12015,303508,83671,15.1822806173004,7.53205128014088,631061,1418,53.2035931851715
"12019","Clay","FL",2021,225550,32.0116133010015,370480,298256,110118,22898,53701,17.6531997928396,19.9310694867745,637811,847,12.4638864677399
"13057","Cherokee","GA",2021,738684,45.8475953666493,274006,16627,111030,233740,97525,15.9652608225588,11.8587681767531,711562,2575,26.4076482295059
"41037","Lake","OR",2021,543404,35.1259632175788,300142,110741,201437,297586,59351,21.6605012433138,1.20015095919371,646918,2402,33.388531152159
"37005","Alleghany","NC",2021,366368,30.8131796959788,831890,118091,176216,291074,81131,15.2988074300811,20.8503188635223,767044,998,41.9100711029023
"38021","Dickey","ND",2021,82085,46.2076745741069,351010,76478,128590,139254,53078,25.820984285092,24.9634514632635,745851,2103,49.9923693970777
"19003","Adams","IA",2021,115006,37.4953072471544,82705,350986,186868,42060,40398,7.36883471952751,4.36757100513205,373477,1779,25.3146600816399
"19137","Montgomery","IA",2021,594987,48.2363302074373,343457,77610,295094,9033,32687,17.778822000837,19.7259633871727,336172,2371,20.5434866272844
"19173","Taylor","IA",2021,761966,47.786992113106,576943,30099,277622,299317,84524,26.8074535776395,15.774246181827,763804,2820,41.7758784280159
"19079","Hamilton","IA",2021,496733,38.5311215138063,637329,460203,141350,125114,38293,15.0907833897509,12.5137714203447,227005,2364,25.5374703579582
"20155","Reno","KS",2021,564526,34.3360947165638,747657,440183,179876,221259,38097,26.3018754438963,16.3781243842095,104084,568,55.385613408871
"50025","Windham","VT",2021,887077,41.9143721275032,650086,190577,282034,14747,30955,17.0934669510461,3.59931343467906,959327,2542,17.0623973850161
"13017","Ben Hill","GA",2021,760636,46.9967258535326,695310,121230,219323,319255,79056,7.94437273987569,21.3628613878973,367874,1871,38.5799835110083
"13233","Polk","GA",2021,820647,42.3917210381478,571999,5967,180797,303741,78161,28.3052510826383,0.133655320387334,249472,2832,38.2638580771163
"38001","Adams","ND",2021,696150,44.2413120949641,387758,47383,181058,312520,81993,19.1333013947587,23.6207195185125,318194,975,11.7840058193542
"38011","Bowman","ND",2021,491618,31.7194995563477,67386,15339,133771,221705,74984,15.7798705692403,21.816584514454,989410,2142,47.1199469896965
"38023","Divide","ND",2021,513298,42.7124627260491,297350,291249,139263,112734,92860,20.2829125639983,15.007732193917,663428,610,41.6062827478163
"20015","Butler","KS",2021,133877,45.0532634649426,388747,406452,251101,309337,99938,18.4237386810128,2.90995941963047,561042,872,57.0948915113695
"20051","Ellis","KS",2021,173355,49.5902010938153,415326,493122,3793,170491,94658,13.1620520912111,22.8376864688471,909447,2057,28.8158801291138
"20053","Ellsworth","KS",2021,225433,32.1431436715648,513357,465397,17471,229544,43700,15.631985712098,28.9345546765253,672819,666,29.08084632596
"20029","Cloud","KS",2021,458699,33.9711396722123,803358,44003,90228,76866,73829,25.9104503039271,0.125488447956741,664069,684,25.4947435832582
"50021","Rutland","VT",2021,597395,40.6089413492009,349528,495864,253937,314102,82503,24.6695337595884,18.7551868613809,703656,710,30.4765079775825
"13067","Cobb","GA",2021,332955,38.4032245585695,194278,471975,80260,368858,38343,16.6907940653618,8.39860175270587,220964,2448,13.9082135306671
"13235","Pulaski","GA",2021,316512,41.3121761055663,762703,78173,240817,110898,89108,19.6165606973227,1.11140740569681,222263,1286,51.3542922586203
"48399","Runnels","TX",2021,561239,44.3647913448513,124281,168860,236085,374081,96658,16.5699118352495,16.4647847064771,390940,1280,31.5110253891908
"13085","Dawson","GA",2021,886636,37.3742119222879,677700,496949,77785,113072,95832,24.9610139185097,16.4182099280879,517352,1653,31.1264136130922
"13293","Upson","GA",2021,256881,49.8734599351883,879874,2919,202048,112501,82388,13.2141063350718,14.6848274557851,231037,2483,57.8031588485464
"20085","Jackson","KS",2021,423699,30.5009451275691,857420,222836,25456,70002,30246,28.6984187329654,12.2966123744845,641924,2018,34.6514190803282
"20177","Shawnee","KS",2021,41471,38.6548111168668,542429,350633,249987,170263,64479,22.9630595201161,10.1215446623974,361515,2380,45.3157552191988
"20049","Elk","KS",2021,331210,38.8994049327448,252512,81469,137806,278739,47584,17.3052949027624,26.4572221180424,660353,2472,14.1381978662685
"20139","Osage","KS",2021,836650,43.71133713983,297898,155386,27021,343181,77104,13.2365155045409,13.4882311080582,993241,1143,14.1345177101903
"50017","Orange","VT",2021,310931,34.4720814796165,241628,120783,106892,11412,31791,8.85263219359331,29.7437497135252,186122,2774,36.0686171473935
"51650","Hampton","VA",2021,401733,47.3648248147219,203487,141929,279573,33014,72957,12.6548395096324,25.6169330491684,153971,695,30.4154900740832
"48363","Palo Pinto","TX",2021,537738,44.6080873766914,455652,62806,30529,173793,43772,28.99119057809,15.2358370204456,966075,2007,29.3085454287939
"48237","Jack","TX",2021,498269,44.6338241733611,44802,329792,185506,81932,46643,21.1511716549285,11.8214320996776,863505,1096,18.8704973342828
"48279","Lamb","TX",2021,880522,41.697466885671,770957,429633,61234,275173,38868,5.16273513901979,27.8813756117597,896901,1975,55.4417236149311
"48255","Karnes","TX",2021,802575,37.6298929797485,218363,357916,141190,44656,75327,6.38806675095111,4.58163092611358,269668,1668,38.0926172505133
"48081","Coke","TX",2021,583162,46.3497432367876,799542,84103,128962,77184,97309,26.6461594158318,18.1876559299417,278366,2605,40.7663196348585
"48297","Live Oak","TX",2021,264937,33.3815370779485,777443,127005,70517,338535,80629,5.64573585987091,8.5929808113724,990520,513,27.4373805522919
"13015","Bartow","GA",2021,72005,32.6788897113875,283929,436745,145716,385689,83593,9.23856681445614,15.4992553847842,657019,1122,41.6714749904349
"13177","Lee","GA",2021,531588,45.723419431597,461782,456410,166208,282043,38474,6.00248567759991,9.04182083671913,624522,897,26.2241669604555
"20115","Marion","KS",2021,902443,38.2192053645849,203486,362244,48803,330510,34766,21.6782825661357,14.5962119917385,767449,2773,20.5480315163732
"20057","Ford","KS",2021,652928,45.3818291518837,198602,198109,198484,311347,47722,20.4785004735459,24.4021990802139,993180,953,12.0827923202887
"20189","Stevens","KS",2021,800877,40.5616457760334,803008,125811,15305,27405,31246,10.972029507393,23.3966025919653,265712,2906,14.5252345502377
"20159","Rice","KS",2021,488618,34.1665244987234,146948,163425,188451,41544,84243,26.8328087241389,1.23543219873682,704702,672,22.9501458373852
"20151","Pratt","KS",2021,577970,31.1536041274667,348926,109369,221422,356849,36963,27.9994129156694,10.1844507548958,984591,2514,38.5238084965385
"51710","Norfolk","VA",2021,577044,33.9131977502257,382660,362405,98052,162733,90574,11.3052839541342,22.4584989272989,212147,534,12.7797079295851
"51810","Virginia Beach","VA",2021,692139,37.4774130480364,144259,397612,102029,42410,43485,15.1203327649273,11.7406577244401,910646,1452,44.2348087928258
"51013","Arlington","VA",2021,131869,35.2242325944826,483642,251354,89980,102395,59444,24.4837259594351,25.8744291868061,734214,1802,37.6302433339879
"48191","Hall","TX",2021,799355,30.3788435552269,46652,204766,16055,299267,42169,16.3284606195521,10.0174867571332,943053,2704,59.1056856815703
"48269","King","TX",2021,40148,41.862715431489,677588,115555,157407,82458,49152,8.14571630442515,12.6632264675573,221037,1023,25.327878575772
"48171","Gillespie","TX",2021,254387,36.5421233838424,614823,263465,202517,152093,98767,14.5346269314177,11.9741179654375,211427,1135,56.2174267158844
"48435","Sutton","TX",2021,336009,34.9357601348311,746614,499404,231998,188933,67830,11.8168116908055,14.8641311237589,498225,1141,41.5311229438521
"48159","Franklin","TX",2021,744294,33.594734291546,435371,392422,152754,286490,78644,5.28465907671489,12.8154243668541,253042,2429,14.1627005324699
"13273","Terrell","GA",2021,328833,43.7354887556285,505490,89567,223752,25361,62367,18.6448258068413,25.7689914177172,698702,2406,42.0160196628422
"13249","Schley","GA",2021,936897,41.00787459407,785846,238889,31436,55250,32505,25.3384086722508,15.5430447380058,990116,1247,25.5774567392655
"13277","Tift","GA",2021,326248,47.4253523210064,869918,209176,192186,85619,99407,13.3817253645975,19.9962974013761,522619,2960,47.6282856916077
"20061","Geary","KS",2021,10879,45.8183492533863,812363,293210,103625,26927,79748,5.75945595744997,15.8839526376687,555851,2813,16.9449462112971
"20193","Thomas","KS",2021,926021,48.1071074260399,861110,387663,150136,273949,51554,19.2849947384093,25.0119000161067,453034,2590,37.617951866705
"20143","Ottawa","KS",2021,712099,33.3092280104756,857780,485137,156877,188765,81195,28.7224337994121,20.8522138092667,127449,1515,21.8181358790025
"20205","Wilson","KS",2021,495142,33.0483255302534,841495,346351,223634,375197,84428,20.3917370713316,10.3321391134523,609071,1018,40.1492817583494
"20109","Logan","KS",2021,375763,48.3813505712897,246664,19506,269252,292072,88729,17.7596123260446,21.6712674312294,668077,784,52.0447713811882
"51550","Chesapeake","VA",2021,96992,30.297582661733,644655,242146,130750,62517,76191,8.02729571121745,22.3161966539919,207808,1395,32.8372600744478
"53039","Klickitat","WA",2021,841900,32.6971729146317,565399,119571,62712,269008,92021,25.7901186018717,7.40321519086137,110705,1081,55.3624454676174
"53069","Wahkiakum","WA",2021,561039,46.5670940699056,553917,409332,180020,55994,80657,23.6559479043353,25.7181620132178,713811,1524,51.7310440563597
"48131","Duval","TX",2021,67572,35.9217122709379,585756,125367,117210,176301,35039,28.0336329259444,5.55232087383047,448517,2469,56.2685517035425
"48283","La Salle","TX",2021,79270,46.3674486940727,86788,243694,298578,392795,98322,20.5044761428144,13.2747954502702,639880,1799,10.123195303604
"48429","Stephens","TX",2021,616183,41.006947341375,379714,131958,15994,163984,44604,14.2003662954085,27.9506249330007,701904,1492,12.7938254643232
"48503","Young","TX",2021,347103,47.7522832620889,496073,341333,48928,284707,69086,23.4718078526203,2.7842923742719,309356,2896,11.1980465613306
"48195","Hansford","TX",2021,70525,48.5732857137918,78096,302467,145054,2749,57230,17.1180321963038,9.50302165467292,801354,1231,34.0035943570547
"48023","Baylor","TX",2021,167256,36.253735171631,437844,306148,225876,328136,91076,23.0138744297437,15.3936025151052,262694,2017,59.0955151151866
"48127","Dimmit","TX",2021,42554,34.252580627799,417171,16921,74257,221390,58029,14.9204283149447,25.215989544522,991053,2036,22.1316010016017
"48169","Garza","TX",2021,21276,39.3322167778388,74981,105415,45141,216461,84286,8.94561183056794,25.4475119733252,445262,1707,39.6046404517256
"13255","Spalding","GA",2021,257576,35.4435102269053,169746,326603,31368,137927,45005,16.755030445056,22.4221438053064,570938,1760,22.1514346799813
"13165","Jenkins","GA",2021,19975,42.4214869830757,392569,313392,109252,73426,42133,27.6209985266905,3.20332765812054,608089,1889,12.3009963100776
"20067","Grant","KS",2021,236808,41.2239202484488,232960,78961,205216,8683,51386,21.4901924668811,9.63322493713349,769021,1843,25.924138808623
"20199","Wallace","KS",2021,478791,30.3482949221507,701489,67887,225036,252342,38174,10.1953471498564,22.6032194774598,303505,734,42.2354395757429
"20033","Comanche","KS",2021,997371,40.1793528627604,779159,345755,115428,51476,64817,26.8578930478543,25.6332670035772,840013,1802,50.6738656223752
"20101","Lane","KS",2021,273407,30.0948928901926,484454,36336,241761,264955,46383,28.4133231802844,25.5367190740071,321566,1896,51.1957295844331
"21157","Marshall","KY",2021,728229,32.9347845865414,570103,81947,292658,293308,80339,25.2088959456887,4.44623774383217,843623,1565,54.3609708221629
"21083","Graves","KY",2021,212924,33.5375480726361,192162,441472,95706,301722,35349,28.788027378032,20.0184600194916,897019,1984,36.7714499961585
"21049","Clark","KY",2021,735049,33.45702460967,252357,255420,106134,300644,37508,16.0435590962879,20.398103389889,815041,1610,19.8489290103316
"53051","Pend Oreille","WA",2021,189173,42.9460947588086,782517,99184,252574,351047,52879,24.0312738995999,7.25421507842839,101663,1994,12.2155168931931
"54053","Mason","WV",2021,652972,40.4817559290677,283347,18656,158431,398485,35061,22.7534660848323,7.14163386728615,627365,663,15.3382674232125
"48137","Edwards","TX",2021,131887,47.8625762369484,104806,311371,155378,44083,49300,25.8971345797181,7.96508406288922,715314,1036,24.4425125210546
"48095","Concho","TX",2021,142889,39.2854460980743,249944,94430,82185,358648,77753,10.450189684052,0.485028375405818,763312,2118,31.794345008675
"21193","Perry","KY",2021,534840,44.1382254799828,50757,150990,13293,394129,90134,6.58955307560973,22.7893397212029,606037,1662,42.6951687224209
"21229","Washington","KY",2021,376220,37.2504893830046,760533,367160,241971,8987,58599,18.7483187951148,24.6182127879001,184979,2264,49.1099578118883
"13193","Macon","GA",2021,608318,32.3953802138567,24206,447547,171418,207409,92377,18.9760418795049,2.15518521610647,885708,1372,31.9719854532741
"13175","Laurens","GA",2021,64023,34.0179029386491,411238,311489,223067,234772,36369,11.6879856633022,26.4428370329551,531597,2983,14.5265404158272
"21087","Green","KY",2021,379587,33.8751910813153,761875,365388,13542,197393,67513,28.9398534409702,1.98948845732957,966004,2178,35.4920402541757
"45033","Dillon","SC",2021,867480,45.6211233371869,330546,397760,172131,186444,43404,29.6765502903145,7.76819681050256,159416,2014,15.9587049880065
"54035","Jackson","WV",2021,631280,42.2085846215487,20335,262730,147602,69142,67323,24.2957906634547,8.69805514113978,531050,1054,33.569698818028
"54051","Marshall","WV",2021,652209,38.8488368876278,190991,157570,296781,279970,71157,23.56680320343,12.6370098092593,992033,938,58.4133543213829
"21137","Lincoln","KY",2021,897233,35.6463350309059,7620,34397,77597,285452,88006,29.873642087914,8.25454565696418,991496,1186,19.7444943501614
"21065","Estill","KY",2021,154931,44.0074813645333,338856,3773,138214,295165,31033,5.44047157862224,25.0883462210186,561570,1126,48.2770305266604
"21129","Lee","KY",2021,455660,49.1426291316748,805849,271251,141543,284465,66632,12.511591387447,5.02412010915577,271636,1883,45.86742549669
"13257","Stephens","GA",2021,448189,47.1440657414496,378835,312918,36577,124220,94254,28.3293845667504,19.6620163181797,425364,2448,17.986844482366
"13005","Bacon","GA",2021,560688,36.8929179012775,839039,159702,180173,369398,70938,19.44456622703,23.6278043990023,962050,1664,33.6728952499107
"46135","Yankton","SD",2021,269634,33.1799072260037,892186,318498,180664,194449,66541,16.775264213793,29.7902428591624,230994,2607,11.1331079644151
"46099","Minnehaha","SD",2021,61082,45.5421315785497,299300,2623,210209,229864,57745,24.6986531780567,23.7013833923265,408562,537,36.2563781463541
"46027","Clay","SD",2021,676775,33.6817406211048,173891,232223,248173,348859,47943,25.4975023400038,0.865706945769489,152403,2943,28.3509121532552
"54055","Mercer","WV",2021,23514,42.9576684162021,753204,172866,297905,57347,58654,12.4813295039348,21.1658051912673,655067,2556,45.9941656352021
"54069","Ohio","WV",2021,553596,46.2128033861518,857479,112741,55929,20044,33667,27.9496790736448,25.0332708936185,464068,671,27.9546160274185
"22049","Jackson","LA",2021,716356,47.0373638952151,14980,360477,192314,245041,98433,10.7678118580952,8.93248071195558,926154,2775,22.8641901654191
"22093","St. James","LA",2021,460593,36.7397296801209,846187,473576,32495,290915,43172,17.6766900299117,26.2779091810808,754242,1003,42.5939098373055
"23001","Androscoggin","ME",2021,883232,33.5830681445077,673258,67010,92110,270009,86056,21.2337475107051,4.68327407492325,933525,1645,18.6327556404285
"13161","Jeff Davis","GA",2021,624395,46.7906350735575,168855,298973,66126,88335,84581,9.27279471768998,22.9560017958283,813650,1037,18.232434396632
"13065","Clinch","GA",2021,525194,48.7696420541033,73892,254053,90281,199092,79895,5.70290158037096,9.48482644278556,766450,873,27.6128165330738
"46053","Gregory","SD",2021,710487,34.5706756785512,164688,158256,122638,25489,92386,12.0932678761892,15.9237539791502,307971,1055,47.4723020358942
"46039","Deuel","SD",2021,793693,42.57628608495,265315,248038,136652,171051,30748,22.0190309931058,27.1143558318727,144411,613,44.950154798571
"46101","Moody","SD",2021,502954,32.6923127891496,385614,248332,277810,357368,80943,14.7717030846979,10.2295165741816,675032,2509,38.1549343140796
"54029","Hancock","WV",2021,149096,42.0573247689754,835979,424080,94616,371532,69062,24.4879874354228,4.72216681111604,576498,2359,57.4823052529246
"55127","Walworth","WI",2021,859773,45.1961758034304,688171,352918,72587,367680,80211,24.2162438062951,28.378684502095,119462,1438,26.7540494352579
"23011","Kennebec","ME",2021,694729,38.7630678899586,895113,136925,227385,42618,97804,28.8092763465829,3.16247403854504,251415,2254,32.8041985421441
"26087","Lapeer","MI",2021,905249,38.7402468174696,558650,152394,125396,151871,59143,7.37032460863702,13.587418156676,662784,2810,55.2555838506669
"16045","Gem","ID",2021,377558,44.746420821175,305709,261499,83389,30929,42852,28.6546356405597,11.5385466185398,817572,1599,59.5684867608361
"17053","Ford","IL",2021,971312,39.2443472659215,266197,450584,99842,370004,56292,9.21427101246081,17.3122501792386,380830,1359,22.5304483808577
"46109","Roberts","SD",2021,626560,35.268710651435,30348,417271,250101,309604,52633,27.7586692431942,1.94382030051202,387671,2188,41.7035301704891
"46091","Marshall","SD",2021,660464,39.2891687201336,11306,282238,287812,82314,83327,7.36478961887769,8.08185982285067,114251,727,54.8782454710454
"55093","Pierce","WI",2021,667521,40.3770010359585,318019,130473,246026,339254,94992,12.3995710292365,10.3696853248402,786096,1851,39.1432037600316
"55063","La Crosse","WI",2021,109109,30.9106600703672,359100,413223,292916,166431,51834,28.2768936548382,29.9752142932266,706872,861,54.7448320686817
"27003","Anoka","MN",2021,568835,42.1464411634952,648718,362714,195936,32697,56646,29.4974391302094,15.0923179462552,781458,2481,22.3572381329723
"27123","Ramsey","MN",2021,707082,42.9446909157559,565314,75411,105448,47881,71040,19.3724703928456,28.7187619227916,765817,1172,10.2908974420279
"17169","Schuyler","IL",2021,138653,40.9101628977805,299679,50642,146613,280458,56477,24.7827420604881,0.102195390500128,519514,1276,12.8729468118399
"17035","Cumberland","IL",2021,968249,44.271525926888,164873,67811,185434,275943,95693,15.7972966216039,7.02560025500134,196625,796,28.5965504148044
"18107","Montgomery","IN",2021,100583,33.2122124824673,308374,124187,123937,136175,67983,5.69187968038023,1.58867809921503,563770,1525,47.3190793558024
"18103","Miami","IN",2021,939147,33.2377488492057,589339,206169,64719,38542,86917,29.7686452057678,18.5092876106501,942774,2590,38.5330676590092
"46102","Oglala Lakota","SD",2021,407886,49.4785451283678,236603,290121,159720,173392,95003,19.3218703335151,8.11263771727681,172969,2314,22.0802197954617
"46019","Butte","SD",2021,690483,39.5479512540624,96325,491706,106086,71375,75347,19.0783167385962,27.6443283841945,683807,2220,38.3730669412762
"55061","Kewaunee","WI",2021,709492,38.9798618014902,848165,439928,49288,356146,58965,24.6501372731291,16.6055783140473,416759,2736,39.1839231038466
"55065","Lafayette","WI",2021,285862,41.9990366604179,467356,82418,33852,323364,37632,8.13813784741797,3.23186487425119,555509,2441,57.9150185594335
"56011","Crook","WY",2021,591529,37.6859956141561,604217,218834,253745,364268,78737,8.6965180945117,16.0899649956264,500311,2822,37.7312954422086
"56005","Campbell","WY",2021,864797,37.4826435698196,209733,170255,294502,275984,80773,26.3694598176517,1.09978366876021,234584,1788,47.4754172167741
"27111","Otter Tail","MN",2021,217452,48.9066618587822,654159,344821,98957,70153,97743,17.627239379799,22.6994883525185,562196,2427,51.505283897277
"27141","Sherburne","MN",2021,317879,33.9792748447508,85724,438311,247453,42897,84302,24.9248345103115,11.8871829123236,295306,2151,59.9747697031125
"18179","Wells","IN",2021,103268,39.4586418382823,766123,445617,284190,71789,31672,20.0268198573031,11.3192331232131,653786,1188,15.4486753768288
"18063","Hendricks","IN",2021,397793,45.7073734654114,758794,300760,211730,22598,41941,29.0831880422775,21.60301432712,827991,1352,12.598486864008
"18035","Delaware","IN",2021,375860,31.0448723006994,363866,261781,219763,375,88304,14.4430587545503,12.7820087922737,979273,2607,48.6663840268739
"18005","Bartholomew","IN",2021,883682,42.6092200586572,385187,52128,286424,112225,95424,26.7915557615925,17.4551989417523,718625,670,53.1713991099969
"18021","Clay","IN",2021,686612,35.702238692902,752195,52114,27613,346091,37625,13.5942654928658,9.46025416022167,424959,876,12.408051432576
"47069","Hardeman","TN",2021,476371,41.0487134801224,22706,334081,136607,136727,40522,21.0966427647509,18.7216084264219,689853,2497,10.8526343270205
"47103","Lincoln","TN",2021,407421,42.6600484503433,139250,68810,244945,261702,49189,20.4200915771071,12.1249847486615,916951,2286,51.9241449795663
"02230","Skagway","AK",2021,89239,47.9018300957978,210391,242965,42930,142161,79669,7.81935456441715,3.72210026253015,981382,1950,39.190763423685
"05059","Hot Spring","AR",2021,562205,48.4966348484159,884775,237005,129712,286606,98043,18.4184694557916,9.25519864540547,428122,1170,37.8208486735821
"05105","Perry","AR",2021,150767,33.2787577901036,25070,140406,20711,154987,79261,9.0740427444689,26.5369731117971,936106,1895,14.3693701387383
"22027","Claiborne","LA",2021,19010,37.1537295822054,538259,47022,182324,213883,82393,9.77841184474528,19.9998036073521,422746,791,40.8039279538207
"23009","Hancock","ME",2021,618083,35.3901320789009,835531,297981,150814,169933,49529,28.1842246488668,10.8112837630324,778876,1271,39.1780964820646
"23029","Washington","ME",2021,955513,43.1287122610956,895763,89860,13730,140124,73754,7.60356091312133,13.6040253471583,496116,2469,42.6180446660146
"02150","Kodiak Island","AK",2021,433134,46.7597675975412,720875,433993,114992,321183,34461,16.4631722157355,5.77788016526029,949251,2746,42.8135556192137
"24041","Talbot","MD",2021,418453,48.9266292145476,320251,205619,117044,83796,87053,18.8798242784105,27.3730309400707,991750,1476,37.9178648721427
"24045","Wicomico","MD",2021,591480,43.0860430141911,690092,486429,89295,394330,84017,25.4203242785297,28.9748128107749,132933,1087,56.4113264810294
"24003","Anne Arundel","MD",2021,576393,31.5165678365156,17457,336686,84615,280836,64955,15.1539838884491,13.038832268212,444371,1674,54.0368231269531
"01045","Dale","AL",2021,159661,44.2390471929684,799786,305841,113912,567,77660,16.4279600791633,25.0287001230754,976692,2722,10.151048542466
"01105","Perry","AL",2021,638565,31.0577510809526,274651,405468,259100,298984,31731,12.1198636316694,6.36089213658124,976405,1486,46.7247061571106
"17143","Peoria","IL",2021,756469,38.8569748494774,507876,176383,171803,241656,34002,21.3922928157263,14.8130278335884,385694,1588,10.490313093178
"17071","Henderson","IL",2021,124975,36.9189738156274,503835,241503,154998,38508,42482,25.9107214875985,13.7578846584074,996500,663,38.5771727911197
"19043","Clayton","IA",2021,535335,37.7686472050846,618352,454524,191623,10229,98181,14.4163334986661,12.376095992513,493752,642,12.148845884949
"18113","Noble","IN",2021,159414,43.4155047079548,235122,59471,149474,210874,69697,13.3187117590569,16.4545079902746,266776,762,48.4097288362682
"19191","Winneshiek","IA",2021,258350,46.5857488848269,25386,1279,26370,375766,87015,5.03731572069228,27.2581377555616,541664,2415,16.8334760144353
"24510","Baltimore","MD",2021,419856,35.8474938524887,429167,127530,215069,331071,36029,14.1256988816895,17.8606989537366,143026,1698,19.3740440439433
"02060","Bristol Bay","AK",2021,495032,45.8271692786366,355225,202472,34403,51664,84900,11.8466874712612,23.2357749436051,536142,2804,45.9948010183871
"01031","Coffee","AL",2021,567856,43.6921062413603,529997,253692,96188,318170,81392,8.07008371455595,6.48841149872169,519849,1723,37.2550642373972
"01011","Bullock","AL",2021,944912,39.8010076582432,529249,106704,212921,50614,88806,25.3073736047372,17.1386613347568,748659,2115,56.3524335762486
"31083","Harlan","NE",2021,812373,31.8818272370845,849493,335874,246948,11842,99039,24.4419041799847,4.29735167417675,430832,1274,23.3089808630757
"31147","Richardson","NE",2021,9055,31.7697053682059,165100,308254,169778,279629,35045,25.6346487859264,10.991067183204,684044,2359,27.6049139816314
"17193","White","IL",2021,529787,37.477096747607,287886,343643,197056,47122,83956,14.2006517574191,27.3030350427143,452657,1531,55.486789860297
"17011","Bureau","IL",2021,666008,42.8761667665094,832326,295445,188235,187834,34507,17.9330591065809,23.4098272933625,304842,2217,33.6889826366678
"19129","Mills","IA",2021,275325,46.0688388673589,224818,73607,104801,81048,94224,24.3489158002194,6.44191975705326,122130,2700,24.1720945714042
"18079","Jennings","IN",2021,649945,46.0314310016111,140875,294319,60072,164666,82538,10.1018870726693,21.7708411230706,890743,2709,24.1217349562794
"26093","Livingston","MI",2021,106292,42.1354370564222,8874,80736,260767,37916,61312,28.2752256619278,7.65781703637913,686496,1945,43.5752527811565
"26043","Dickinson","MI",2021,647038,47.7864565700293,272023,39726,79717,243369,44626,6.03401420055889,20.3354842378758,275351,1451,41.4365136786364
"26001","Alcona","MI",2021,697263,31.8176593305543,825468,80096,98242,115785,48577,9.07404800644144,13.5326766595244,202168,2296,12.8537259204313
"31153","Sarpy","NE",2021,611954,34.3270169990137,421384,422060,263263,253787,57658,9.00871401652694,17.2028302308172,420121,1814,40.8329289662652
"31161","Sheridan","NE",2021,485067,43.9039967535064,651719,213916,270170,358365,90037,16.7187563679181,13.5565156792291,281014,895,39.1401698021218
"17025","Clay","IL",2021,577782,39.0786529798061,582443,345565,266854,345036,96580,22.4475908919703,18.703474716749,919486,761,22.8990519559011
"16071","Oneida","ID",2021,998873,39.542271355167,864735,317224,106926,197495,58223,22.573663481744,21.5511670592241,879197,945,21.94647900993
"18095","Madison","IN",2021,105029,30.1639906875789,104953,115769,197705,132550,75028,20.0818634836469,16.314448309131,912730,1354,42.7404307085089
"20103","Leavenworth","KS",2021,282373,42.0197889860719,848410,100599,239300,181415,78020,11.7509724525735,14.6801297622733,731438,2182,22.684203137178
"26031","Cheboygan","MI",2021,731691,32.842447864823,107825,174558,289045,318315,62518,28.0275245266967,18.0670536635444,597923,2234,16.6942761885002
"27063","Jackson","MN",2021,566631,38.6907419422641,309901,182182,212069,15540,99076,24.8003488068935,3.88179460773245,927269,2083,36.1674753273837
"27105","Nobles","MN",2021,4833,39.2990758270025,797781,342954,84084,220207,88085,24.6814649505541,25.8653904986568,924247,1220,14.1213523596525
"33003","Carroll","NH",2021,316503,41.0913819400594,191189,224292,98038,79078,49114,20.8293969871011,21.5672233141959,577059,500,50.1256576180458
"35031","McKinley","NM",2021,465314,45.0442773709074,114284,146036,250219,258478,70390,29.8544742586091,4.2869063699618,454979,885,12.2326503065415
"16019","Bonneville","ID",2021,543359,46.6344864666462,405319,446868,35350,142637,50865,24.3090982211288,24.3004371947609,965851,2126,24.4074092037044
"17145","Perry","IL",2021,694249,39.4554514577612,71603,103166,49802,92951,42171,19.9259490601253,14.9301083106548,634916,1088,46.6733526927419
"26009","Antrim","MI",2021,116246,47.9555190913379,559203,282003,283509,248341,93305,6.02335014962591,22.6032663951628,286374,2079,19.535995265469
"20209","Wyandotte","KS",2021,446911,34.1384213976562,541351,238244,4748,156885,96958,12.2536730614956,17.2942299186252,824211,2887,50.8517845207825
"27045","Fillmore","MN",2021,507992,36.9567810045555,702766,56260,27451,133576,73286,25.042482210556,22.4599394062534,287326,2373,33.0626056552865
"27169","Winona","MN",2021,816919,37.6540567493066,359570,161515,231131,356087,90203,10.6129763659555,14.0617949073203,277802,1753,33.9492102642544
"35035","Otero","NM",2021,903844,45.2350066835061,380337,183120,110276,384538,50683,12.0788128185086,1.01154355332255,274676,630,46.6140064317733
"37045","Cleveland","NC",2021,309594,31.9713914953172,391961,108417,149798,146428,62359,29.5361110253725,16.9956044736318,247717,596,59.6928650420159
"37145","Person","NC",2021,866777,34.8184092482552,3269,207996,182624,33161,61176,6.36809861869551,10.7334591401741,147105,2017,17.3749594623223
"16055","Kootenai","ID",2021,116020,32.7921420754865,336590,418488,276420,330853,78398,5.5417121690698,1.02237447397783,175548,2083,49.7344336146489
"17203","Woodford","IL",2021,288936,36.4048075443134,245580,234302,126289,271764,66019,5.46295921783894,13.1268380954862,641150,2069,19.436500526499
"17123","Marshall","IL",2021,101109,48.5046167299151,440760,414309,19396,94707,56685,5.33442024723627,5.71783797349781,946148,744,47.9351576208137
"20121","Miami","KS",2021,312352,39.7235481021926,209864,69854,258325,275011,57726,5.533632398583,7.39572991384193,446976,1938,25.515248302836
"20183","Smith","KS",2021,761559,30.5318853305653,412257,330625,82143,175306,66370,12.3497324658092,8.44745167298242,336299,2982,54.3001932231709
"20201","Washington","KS",2021,689399,34.8269375646487,175159,398658,15933,247118,62636,29.3136217293795,19.2149295285344,775254,1930,57.744600486476
"27025","Chisago","MN",2021,697711,34.1186366602778,164956,408612,199380,380052,75845,24.1930579079781,6.56797569477931,692578,2063,57.2789740655571
"27091","Martin","MN",2021,702965,40.2867268910632,643920,406840,116259,266223,99204,21.839221335249,1.78136419504881,728492,2899,53.5880789184012
"35009","Curry","NM",2021,577681,38.371777785942,430650,449387,265502,48055,99771,13.4920362685807,7.70343974232674,796019,1711,13.4468955593184
"35029","Luna","NM",2021,992953,38.4524826193228,709355,492325,220353,306712,78558,15.9618057962507,23.3242059778422,117292,896,34.6571765979752
"36073","Orleans","NY",2021,258218,37.6037451764569,114968,81700,9822,228868,42588,14.0309188526589,10.2464993996546,662679,1583,50.064476558473
"17101","Lawrence","IL",2021,975370,49.1807540040463,642969,204500,240897,282107,97461,12.3727941024117,26.5300778439268,993977,2704,21.6855972679332
"17151","Pope","IL",2021,807004,42.0229545421898,720965,117809,172474,12049,79091,29.935655068839,22.2452237270772,287143,1853,15.1857568440028
"17131","Mercer","IL",2021,608983,36.4918281091377,880969,80134,129738,62655,68821,9.77631070534699,12.7600815938786,663006,851,33.6649426631629
"36005","Bronx","NY",2021,471869,42.0496395323426,477122,32448,181977,66351,87039,18.0459153733682,27.6417879899964,699851,906,27.7540374919772
"20019","Chautauqua","KS",2021,474662,41.1789490003139,872365,474525,271239,294527,34298,17.0218743104488,15.744738955982,253254,1417,45.6642523198389
"28059","Jackson","MS",2021,961831,33.7579952087253,205436,31527,77420,23854,75939,20.362699032994,2.81866755802184,477056,2392,51.3312370888889
"28045","Hancock","MS",2021,229731,38.4265885455534,298131,248331,99941,292515,50762,18.4039548342116,9.5815819920972,193490,1775,46.1712315818295
"37179","Union","NC",2021,549156,34.2444275505841,602794,398181,69462,199772,87755,27.4034676502924,4.1305977688171,101585,2720,36.8602762022056
"37187","Washington","NC",2021,844572,48.6028684815392,771676,274332,9401,128712,60375,24.2972648597788,7.27023713523522,332824,892,44.3240518704988
"17015","Carroll","IL",2021,780662,40.9923098888248,245929,45104,256073,210911,66603,26.8090414011385,27.5683551561087,698457,2443,21.2619893741794
"26161","Washtenaw","MI",2021,966922,39.0652956953272,211568,78997,104991,116109,67534,13.0907285853755,5.26061300653964,323824,1687,30.0696465442888
"36055","Monroe","NY",2021,592670,44.9163673166186,779408,297436,142942,385351,42798,22.0188462536316,24.3226247350685,796642,2906,53.2725898339413
"20075","Hamilton","KS",2021,639893,30.8180444687605,284733,163787,202976,90754,31322,5.2700069162529,27.9150368529372,165235,881,39.6710605500266
"36057","Montgomery","NY",2021,85272,45.5605002725497,174203,35287,99053,88319,69997,5.8915671845898,23.8997977226973,801219,2533,53.961182970088
"28113","Pike","MS",2021,891356,39.7727496922016,182841,284854,271776,343580,39020,20.6720641127322,29.1759624704719,121727,2913,41.7736542201601
"28027","Coahoma","MS",2021,127886,38.7833280861378,466978,177541,90291,383617,53263,25.7033554848749,17.8592171240598,133406,2342,22.4830898246728
"28057","Itawamba","MS",2021,161851,31.2417630571872,589247,97593,53348,65931,48116,5.7029312371742,23.26577299973,743946,747,42.344318984542
"37077","Granville","NC",2021,620254,35.8241847530007,397112,241320,180324,102996,73714,24.4154362136032,4.36090808361769,367505,1386,43.5130817606114
"37073","Gates","NC",2021,76509,30.8952547935769,407080,210688,37396,322822,52563,27.9921709746122,23.975119125098,890782,905,41.1630245647393
"18019","Clark","IN",2021,257438,42.6784814801067,388362,383259,41869,160489,55350,24.8381301248446,27.2169175744057,112835,2140,30.9319025278091
"18167","Vigo","IN",2021,741037,41.4463317068294,748346,294467,21635,32021,65403,29.169444758445,27.3573080683127,731218,1211,29.239371700678
"21145","McCracken","KY",2021,24599,32.5145423039794,411431,294894,156774,311328,88745,13.5528657538816,5.07452650694177,721286,817,47.3349708737805
"40099","Murray","OK",2021,980358,41.3178982539102,132072,136368,108608,290200,40315,27.8596861299593,27.4775873729959,711114,558,52.543951026164
"28093","Marshall","MS",2021,900144,30.7672283193097,332535,303891,143404,383983,71041,22.2355138289277,3.02791921421885,417888,1447,26.1373334820382
"28041","Greene","MS",2021,342116,44.0457909274846,884147,451376,129706,246861,98989,26.2385293969419,8.04593133972958,742075,783,15.2952078403905
"34029","Ocean","NJ",2021,935222,46.6305296961218,13888,294457,181414,311004,62787,25.216392254224,25.31322108116,752955,1076,50.0464076083153
"34025","Monmouth","NJ",2021,413445,46.8651132378727,55138,250170,131685,215331,99457,28.1050737842452,20.403457051143,849758,2627,42.0344956358895
"18097","Marion","IN",2021,712317,35.1693267794326,728385,304010,145167,7968,81809,20.443542948924,26.8800216796808,845141,2148,20.243395389989
"18077","Jefferson","IN",2021,712242,41.7017013533041,179997,10530,62920,149216,86329,18.4212006640155,15.8227194682695,466998,2905,31.8756669550203
"26081","Kent","MI",2021,563688,42.299789711833,186144,12685,184669,244857,57948,23.2397987751756,4.06600943533704,781103,1196,11.0323666967452
"40123","Pontotoc","OK",2021,419483,46.3216298492625,68701,176030,28158,154194,42009,23.3839952456765,15.0541434972547,293208,1538,14.0511475177482
"08041","El Paso","CO",2021,946970,47.8171447850764,450111,123960,45139,140678,59915,25.967372803716,22.7158351871185,215678,1283,33.3448152197525
"29145","Newton","MO",2021,650576,30.0637818919495,754666,175966,93538,341004,36537,8.88062325655483,24.9960632552393,423623,2544,45.1382402935997
"29213","Taney","MO",2021,63363,37.2839299403131,159321,146336,163806,166050,40289,19.3989428645,12.785435160622,485621,2468,31.2576335761696
"29155","Pemiscot","MO",2021,785486,38.8116223970428,114025,137458,55187,383029,85606,13.7497007800266,17.3035619594157,997286,804,17.6926325447857
"34017","Hudson","NJ",2021,427497,33.1638257205486,683758,201579,295700,34560,90876,26.8940816237591,14.4372340268455,555385,1330,25.3875488671474
"34039","Union","NJ",2021,460143,45.8423476712778,853295,445365,252190,65349,55208,28.4183672757354,11.0512763494626,820554,2685,37.9233936569653
"18171","Warren","IN",2021,815855,35.8937395736575,721318,363175,225443,44837,77279,22.4084160476923,23.7785251135938,715973,1046,48.656304741744
"26125","Oakland","MI",2021,576181,36.9373142626137,838090,224660,276987,256226,97662,28.0165571905673,29.6640382264741,794320,533,53.540660769213
"21105","Hickman","KY",2021,813122,35.9922051243484,377344,262048,231504,184028,79143,5.1487095025368,2.12506348500028,461382,1205,32.3728212877177
"36087","Rockland","NY",2021,968362,30.9123319713399,581019,157192,33792,161795,92702,8.73691158019938,8.63570867339149,566824,1494,25.9948000335135
"40109","Oklahoma","OK",2021,737751,39.4753557210788,787963,28903,193211,217325,87473,9.82345561613329,26.9911188748665,877143,2652,37.5247206911445
"29153","Ozark","MO",2021,132934,49.8987758439034,44226,483468,25426,194951,65160,27.5185456452891,27.009169429075,857025,2829,59.6439338079654
"29091","Howell","MO",2021,619108,39.161828700453,748814,168409,221372,54081,54223,26.0860109131318,0.293715158477426,575287,1356,58.9537866902538
"29011","Barton","MO",2021,502622,44.7455295454711,280188,203923,77082,199073,48775,7.1981620870065,7.04874986317009,440373,1542,40.6127546587959
"40115","Ottawa","OK",2021,557541,49.9041966767982,164125,118181,52139,329877,90392,29.4689829007257,21.7848425754346,248774,1194,41.4732099766843
"40151","Woods","OK",2021,635361,49.6409906446934,579768,370147,166071,394363,94957,10.4345943091903,27.0673350035213,863391,982,47.8995629143901
"18141","St. Joseph","IN",2021,679402,41.1551364278421,262897,453397,64610,279226,63619,28.3629920578096,11.8721189559437,937095,1319,39.7264054999687
"26027","Cass","MI",2021,104884,46.4502974320203,897952,477332,24492,23278,64832,28.8650255429093,3.79089907743037,729561,1622,47.3380201403052
"26067","Ionia","MI",2021,701211,43.8046876434237,724618,286450,290583,349077,91923,21.9658903381787,22.7301855850965,632363,1565,27.1275602537207
"21053","Clinton","KY",2021,806592,31.9725042814389,426776,29106,42917,363476,65837,23.1357648805715,26.9922697241418,511154,2061,46.2032568897121
"36003","Allegany","NY",2021,571852,33.4802761953324,893316,238023,247040,103239,40529,16.9185149320401,20.4736404237337,153846,944,46.0783974523656
"29165","Platte","MO",2021,840825,44.8998926905915,423620,1634,286860,298012,76379,26.9894059060607,7.87279242882505,292036,1224,18.7420812109485
"29163","Pike","MO",2021,978019,44.3295946111903,28284,416913,167421,242836,77634,17.79785502702,25.4626786569133,853331,2588,20.1798161282204
"41057","Tillamook","OR",2021,752341,49.9405943695456,220307,335712,57704,24938,56140,26.6602994652931,24.4929082877934,668857,1815,24.6932356059551
"41027","Hood River","OR",2021,520534,37.2125777881593,832500,333948,274806,35345,64506,12.8876222309191,9.00230380240828,888359,1376,40.5908376234584
"26069","Iosco","MI",2021,92682,30.5088344588876,252548,223850,244750,244390,98525,15.7832578767557,24.9182209395804,682432,1868,52.018805607222
"18155","Switzerland","IN",2021,723426,36.5848690271378,548856,6508,76854,245783,77561,21.6545824555214,28.7882344122045,570004,2179,14.4380017090589
"18177","Wayne","IN",2021,315760,41.4907086268067,231648,473439,88846,331688,71065,19.6367449138779,12.4330647010356,891664,2259,20.093980608508
"21091","Hancock","KY",2021,331435,40.2305617276579,783381,11401,113293,9398,37981,11.8457136047073,19.7091834736057,269813,2184,57.5315183517523
"21041","Carroll","KY",2021,910080,40.2363802259788,260002,386913,273308,7037,50817,11.1196656373795,21.7347461963072,321711,2045,32.83940250054
"29147","Nodaway","MO",2021,138517,47.7955875406042,208318,163984,237543,389378,85416,26.8767320620827,19.9408496799879,702190,1488,39.5012833783403
"29005","Atchison","MO",2021,326380,46.0861930903047,731212,156976,60133,282732,58999,12.5717911240645,27.3158336500637,829930,1643,13.9221994695254
"41059","Umatilla","OR",2021,650743,32.1113939350471,391381,298803,62100,396296,68252,29.0904498612508,16.7760947509669,517375,1000,50.5722418334335
"42073","Lawrence","PA",2021,167060,35.1491602230817,581921,477283,109103,140610,48999,13.1273578922264,13.4027714654803,281932,2466,53.368511821609
"42009","Bedford","PA",2021,660318,45.012476737611,322802,254412,59306,123055,98156,17.5303124485072,22.5309018068947,452401,1585,27.0199230546132
"19155","Pottawattamie","IA",2021,516299,44.8870161036029,312148,339722,114939,273745,91089,12.9533422947861,19.3767726235092,259537,2492,48.5393801843747
"19005","Allamakee","IA",2021,336594,38.6178013542667,186024,498100,17504,22829,40322,26.7997419764288,8.74665426788852,457028,1372,42.5382032315247
"36021","Columbia","NY",2021,495764,46.2039012508467,24457,201077,215041,274216,62679,15.1538043410983,7.20488440012559,201771,2814,17.9173296573572
"26133","Osceola","MI",2021,963298,43.7376416428015,264221,208699,58159,212328,70499,8.69071354507469,25.0216798251495,399712,2290,51.1622657557018
"29045","Clark","MO",2021,72589,45.544774341397,193495,179215,100105,321187,96730,8.63609529449604,5.08636264130473,865290,1149,47.0619713212363
"29009","Barry","MO",2021,684795,30.3303351998329,370279,230626,8113,246916,76468,24.8939812195022,18.0670359707437,917184,2996,16.3931728363968
"42085","Mercer","PA",2021,649195,37.8552205627784,475837,131706,291399,352862,75817,18.5783395613544,14.0446273447014,452839,1499,48.2326838676818
"42083","McKean","PA",2021,609814,43.0480656865984,490848,429130,99699,20479,62295,24.1357769886963,16.6273697046563,611738,1344,56.0084529127926
"42015","Bradford","PA",2021,207110,30.0366377830505,868005,79763,139472,1424,32394,24.3633799673989,27.7283817320131,761253,1794,39.0705960127525
"42123","Warren","PA",2021,90702,41.3786417618394,554297,348968,136583,202391,58499,24.5961169491056,15.3984251548536,473402,1424,48.4213903802447
"18163","Vanderburgh","IN",2021,418991,38.5794706456363,157247,496010,51552,223642,63104,11.5066986891907,26.0511639621109,329290,999,22.5865280395374
"26157","Tuscola","MI",2021,318340,39.1344537585974,120134,480979,233683,200653,51460,21.0971433797386,7.92639584513381,735291,2545,42.0132408523932
"26023","Branch","MI",2021,782669,45.3807947365567,781100,202943,290486,263583,98052,22.1467609761748,13.6274651787244,553848,1632,16.6026905318722
"21047","Christian","KY",2021,639823,48.6074249772355,52348,228262,108457,23706,58891,19.2719659372233,3.87438676552847,217803,658,12.4388103280216
"40037","Creek","OK",2021,355442,38.9888542983681,827412,148290,187307,297028,76877,26.0965405334719,16.7748277983628,164719,2588,42.9546133754775
"29217","Vernon","MO",2021,45534,40.7798212394118,633971,130462,109001,333237,75215,8.68451747926883,15.348510928452,301879,2249,14.5425926800817
"30101","Toole","MT",2021,102573,47.4345002509654,422123,146922,21287,179061,62272,29.6144584030844,23.9681009785272,847196,1488,42.7016068738885
"31135","Perkins","NE",2021,113952,41.2517475197092,294793,1381,101754,88572,86185,23.2387586333789,16.3095730729401,723127,536,22.4972277320921
"44001","Bristol","RI",2021,720798,48.981376150623,345153,378567,49301,323616,65880,14.0855558286421,12.2122999560088,783893,1074,15.7394552510232
"17195","Whiteside","IL",2021,280189,43.7028923397884,380065,12679,287004,124882,43762,23.1057262525428,6.02258164901286,494055,665,56.8799711787142
"18029","Dearborn","IN",2021,407328,45.2714327769354,31885,25056,42194,134196,36941,5.4534549661912,2.10371780209243,398330,2905,13.3675536746159
"19071","Fremont","IA",2021,513064,36.4830901287496,5811,325273,33858,367523,70392,20.506045112852,24.9680986977182,472779,1129,16.5425383858383
"21185","Oldham","KY",2021,285220,34.1739796148613,216830,89039,125294,57087,40196,11.1743030440994,3.18670007167384,442321,1439,21.9057239033282
"40009","Beckham","OK",2021,164494,31.2731525441632,788609,388618,102648,242396,92433,29.392397259362,6.7418136773631,295487,2553,16.008754693903
"26131","Ontonagon","MI",2021,994003,45.3227760875598,137060,121514,6843,107669,69065,21.7159603035543,1.64944756776094,708976,2918,22.6952575403266
"01125","Tuscaloosa","AL",2021,484269,34.2010448174551,598004,144411,217128,21767,83964,5.76349165174179,7.45230761356652,301040,1066,20.6784036965109
"24011","Caroline","MD",2021,742956,49.2037277575582,23386,251168,44021,14509,39676,26.4444588171318,17.2758291335776,691336,2843,21.4063741173595
"01015","Calhoun","AL",2021,488988,35.2362831216305,413429,177137,276252,349872,60281,27.7349993016105,24.0438725310378,176165,2790,28.4887614799663
"17159","Richland","IL",2021,694930,48.2518492732197,176697,277084,64664,111772,98132,9.83888953458518,24.1530410922132,451353,519,23.7830592575483
"13119","Franklin","GA",2021,362632,37.5910773174837,579724,199179,165578,165155,56859,25.7334789680317,9.96116732480004,986507,577,46.5897072828375
"19145","Page","IA",2021,987720,47.3959230538458,621484,355601,279764,24965,59752,15.8810854726471,5.52974930265918,506138,726,56.2298356229439
"19167","Sioux","IA",2021,64539,36.989805768244,61872,103733,196878,186469,40613,10.2695912367199,1.40463238349184,601726,2964,19.0992156183347
"19189","Winnebago","IA",2021,804366,43.1979754194617,345971,19230,114458,394683,84468,26.7772691161372,5.91625910019502,393398,1362,29.1710014711134
"26077","Kalamazoo","MI",2021,916168,45.1217935187742,5548,265345,195177,216076,76111,11.1644041212276,4.31759976781905,891764,2831,27.6782672991976
"26057","Gratiot","MI",2021,846358,32.2253891732544,40983,456333,4152,131877,43186,11.2864746199921,20.6450284249149,400743,1573,51.803004196845
"26145","Saginaw","MI",2021,805775,35.0411119265482,809070,35570,107479,52126,76247,11.6298608668149,20.9918933780864,324912,941,11.6973476158455
"22109","Terrebonne","LA",2021,938393,40.6180242775008,750306,133810,284645,94804,37006,23.7943745928351,4.37144244555384,594637,1389,54.8910851730034
"08119","Teller","CO",2021,94684,49.595166426152,328138,455599,22736,398075,48767,13.5972137574572,12.8917059861124,378923,2604,13.5052520688623
"22117","Washington","LA",2021,466008,46.7810541344807,882026,233688,299658,337494,53943,8.13518316834234,11.3899715524167,888253,938,21.4195128320716
"22085","Sabine","LA",2021,340075,41.6401304723695,311964,94898,288690,377219,49408,29.8514633101877,11.0752080380917,756435,1411,28.7250428833067
"22119","Webster","LA",2021,993725,31.7145801149309,648984,181727,197333,107631,49427,19.7521447215695,9.47726744692773,263496,2864,20.9399722074158
"55069","Lincoln","WI",2021,187850,49.8452641395852,19921,159982,3255,194658,69882,28.6833617032971,9.91554089589044,592641,1587,33.3197297202423
"55019","Clark","WI",2021,792182,46.1009660130367,329809,230418,39003,38316,33158,27.97829791205,0.00459702685475349,270776,1307,17.6741463737562
"55123","Vernon","WI",2021,633876,30.7353188376874,874392,187400,16916,206787,51688,26.4656246826053,6.96748998714611,484325,1708,30.3042599372566
"18039","Elkhart","IN",2021,398390,32.7208257792518,202100,492195,286728,178981,67566,19.4987563369796,26.3964495621622,456179,2841,55.7641717162915
"18001","Adams","IN",2021,846092,39.9201976181939,258393,15785,158670,325864,84381,21.6580973018426,13.7362538580783,319562,2021,12.1953787654638
"26113","Missaukee","MI",2021,955844,30.320170596242,651217,157211,125353,124851,49218,6.89170822850429,22.9141419078223,357277,1722,11.0153836221434
"17057","Fulton","IL",2021,960714,39.491492016241,649229,244141,72393,127082,85165,23.6339813983068,13.3722024480812,733270,2410,27.4780599307269
"40083","Logan","OK",2021,529663,40.9259259607643,14131,382354,270520,311125,43829,22.3402958549559,21.8691100319847,570687,1738,53.0356867029332
"36069","Ontario","NY",2021,354579,45.661660367623,428582,462651,13451,322559,91832,23.2944369036704,7.32701063621789,989336,1268,38.8245131843723
"19101","Jefferson","IA",2021,92530,46.7469916632399,390346,349500,180409,322429,80246,24.1529415606055,29.2753316857852,633841,1881,17.6030138065107
"19115","Louisa","IA",2021,904846,34.8302121181041,848428,20261,131279,346047,34672,7.22694246913306,0.837585185654461,472666,2422,36.9246956100687
"19123","Mahaska","IA",2021,428006,40.4533278010786,296197,366598,129365,42612,36693,16.1987594049424,3.19608683232218,240576,2396,56.1601464310661
"20133","Neosho","KS",2021,10299,47.3138900380582,640972,213605,87188,322752,51941,28.0979084968567,5.46567122451961,838326,1540,17.3681814130396
"20113","McPherson","KS",2021,180360,37.6757983444259,422379,236974,156497,181612,60611,19.6324638859369,28.1497890804894,121518,2878,23.7283673277125
"55053","Jackson","WI",2021,422924,46.8262142967433,548613,261399,167342,225631,50389,14.7966732340865,17.9615188809112,663554,2631,11.4444236760028
"55015","Calumet","WI",2021,991368,47.1594564057887,521448,435902,272445,253743,58168,26.340366883669,5.73148489929736,301350,1606,56.5452953474596
"55027","Dodge","WI",2021,894544,36.8036686256528,74204,421497,115568,260837,99343,15.4930448404048,3.78673797240481,403021,1647,25.9674540511332
"18151","Steuben","IN",2021,552509,33.4370511816815,326928,454891,73962,268129,35364,8.34799478878267,9.47060870938003,945702,962,47.0554609107785
"19139","Muscatine","IA",2021,384631,38.8891023769975,597313,474052,44159,335926,51429,7.33338078833185,16.7069568391889,901715,2131,45.1735703297891
"26037","Clinton","MI",2021,563749,42.5704944552854,155941,11688,37424,347515,90589,26.3111405551899,24.2618643119931,331954,2746,58.832951800432
"19059","Dickinson","IA",2021,886625,38.1567882373929,515848,226889,17006,389515,62442,9.98151244828478,11.4731977181509,816964,2545,59.8979689320549
"21111","Jefferson","KY",2021,350616,41.8889636406675,164874,415729,53202,214772,83651,12.2038312617224,16.5093502448872,415417,663,31.4695606613532
"21037","Campbell","KY",2021,511575,45.5185107327998,701748,265176,290834,170887,43696,23.4694286028389,3.39170817285776,515547,2711,38.3842134405859
"20087","Jefferson","KS",2021,496881,32.2922026878223,341910,277673,61814,10922,62983,26.5082385286223,11.2573662190698,435234,1971,41.8631331203505
"20153","Rawlins","KS",2021,427158,41.9836309272796,872690,126640,30891,250257,47867,18.9635407889728,22.3070648498833,225949,2595,37.6120388065465
"20207","Woodson","KS",2021,270002,36.1775582563132,137422,363824,88336,329104,36048,11.4858664001804,9.90582210710272,921917,2225,18.2201553857885
"20123","Mitchell","KS",2021,401482,45.672406880185,370663,88915,2374,322729,88239,9.69767794129439,4.98995763715357,335480,2175,58.1787501834333
"20179","Sheridan","KS",2021,415616,36.834705164656,475831,10010,173274,215933,55159,13.9845646056347,3.68950936943293,908977,2871,48.9222457888536
"55087","Outagamie","WI",2021,484933,37.8846190264449,677011,446493,186646,43857,60255,7.5445552484598,14.9547495623119,247530,1854,19.0016960981302
"55033","Dunn","WI",2021,792232,32.183177024126,447618,229637,287626,309220,71733,21.1059005477,5.38032841868699,296119,1750,19.5054106903262
"55017","Chippewa","WI",2021,769372,32.3085263743997,119296,112674,52423,176215,70815,9.85846108640544,15.6657451554202,527331,1390,45.5514872935601
"20129","Morton","KS",2021,281545,33.8772572251037,678951,403296,9453,24251,69836,10.1742850104347,22.6643159310333,600163,2945,51.0717738326639
"20125","Montgomery","KS",2021,391818,34.0097161382437,456776,46441,117385,50740,75264,21.8475163925905,10.4081473499537,612306,738,24.480142260436
"26019","Benzie","MI",2021,421273,40.9379127668217,230923,349040,203109,94683,90831,26.153504610993,1.48613932309672,880131,1092,12.4535278324038
"18057","Hamilton","IN",2021,219351,48.2376412954181,147542,46455,31903,27879,66029,28.4144158952404,0.609535903204232,504164,2521,38.4743454656564
"36083","Rensselaer","NY",2021,181075,46.2737806001678,500719,107963,168130,32736,37349,23.5352931264788,12.2270427807234,228692,1800,29.7601115214638
"21225","Union","KY",2021,348444,31.6447713039815,861287,20986,11920,3083,81678,25.9504887985531,12.8283697832376,690180,2594,32.5471446057782
"21199","Pulaski","KY",2021,625903,35.2597438171506,472520,275701,70744,391628,78559,27.6183241407853,4.9355331924744,777469,531,46.7374525289051
"21021","Boyle","KY",2021,784646,31.5321328490973,871360,38161,167931,222568,47186,16.4907925890293,17.7323194826022,855920,1871,17.2470941231586
"55077","Marquette","WI",2021,873363,32.4208806920797,429851,350422,55107,80085,40581,16.1330607091077,4.80260053882375,338616,1491,28.19852006156
"55091","Pepin","WI",2021,497699,48.0392935033888,428479,41385,52215,95952,99365,19.2724644683767,26.8047289713286,574990,1772,33.0045130942017
"55119","Taylor","WI",2021,682286,43.6624327255413,760432,131958,32734,101678,95732,17.0864064490888,20.3031297004782,657789,2591,11.2786803068593
"20181","Sherman","KS",2021,594291,49.0832099877298,163679,317737,223425,2775,64138,12.6784712087829,16.8268295447342,713074,2588,45.626582452096
"36093","Schenectady","NY",2021,577459,44.5391844911501,471770,52447,250852,273890,78476,5.3375468426384,22.5374092999846,250848,2172,23.2414509425871
"20035","Cowley","KS",2021,182064,49.7839269507676,185325,425533,212142,126352,88510,8.70344321709126,16.97643536143,871428,2226,46.1178119550459
"20089","Jewell","KS",2021,460982,42.3225657921284,414659,94766,129660,349701,53343,7.20941093866713,2.77834563050419,747267,2473,56.395968424622
"36035","Fulton","NY",2021,819139,43.5763449827209,145906,330291,152373,363822,65377,29.5150624075904,10.9382116771303,404878,944,44.8318084375933
"05031","Craighead","AR",2021,365343,41.7235763464123,420339,101433,64271,118785,84678,28.4473860997241,8.18071380257607,638883,585,42.8040888532996
"01007","Bibb","AL",2021,21285,38.4333494026214,82120,210356,203585,154425,78449,29.2168634955306,12.4209921970032,574751,2222,29.8039731476456
"30041","Hill","MT",2021,181256,39.0873038163409,781640,436687,103904,22703,88484,19.6046960086096,19.947086982429,704239,2083,35.3933419473469
"47111","Macon","TN",2021,802882,46.4750063885003,60221,275547,108839,94520,66639,7.92294398532249,5.29639269690961,241121,2485,59.9223539256491
"55115","Shawano","WI",2021,917346,35.0883872900158,692183,228911,53773,177293,30445,29.5597515604459,12.6272203889675,573555,1414,18.416054409463
"56043","Washakie","WY",2021,149778,38.8335213065147,264786,142115,7295,329914,45387,28.938795021968,9.63696612278,345283,1399,53.0113982176408
"40131","Rogers","OK",2021,889189,32.0164682203904,387479,110624,25015,74896,95079,6.64102490525693,23.8234956655651,177124,2549,33.6341882613488
"36007","Broome","NY",2021,65707,35.9910287614912,357881,363764,209289,290867,63398,8.42351529980078,24.3463041493669,780664,2493,30.8907843567431
"05149","Yell","AR",2021,489553,35.2546275034547,487674,151643,43571,213915,35364,27.673218982527,11.4064539433457,852228,2201,41.8032278097235
"05087","Madison","AR",2021,24687,37.9229373950511,643047,229721,29850,387479,39948,13.771803585114,24.8365609184839,990770,1348,57.6600105175748
"54061","Monongalia","WV",2021,691127,41.009444091469,507588,138382,295271,313209,84398,7.95489458949305,6.46108804503456,453055,571,25.7035247888416
"55079","Milwaukee","WI",2021,829620,41.5866827312857,533138,12679,77117,253898,30173,24.4360198394861,26.9016772694886,426392,2074,22.3425649711862
"56019","Johnson","WY",2021,213657,31.6300074197352,16072,441681,213920,87409,48517,28.5300988017116,1.65714551461861,847170,1401,40.7599414954893
"56017","Hot Springs","WY",2021,360518,32.3372588772327,808708,70198,184131,40651,56831,9.03390424908139,24.9325850908644,800326,2673,39.7323011793196
"40017","Canadian","OK",2021,820434,43.184264851734,607517,194277,42358,139876,88236,13.9242538844701,5.59472638880834,981622,1541,47.8448645351455
"06031","Kings","CA",2021,986950,36.45888205152,842204,241800,140044,86873,97928,26.2748392950743,24.7222834825516,905056,583,43.0807416699827
"08017","Cheyenne","CO",2021,879012,34.2502437485382,475881,279722,78370,55754,30908,29.467630777508,6.37913511134684,742804,2841,14.8576100962237
"08121","Washington","CO",2021,825026,40.4462572000921,30591,462683,242446,166407,53678,26.1319416004699,15.3544259397313,136440,1727,38.2801643596031
"55101","Racine","WI",2021,359572,34.4462464144453,895932,35957,121647,388524,69844,18.9381234883331,20.6631094333716,714952,2546,51.40623153653
"55045","Green","WI",2021,227974,46.9225112115964,371475,281834,93373,90655,95125,14.2051910702139,21.1192927602679,989727,1089,49.7869245498441
"55125","Vilas","WI",2021,814827,43.6000896431506,756460,279832,213666,357696,93442,20.4312718659639,25.8005297812633,594022,1155,33.6003060010262
"01067","Henry","AL",2021,290706,48.7791990162805,754698,313130,99841,361918,47486,8.99357278365642,21.578057280276,713084,2290,49.5258006174117
"01017","Chambers","AL",2021,186563,42.9726386768743,286250,393721,280158,281728,44448,8.88260812032968,9.02506674639881,651631,981,13.7655876134522
"36107","Tioga","NY",2021,387081,40.3494376922026,521967,86828,239593,204554,97161,19.6471802843735,18.9234897075221,853719,876,46.1694480176084
"13253","Seminole","GA",2021,612938,48.8916523009539,522014,118041,141000,167089,86587,11.6163578303531,22.4008233449422,310658,2263,49.4869268871844
"13169","Jones","GA",2021,235352,42.2093845531344,878490,280817,137970,299648,81985,20.3214395919349,16.4036578824744,651266,2928,38.5244470811449
"56023","Lincoln","WY",2021,7052,49.9147393088788,391854,239564,69476,337796,90363,11.3701875333209,29.9235923448578,447838,2312,51.742428462021
"51011","Appomattox","VA",2021,153016,49.2143895523623,825091,426245,55229,152287,34354,14.761679219082,24.1876298957504,349295,893,47.4839069321752
"01077","Lauderdale","AL",2021,415624,44.6483854902908,429008,140853,11840,294629,69633,27.8727885929402,5.59460467658937,286990,1202,42.5679204543121
"04019","Pima","AZ",2021,649059,39.7418521344662,676239,82074,167104,219905,62175,18.5276948218234,1.59973623231053,269116,1169,24.2087491811253
"36027","Dutchess","NY",2021,946155,45.3052209783345,627127,331153,202160,103284,78128,13.940221107332,23.2368456479162,162768,2568,47.2271395171992
"40031","Comanche","OK",2021,285755,45.2152454620227,871697,61471,243092,78606,94566,6.57030116533861,10.9246926591732,620807,2312,11.2674095807597
"26111","Midland","MI",2021,852146,31.3313831435516,661341,94371,298651,106664,37123,15.6793970393483,1.8662540288642,463444,2633,47.2653387952596
"13129","Gordon","GA",2021,71120,44.2342578573152,57700,201124,201289,194565,79848,13.6478560348041,7.79245376586914,904742,964,48.3031622390263
"13207","Monroe","GA",2021,142761,43.5882984241471,682909,15193,31020,169633,39959,20.2744858176447,19.4794649351388,796829,1371,25.5114020220935
"13227","Pickens","GA",2021,773836,36.3386140577495,528201,78064,5734,159352,87252,12.6355015451554,18.1333500682376,203755,2516,55.9072921657935
"51173","Smyth","VA",2021,510279,45.5287258280441,586617,128659,172399,60853,97375,7.87167968926951,14.1149872192182,753060,1897,25.5570341390558
"51680","Lynchburg","VA",2021,528132,43.2855843380094,16555,286872,255773,300581,65585,9.41230835858732,21.8982276879251,869636,1572,26.757969756145
"05143","Washington","AR",2021,324999,46.4941693004221,704483,193325,283616,184530,35409,17.3291959345806,18.2837430504151,178271,904,17.7466940740123
"05089","Marion","AR",2021,693054,48.4737703436986,55561,498386,126373,189888,75253,26.0294135671575,25.4286497575231,832686,2160,46.7955690715462
"06067","Sacramento","CA",2021,273623,34.5838523702696,487060,147473,128512,151882,61493,28.5230539052282,12.5129831163213,227545,2398,56.9759945408441
"10001","Kent","DE",2021,66569,40.7710343785584,293701,5855,261963,228401,33443,7.12143333628774,29.3657742231153,540668,1845,41.1099610640667
"12113","Santa Rosa","FL",2021,791734,39.0481375996023,168888,113623,90581,130808,65814,21.3145948608872,4.59621851798147,262286,885,51.0261440323666
"40051","Grady","OK",2021,4688,42.077453606762,614216,450502,148983,35225,36647,20.9201965085231,23.0258629191667,990141,2828,46.7412401828915
"26025","Calhoun","MI",2021,477167,35.0356613192707,430340,406767,275959,234148,96421,16.654200265184,17.9409945406951,872038,732,41.1248218640685
"40047","Garfield","OK",2021,430675,41.802328210324,886190,313922,283814,151121,46782,19.5700245921034,1.64890677435324,773212,2508,33.9779540919699
"13167","Johnson","GA",2021,485130,45.9762449096888,760791,235694,265530,154059,38891,14.1613136988599,1.78331585833803,676162,724,48.0618226132356
"13023","Bleckley","GA",2021,81777,31.2806387990713,354621,427676,17358,183609,64722,23.5189902316779,0.00454621156677604,640517,2828,22.524211301934
"51025","Brunswick","VA",2021,389288,46.1909003416076,766991,87799,43718,180327,62481,26.2988406128716,15.1975806802511,437479,2482,59.7943172464147
"51630","Fredericksburg","VA",2021,508994,32.9347568145022,452183,258229,90737,20030,69971,17.584248802159,23.3589355275035,464066,1075,14.3152489117347
"12011","Broward","FL",2021,267548,47.5358329946175,487035,47288,36642,345139,88110,28.373771092156,22.7732217684388,774787,697,47.8653785446659
"12003","Baker","FL",2021,243974,30.4467649850994,523987,318028,62162,117029,63555,13.7605481559876,20.0977054308169,395279,848,52.3853134969249
"08099","Prowers","CO",2021,479555,46.0272835707292,485047,93681,4859,33007,53982,16.0771353065502,10.6524044601247,596264,1181,42.2121344506741
"02198","Prince of Wales-Hyder","AK",2021,25196,35.1859630271792,801356,100601,79377,225448,54421,13.4012098610401,0.824755628127605,558872,702,32.7523702662438
"42117","Tioga","PA",2021,955523,39.0560824004933,549677,393257,157300,97674,50647,5.2961152291391,17.0625806436874,460950,702,18.3155954373069
"13123","Gilmer","GA",2021,487438,33.6102974694222,654194,30098,176277,338246,51895,7.97747353324667,17.2066552285105,719482,1234,17.3511015274562
"13243","Randolph","GA",2021,550940,36.6183293191716,185790,228609,3054,358093,35289,18.116740755504,21.4055690984242,503513,822,24.844288979657
"51760","Richmond","VA",2021,303779,31.0192123008892,286225,264516,279062,101217,40583,25.2916383452248,16.9201957248151,262348,2091,25.2068258961663
"51045","Craig","VA",2021,990517,38.1626874115318,8621,117182,296310,200234,88793,24.0744716266636,5.43746586889029,782884,2790,12.4720676941797
"17149","Pike","IL",2021,985189,44.6816359087825,790774,472037,193448,190814,90191,27.7008535002824,20.6803204282187,601066,1634,56.1491929716431
"17077","Jackson","IL",2021,448005,40.3381826728582,367591,225458,85897,200115,36260,18.1178089068271,2.62833954999223,220334,2235,17.8893240890466
"44003","Kent","RI",2021,307788,45.5132984323427,624883,145192,292028,295314,64907,11.1609944095835,3.44939065631479,960052,1424,47.4380214721896
"17155","Putnam","IL",2021,568850,35.6859107455239,289111,40823,229651,49094,92172,18.1843019160442,9.68711027177051,433667,891,57.3303950275294
"17075","Iroquois","IL",2021,222305,48.4892483940348,402187,489114,155160,161762,40721,14.9807509686798,4.61070430465043,471442,645,11.9835430779494
"13093","Dooly","GA",2021,20210,44.2414681566879,289686,68334,297592,287219,76138,24.1929459979292,9.46379367727786,620446,771,34.1752050118521
"13053","Chattahoochee","GA",2021,859961,30.222912277095,413985,4387,15786,272957,77412,10.8025810518302,11.0890883789398,288739,2891,10.2054393989965
"51049","Cumberland","VA",2021,804114,43.0893542664126,448890,460242,220956,289068,33509,9.02974906028248,28.8068407773972,628344,2517,53.1459680083208
"51540","Charlottesville","VA",2021,202127,31.69419224374,348217,490828,122560,116878,30718,11.5972767653875,14.3345296382904,377782,2346,11.5681870514527
"17079","Jasper","IL",2021,861849,39.8402657965198,267030,312218,186873,335121,51191,25.0666155316867,11.4201960666105,630426,2553,50.3112594969571
"17167","Sangamon","IL",2021,536134,34.8105229483917,679707,340112,204769,82254,48047,10.764264985919,2.41906918818131,291620,813,49.6338331163861
"13083","Dade","GA",2021,570518,38.2867849804461,865249,82097,551,30117,63454,22.4774310260545,18.9800105290487,587597,2485,29.9718132731505
"18173","Warrick","IN",2021,587435,48.4973186720163,178591,61643,157966,331202,75974,10.1935832598247,5.73529108660296,146799,503,32.1094274776988
"18043","Floyd","IN",2021,478203,49.2085087159649,818652,65494,126391,195863,68841,19.9133333994541,11.495377169922,270778,808,29.208592036739
"13173","Lanier","GA",2021,667289,44.576655975543,882534,313354,84871,14283,47743,18.5906879149843,19.6159439650364,871702,1236,32.0942259649746
"13037","Calhoun","GA",2021,919717,35.3870127070695,482072,290048,284410,320343,92723,14.8944903002121,5.03567286534235,313478,2070,42.2987305582501
"51775","Salem","VA",2021,610229,46.9880994549021,888334,298189,164902,312943,60418,6.77830043830909,3.03849811898544,182907,2821,46.1677819979377
"51770","Roanoke","VA",2021,777699,39.2670412827283,639375,369295,116509,196129,97748,26.6928947425913,0.542132158298045,879600,649,52.9891686886549
"17141","Ogle","IL",2021,207107,49.8498078808188,264316,342012,94189,178545,41427,8.174045617925,4.84183470485732,622475,1249,19.9374885205179
"17061","Greene","IL",2021,535202,31.7888896819204,80042,152109,289,249908,60648,15.2144193544518,17.7509773545898,996304,507,45.2396938833408
"18165","Vermillion","IN",2021,306804,45.9972146851942,547454,372265,89145,309194,65925,20.565325319767,21.3872515107505,303865,571,32.2388004767708
"26117","Montcalm","MI",2021,514987,35.454425518401,538046,454652,89346,193354,72193,15.0677190348506,24.8961025709286,179483,1211,55.6681825919077
"26159","Van Buren","MI",2021,827031,32.5653844419867,454847,271767,195063,186613,50513,14.3266308133025,13.1278865667991,321500,990,36.4791390975006
"16053","Jerome","ID",2021,231216,36.13226714544,9308,123283,75463,385242,75410,15.9010645828675,27.9037292674184,788882,2524,30.4163925838657
"18059","Hancock","IN",2021,816409,43.310632831417,816058,168510,179537,14641,47042,12.8414966643322,22.6913980208337,432582,642,23.822997699026
"18109","Morgan","IN",2021,496059,32.1282232506201,475004,415265,275059,169971,53328,26.3623124116566,2.1849083318375,484547,1996,38.6151938722469
"51079","Greene","VA",2021,484566,48.4389969939366,403506,478665,200133,363304,44604,7.90196340647526,6.02448697434738,642176,2509,38.7721337517723
"51820","Waynesboro","VA",2021,135498,32.0119436271489,455258,463128,100590,85316,99934,12.3385973111726,3.87127828085795,682674,871,12.8902169200592
"51678","Lexington","VA",2021,139415,48.1605575140566,525249,115706,268835,44384,87428,20.2954296034295,18.3082159864716,607281,2112,30.2965943026356
"13061","Clay","GA",2021,444381,40.3535712789744,270257,158946,88389,94788,67060,20.3600615798496,24.43226022413,157819,1019,34.9416598235257
"17173","Shelby","IL",2021,123957,36.4364621415734,759151,271776,120033,399638,82524,16.6494083951693,29.2273729713634,855433,528,31.8938231701031
"17105","Livingston","IL",2021,888375,41.1183131253347,872102,85188,115321,218207,92004,15.8487780729774,25.4925120156258,706577,2406,38.3614740939811
"19085","Harrison","IA",2021,30264,47.6381572708488,229514,188086,243797,345056,56958,14.4997030158993,6.1780361412093,895361,677,56.4855247293599
"20191","Sumner","KS",2021,113352,43.574478966184,231883,336577,41383,383876,93005,17.1782593487296,4.81401067692786,192695,2467,55.77131702099
"20037","Crawford","KS",2021,150421,37.1067302767187,676206,284918,218034,386505,66709,9.13890892523341,18.9736406528391,761469,1791,41.2449555029161
"18017","Cass","IN",2021,286643,41.6581868054345,642283,182330,48927,252344,89205,22.3996116267517,6.2424494465813,462798,1375,21.9069689884782
"18065","Henry","IN",2021,663148,38.8354107551277,61643,37714,216704,183319,55552,8.43522591865622,24.4698295905255,794304,1476,38.9897458162159
"18133","Putnam","IN",2021,391937,41.6435841238126,791278,99125,267746,47560,97360,14.3618185492232,22.5851701805368,614099,2544,26.5524485521019
"19175","Union","IA",2021,816470,36.2733592838049,623058,229402,35057,94645,54717,19.8956484743394,27.695360337384,977814,2338,38.5028393263929
"19047","Crawford","IA",2021,380915,38.505333615467,601081,456593,234128,2416,77513,18.9430868031923,28.7097702920437,475368,2999,53.7584344181232
"54101","Webster","WV",2021,987582,32.3965291352943,699475,256969,32405,191288,76887,24.8698988591786,27.3679760796949,574942,2379,55.7375854020938
"54079","Putnam","WV",2021,445865,32.7864796714857,231693,377250,101595,15107,32328,10.0018582376651,3.47628477495164,900214,1509,58.1610439834185
"17045","Edgar","IL",2021,493106,48.8595943059772,786825,403143,58586,139381,56211,15.8016904385295,23.3239418640733,141594,2059,43.8024155236781
"17005","Bond","IL",2021,190059,47.2387477196753,837612,266887,114662,236869,91505,17.0936984720174,23.5091717401519,905953,1143,54.8891601292416
"26091","Lenawee","MI",2021,960189,47.076199115254,411363,20009,50358,15746,71121,25.7167126471177,8.22696950286627,678369,1102,41.8484438932501
"18031","Decatur","IN",2021,621917,32.4117199517787,103178,411885,76049,160528,37623,23.154437711928,5.9419579943642,260577,1929,39.7448140801862
"18117","Orange","IN",2021,946889,31.2256177002564,663996,138924,288953,325835,44713,15.4282478569075,29.2163853929378,227682,606,37.8461809735745
"20021","Cherokee","KS",2021,14331,36.6283792955801,173773,140110,295550,55506,79088,29.5809547544923,21.8165738205425,404730,981,37.4681244976819
"19081","Hancock","IA",2021,778644,34.6947212610394,502069,216949,21597,356994,79209,9.91796417045407,2.19866700237617,119448,2546,27.2041019890457
"19033","Cerro Gordo","IA",2021,950646,45.0369932269678,274832,70430,129162,96210,52324,15.7633370615076,5.40906170848757,592371,2061,48.2848283159547
"19151","Pocahontas","IA",2021,381923,43.2633080007508,370071,493050,186238,157905,49608,12.6993173977826,5.10436991695315,432686,2781,54.2476994590834
"19161","Sac","IA",2021,453768,38.6066314810887,865257,371399,241517,131088,76027,9.17369240894914,11.4152108738199,126935,514,11.7396164592355
"19103","Johnson","IA",2021,637793,36.7014407971874,872943,443901,230756,367005,50977,6.80045408778824,13.8724977336824,897790,1722,47.198045279365
"54097","Upshur","WV",2021,490391,36.8137230025604,645432,394322,90900,345692,71985,22.9399013228249,17.2407602565363,210301,616,49.2468984122388
"54015","Clay","WV",2021,377572,45.7346514984965,602703,251859,89116,305924,93532,18.7950855132658,27.1642562840134,352907,1938,24.324773021508
"55005","Barron","WI",2021,7526,47.7060809824616,557732,114043,68739,358339,97450,5.93690230860375,7.79903369955719,476502,1325,23.1276072002947
"26153","Schoolcraft","MI",2021,177136,38.696853639558,415989,292518,212593,93844,75623,22.2488269337919,27.7678113710135,337905,2324,17.7714444021694
"18007","Benton","IN",2021,716373,30.0481934286654,485494,291438,170607,11490,33773,16.6678305494133,28.0694548599422,963155,662,50.5839654034935
"18127","Porter","IN",2021,886835,40.1906959805638,861658,334291,138761,180982,55441,29.4355301605538,5.19058723468333,380442,2865,18.8097161264159
"20091","Johnson","KS",2021,640329,40.8150950446725,427873,191282,38241,273359,42400,21.256727243308,6.40546984272078,319798,2913,12.1862453431822
"20137","Norton","KS",2021,867134,39.3225066130981,548013,159117,134915,223685,59166,7.27258013910614,13.0626399745233,545421,682,11.9742001546547
"20013","Brown","KS",2021,548482,32.7331704553217,490505,174688,69710,357209,87395,15.3039711655583,28.5457093385048,942190,1224,12.689417579677
"05063","Independence","AR",2021,92268,41.8269030097872,889653,219563,283267,196140,70590,23.5735299892258,21.1306269234046,281591,1752,13.4278543083929
"46071","Jackson","SD",2021,427279,39.7111634816974,804594,282913,46702,150723,67243,28.9768465224188,26.1913476046175,612331,2058,46.3506121910177
"47177","Warren","TN",2021,19289,48.7805710872635,429466,205117,278999,129114,83294,13.4738345001824,6.71528620412573,576831,2016,54.7951128822751
"47169","Trousdale","TN",2021,437675,31.1101735709235,489239,455914,133909,330613,96482,27.8102470689919,17.384194729384,163340,2624,13.3832916524261
"29043","Christian","MO",2021,28163,48.9902915293351,242111,450479,253868,299531,66179,19.654948329553,7.87122968584299,241746,2498,32.8373948135413
"29109","Lawrence","MO",2021,899648,45.4189026262611,782357,453642,224368,229297,65260,27.1516195451841,16.8893198878504,388826,2438,28.9477686304599
"29115","Linn","MO",2021,437127,38.7762749288231,366981,97749,113487,126885,71369,6.55879969825037,4.24047922482714,760676,1318,54.1840051207691
"38101","Ward","ND",2021,312937,46.1319974344224,197197,282316,224783,69007,83669,23.3690029487479,24.0484833181836,840607,657,55.2922558994032
"38049","McHenry","ND",2021,46916,43.5455603478476,739404,241854,23620,122033,42127,15.9988973243162,23.2629454904236,536236,2154,35.1963203423657
"38103","Wells","ND",2021,24276,41.2710924400017,883786,195430,11935,48673,40756,27.7274707402103,29.2062244936824,339267,1520,10.5703400820494
"46065","Hughes","SD",2021,484470,33.3503104513511,235350,476988,145202,325245,73258,21.4527639572043,29.0540582709946,134711,2597,33.0008119251579
"47017","Carroll","TN",2021,391683,47.115242248401,726627,153287,108457,80452,88779,13.3276253484655,22.8804044332355,953697,1448,31.1625221301802
"47007","Bledsoe","TN",2021,30355,31.6263490729034,368945,459701,202731,62485,43713,20.2795838366728,17.9507897165604,640579,605,21.2853931612335
"35025","Lea","NM",2021,18206,35.8920446410775,594989,356640,282380,222966,37460,23.8466777733993,21.3717527640983,650032,1976,25.8392801182345
"29219","Warren","MO",2021,184463,41.5384154953063,156847,277310,86350,229568,65848,9.72655878984369,21.2908577104099,560935,2852,46.4395153243095
"29117","Livingston","MO",2021,734878,37.6406148681417,632454,202246,291090,222680,62485,28.8882206089329,15.8746121032164,645478,1374,50.1908826315776
"38025","Dunn","ND",2021,890417,48.9177160058171,563674,373587,215471,133966,80540,21.3168313214555,9.89307852694765,692701,2469,41.5091550699435
"39157","Tuscarawas","OH",2021,710155,41.1179821472615,873624,202793,226614,8315,86425,28.4529230743647,15.5689377640374,723063,1802,19.7470643580891
"39023","Clark","OH",2021,70660,35.9597197221592,333107,430658,248870,270286,67203,6.13061717129312,15.4683592636138,921679,1614,23.8089232845232
"47015","Cannon","TN",2021,762870,36.1781342513859,142779,353805,275283,49649,87575,15.0738117878791,26.661679004319,928519,1292,40.542660492938
"47061","Grundy","TN",2021,919351,36.071751723066,331727,258360,139181,60025,36230,21.0241769102868,14.1269717062823,908291,1361,56.8511832295917
"36101","Steuben","NY",2021,910090,35.213024946861,308226,69785,184432,378896,87494,26.6462331009097,22.5299520744011,646639,2781,43.9078530087136
"37185","Warren","NC",2021,556045,45.5280683469027,614432,404124,102236,394321,36956,9.41350333276205,16.1741414736025,592316,2914,56.9800353515893
"38033","Golden Valley","ND",2021,745358,35.0941308774054,254564,63235,101273,297049,33029,23.9399193506688,1.95261466316879,462250,2282,59.6308106812648
"29003","Andrew","MO",2021,939343,47.0015111519024,419530,320819,199685,45587,87088,8.82327780826017,3.12724431278184,599402,3000,41.069491954986
"29035","Carter","MO",2021,247096,46.0999696701765,141846,31726,196901,338874,96389,28.3786828874145,14.0474384883419,683702,2806,45.0538595346734
"29007","Audrain","MO",2021,416357,49.4430004945025,844330,269547,139148,195843,33961,7.06587439752184,2.2316238633357,822527,2680,26.8631199980155
"39109","Miami","OH",2021,724225,31.0878669703379,503934,298034,50075,84728,55034,24.7698873816989,9.60231360280886,855294,1238,27.024907108862
"39149","Shelby","OH",2021,442641,48.4621455939487,342372,375349,75796,225425,97003,10.7969878369477,16.5468477504328,693024,1457,11.9392439629883
"39113","Montgomery","OH",2021,772121,41.4823735132813,579868,416568,12058,339075,60522,20.9058779710904,13.8576072198339,443773,1400,43.3887760061771
"47075","Haywood","TN",2021,623915,41.1660239845514,775832,87511,281120,260795,93323,29.5928626623936,19.4942558929324,864093,1334,46.3113034982234
"47023","Chester","TN",2021,110464,42.1122950874269,724413,219510,70031,378051,87835,27.3211305274162,11.7200636467896,696772,540,45.8246246236376
"39081","Jefferson","OH",2021,810048,37.9931638762355,31842,476340,117735,120130,81975,11.6794299287722,21.5136271482334,497088,2838,44.0087886434048
"39039","Defiance","OH",2021,710350,35.3571914881468,514948,160113,60925,346717,52567,10.7748881052248,26.3195470604114,215768,516,13.7377452827059
"46121","Todd","SD",2021,896753,46.1247904039919,820460,242260,21021,182851,35962,29.0880853147246,9.90481307962909,872798,2900,41.6115125780925
"29059","Dallas","MO",2021,524946,31.5785734495148,168121,354062,27224,188511,30551,23.0535714840516,10.6972193601541,871678,2874,52.5129259121604
"29089","Howard","MO",2021,73788,35.7950942218304,726031,221221,76441,248483,50479,21.3386046711821,4.27301096962765,982878,2835,40.0142738269642
"29185","St. Clair","MO",2021,784610,38.9848325494677,871709,148299,204342,357277,59796,13.8611322629731,6.38807961484417,196669,1438,37.1426444873214
"39041","Delaware","OH",2021,534640,39.8401508899406,422054,351676,79311,306655,58708,11.4926527207717,25.1661181706004,858776,1034,32.3699851660058
"39019","Carroll","OH",2021,371405,41.495697083883,773522,175847,223276,222615,69456,5.83389889914542,8.01384748890996,755022,1175,42.7039213385433
"39131","Pike","OH",2021,997937,41.4298744313419,852438,426679,7999,321369,93075,17.4737545964308,0.806996170431376,293814,1093,53.7172421836294
"47153","Sequatchie","TN",2021,722017,35.1038341410458,701466,9178,190878,96518,59731,11.8375245144125,18.4873451571912,272923,2572,33.4412194346078
"47095","Lake","TN",2021,921352,41.2488107709214,888502,174571,138534,171006,44523,7.33861165470444,13.4157817577943,325566,1800,41.1068672803231
"47115","Marion","TN",2021,733621,41.9855679338798,592516,282979,253630,303092,63055,24.1787474497687,15.9182724310085,791895,2802,55.4862844781019
"47161","Stewart","TN",2021,908640,44.2812621407211,568561,453776,19088,226895,74631,8.50036901654676,3.48491290351376,857287,2837,27.794103641063
"29093","Iron","MO",2021,351158,40.6198651576415,310871,365670,52967,104302,49049,14.2801465129014,25.1311803516,704096,2438,53.5241641825996
"29063","DeKalb","MO",2021,183485,49.2723662918434,668757,428215,259102,59842,58372,5.64758628141135,28.3126783347689,989428,2046,11.5893589123152
"29203","Shannon","MO",2021,974270,34.9055520072579,69287,231069,109687,74067,65869,17.2519994038157,15.9658910916187,885410,2981,12.7864834992215
"39045","Fairfield","OH",2021,467459,37.7553749736398,613137,235106,186326,337445,52650,18.7449279252905,15.6773015367799,585031,1204,16.4869194640778
"39153","Summit","OH",2021,183798,37.1237753843889,438877,78759,115138,36287,37990,6.14824698539451,13.9914158172905,475104,2988,20.3081472683698
"39091","Logan","OH",2021,442934,36.6836629062891,16362,305216,38343,82077,74882,21.8218144739512,25.6246088678017,270043,1911,41.8894885131158
"48397","Rockwall","TX",2021,421140,44.001219458878,818775,231176,28719,153618,80703,17.7734295092523,26.9274994055741,263607,2208,25.8465166809037
"48123","DeWitt","TX",2021,733992,33.1545837735757,274555,210817,247893,104559,35763,12.6865758572239,17.815823990386,407534,1738,28.0986298131756
"48209","Hays","TX",2021,520318,36.2303121900186,174671,106038,271469,42459,41901,22.1629353077151,12.7896027476527,910012,1750,19.7662212676369
"48489","Willacy","TX",2021,294958,45.9389442764223,751261,398086,250118,153216,35917,10.7320872088894,8.44048358732834,998024,994,41.2673248816282
"48017","Bailey","TX",2021,75725,37.2003017738461,423550,475026,109992,324396,61838,12.8404304455034,20.4487517802045,779718,2425,33.437269392889
"30111","Yellowstone","MT",2021,32057,39.7315967129543,344231,351634,268764,328439,86666,22.8995213005692,21.3930702838115,739351,2121,31.8682955019176
"30097","Sweet Grass","MT",2021,406070,47.3204031540081,44680,423519,116490,97894,41724,16.298183654435,29.8424844956025,369089,1974,44.2027380131185
"39117","Morrow","OH",2021,265905,46.7309139901772,218888,103264,51337,61621,68335,20.3442088863812,0.56731240125373,191635,912,12.3858945001848
"39159","Union","OH",2021,159586,33.2568348292261,381354,109477,182118,72280,86450,20.4536314716097,6.0431116190739,562407,1211,19.1016182093881
"39057","Greene","OH",2021,744545,42.8401520568877,53417,469999,291186,7487,69402,7.16261474997737,18.8295025052503,883937,1872,47.553645693697
"48299","Llano","TX",2021,293974,31.4945401577279,346923,427426,144330,24986,86224,8.81310603115708,1.56344845890999,693366,551,34.6452822582796
"48257","Kaufman","TX",2021,813255,41.7196899326518,519202,354332,270153,334454,39186,8.81151005276479,24.7781649813987,127915,828,24.0762233408168
"48181","Grayson","TX",2021,870400,45.5725003825501,832453,405642,172287,380975,40802,12.0740881608799,19.8035091301426,252745,906,40.3387932945043
"48075","Childress","TX",2021,342230,49.4449830520898,537273,211987,248387,123443,72453,19.6629299153574,24.1241209558211,337552,1705,49.8935496574268
"48483","Wheeler","TX",2021,268858,44.3978785118088,183613,390457,147409,208060,84543,21.6031851258595,12.6363278017379,944978,2037,14.0066917892545
"51073","Gloucester","VA",2021,700160,31.196588804014,890617,142599,34091,291294,77549,21.8404620606452,6.86903805239126,297445,513,34.4386259233579
"51735","Poquoson","VA",2021,810139,41.1779532535002,122822,382004,274410,396375,50868,8.50455188890919,13.0551468534395,675574,2586,26.8607180705294
"53061","Snohomish","WA",2021,977181,38.5987644270062,435481,175555,244457,248589,34541,21.6642284952104,10.8402582071722,385120,1007,43.8662543334067
"30065","Musselshell","MT",2021,142757,32.6718392362818,455695,238430,175511,301781,65429,19.8099601326976,5.60814024880528,503365,1787,53.9237528480589
"30019","Daniels","MT",2021,381112,42.2304640710354,119106,474307,164185,379625,32285,18.1609275587834,29.2585447034799,498182,2050,19.1672651818953
"31041","Custer","NE",2021,686065,35.6489679450169,720143,321615,262364,272656,30424,18.1474001216702,27.7716318285093,540364,713,26.3991548935883
"39151","Stark","OH",2021,972048,32.3652034252882,206953,205568,42635,351418,45412,20.7049073255621,12.4627110594884,876290,2709,18.5396352456883
"39083","Knox","OH",2021,991461,45.0775784859434,82299,353371,15915,98330,52363,19.4319071259815,5.65084630390629,942422,1907,19.6783749759197
"39075","Holmes","OH",2021,696420,39.7556886635721,591373,196829,282687,201397,48883,6.90021799062379,21.1003761808388,194738,1228,20.0020773825236
"48291","Liberty","TX",2021,973142,38.8012819224969,870091,21337,249844,247561,47431,9.5325857179705,28.744038278237,276049,663,39.5545506523922
"48031","Blanco","TX",2021,202540,31.8377701891586,893713,472026,80408,382964,44068,11.644423387479,8.20242900168523,177534,1938,44.1840558685362
"48219","Hockley","TX",2021,363873,37.9409547289833,379432,356048,69851,145047,39216,13.1079072551802,2.83571438631043,386175,1928,56.6899616410956
"48149","Fayette","TX",2021,324649,36.4840771490708,602747,22910,12455,41716,90846,9.96489851502702,28.2018500519916,811993,1274,43.8799948338419
"48221","Hood","TX",2021,72952,31.9434796832502,318915,105879,264332,350225,87612,23.3770006522536,18.8040313334204,234860,2508,51.1335650831461
"51169","Scott","VA",2021,109629,36.1831042263657,730186,326697,105092,278219,76089,21.4403437112924,5.84926947019994,653647,2566,22.1180237736553
"51071","Giles","VA",2021,75978,39.1957078129053,639279,355151,213871,395272,60766,11.6564355802257,7.79251848114654,442661,1501,55.4495166195557
"31045","Dawes","NE",2021,349629,34.1535105369985,221431,299834,124582,317018,85106,29.0800767322071,27.7422893699259,817200,2701,45.0444985437207
"31123","Morrill","NE",2021,15463,48.9595239888877,536015,403823,294597,378163,86676,10.9335573925637,28.7976175616495,265425,906,12.3459116113372
"31037","Colfax","NE",2021,613140,46.6230102395639,178833,441661,155124,32798,88424,19.1267986560706,19.9716180120595,483189,2685,21.3804919994436
"31039","Cuming","NE",2021,118714,45.7217744877562,15010,144761,96576,91321,45951,21.5235991124064,0.963050220161676,797935,2748,31.8771980493329
"39071","Highland","OH",2021,561974,42.3173855897039,289635,384386,55415,166188,54284,25.6192304787692,19.9739888403565,757005,1840,42.5679417001083
"39173","Wood","OH",2021,293526,45.3249207092449,202076,1879,153406,211150,96888,16.5432935010176,16.8300975020975,930359,1021,51.0175252938643
"39055","Geauga","OH",2021,97986,49.8167415848002,398764,328574,258667,230164,77085,28.606278700754,14.1591101093218,804843,1653,13.0578139936551
"48065","Carson","TX",2021,451665,32.8365692216903,471203,65842,266587,10650,51023,22.5059114524629,10.4005024395883,787612,1454,28.5237208148465
"48143","Erath","TX",2021,614224,40.9093621373177,849033,206687,27840,6061,97702,6.5449333761353,11.3728154380806,698139,1550,50.6907437834889
"24039","Somerset","MD",2021,394672,31.8142010038719,470756,316851,150895,85023,56000,26.6069796122611,17.3430176032707,255966,2595,56.2386760045774
"02130","Ketchikan Gateway","AK",2021,759739,43.7184643978253,7386,462513,210545,88112,66685,14.4514911063015,26.5928564406931,493177,1936,10.4088397487067
"25023","Plymouth","MA",2021,883888,39.049319610931,306496,221292,212293,35821,59941,6.08704654267058,1.4230720885098,851843,623,29.4654733175412
"01127","Walker","AL",2021,661271,47.1347152581438,515567,100573,287355,200530,91842,23.3378717745654,14.2230648407713,618594,1783,13.6911866161972
"26033","Chippewa","MI",2021,890532,35.427189366892,319783,432648,167488,382864,99576,11.7303252348211,17.9436210170388,264847,2711,29.0352853387594
"39051","Fulton","OH",2021,908901,47.9013187391683,31171,413731,23355,133083,36399,12.8247523750179,17.9626007052138,116021,1221,57.5446588126943
"40129","Roger Mills","OK",2021,212899,49.0201818337664,701309,79553,245566,332400,98675,21.2980049732141,27.7694105403498,859954,2612,45.8672113856301
"40025","Cimarron","OK",2021,387910,34.2479952936992,619710,453687,18919,125555,93127,12.4891958967783,28.047279745806,676833,2034,52.3181010759436
"31023","Butler","NE",2021,787378,38.410678235814,75465,391739,269649,324391,66217,26.0340257966891,1.99100446421653,850035,2338,57.5993574480526
"31011","Boone","NE",2021,684643,35.1259093126282,259338,398684,5840,285589,96251,9.60041359183379,13.2004292984493,804249,725,31.7261615209281
"31117","McPherson","NE",2021,362979,47.72819631733,710712,411751,68435,348878,72559,27.3041484074201,25.9731532470323,389065,2446,38.6968265776522
"31079","Hall","NE",2021,939618,30.993834733963,386696,174730,243044,380269,51952,28.2921405870002,2.85597434034571,202219,2607,47.0049644494429
"39121","Noble","OH",2021,129887,45.5842117452994,161596,489417,281149,391186,57847,16.9260931620374,1.9074478559196,114469,2861,33.7477420596406
"39031","Coshocton","OH",2021,198620,43.8931069895625,858113,136440,31871,38605,45819,5.80958307371475,12.4722854350694,562924,2430,58.7917458987795
"40121","Pittsburg","OK",2021,540327,47.4582135863602,886021,376112,1003,306152,54429,17.8767151909415,8.37856398196891,442311,2450,43.4837940055877
"01057","Fayette","AL",2021,558934,38.3983787568286,260819,446749,172623,39840,72601,24.5726356992964,6.73247434431687,443245,874,49.3915374996141
"27099","Mower","MN",2021,977380,46.6235193377361,526020,88591,130867,65184,81960,18.981600117404,14.3953197821975,912623,1589,33.2966519310139
"27157","Wabasha","MN",2021,330742,40.9128016419709,448314,76278,93563,392044,45164,28.9415551885031,6.1955486331135,291301,2044,39.2481719749048
"41041","Lincoln","OR",2021,716660,39.3727114470676,763490,339158,194380,66182,58440,18.8137767266016,20.3992687398568,885029,1541,56.7312152148224
"41009","Columbia","OR",2021,126381,48.6156911449507,837746,286322,16520,96250,58503,28.3574408688582,23.4049776289612,687960,842,54.3000594154
"42105","Potter","PA",2021,116792,41.8808536836877,724854,6363,60154,27141,71468,8.91816438059323,28.8732590060681,258688,1475,30.8259747945704
"31159","Seward","NE",2021,417901,43.7641153391451,284444,341016,290960,123981,72732,21.3222050061449,6.81429044343531,185932,1098,13.3189357956871
"31019","Buffalo","NE",2021,290551,34.667980489321,194915,200403,290626,152879,95571,9.75738665554672,24.1445953468792,486594,1779,11.2337762978859
"31097","Johnson","NE",2021,546139,39.0446579596028,143490,390024,174425,87881,85998,17.9055210156366,18.7313494202681,637541,1713,54.7693891590461
"40137","Stephens","OK",2021,440700,35.5107410578057,395154,102013,39521,79724,38795,22.7657406020444,15.0790508533828,898731,2457,53.4590810444206
"40149","Washita","OK",2021,145457,33.8100330764428,444711,437881,124145,124326,82832,18.699444453232,28.2654284290038,216626,665,42.2437297436409
"40077","Latimer","OK",2021,125559,45.8781921118498,826006,360962,92703,19292,79644,26.209768531844,12.4400246771984,667625,2710,15.3132242988795
"27135","Roseau","MN",2021,118683,39.0618231194094,268415,33091,50537,131197,67726,26.2961987126619,16.4838863653131,703430,1515,27.5432694260962
"29021","Buchanan","MO",2021,732164,41.9813850196078,333831,241983,207054,356916,54997,14.8041054152418,18.2251459476538,125866,2136,28.1179879349656
"27041","Douglas","MN",2021,531759,44.5021004322916,119806,36318,9057,176699,49030,24.7576105012558,17.2318017203361,810654,731,18.7278916151263
"27057","Hubbard","MN",2021,188596,35.518658910878,472080,38961,58594,188971,62535,6.86022542184219,18.688656615559,737061,1315,21.0106928506866
"27029","Clearwater","MN",2021,285216,44.0424845041707,455480,423454,212134,262964,45485,10.142672668444,18.5810088389553,992717,1858,33.610017390456
"27159","Wadena","MN",2021,835521,32.0965169835836,132458,191278,23540,122997,44645,28.2415857841261,1.90057848813012,563559,1231,55.5944616463967
"31001","Adams","NE",2021,437361,40.7560658128932,486984,44274,132453,359037,56921,14.7591751895379,26.0295274481177,739025,1097,24.4347273628227
"31099","Kearney","NE",2021,959839,43.9573236601427,453972,325564,179600,306712,41827,9.54769565840252,16.2834856356494,554059,2419,44.3049881514162
"31017","Brown","NE",2021,967187,34.3565109185874,779575,341640,232722,219736,65283,8.04929438862018,19.5588128641248,160608,1052,45.8455198816955
"40063","Hughes","OK",2021,480584,30.7641488360241,328917,447514,131957,27835,50471,24.6844500373118,29.0278593963012,599979,1489,21.9825594243594
"40093","Major","OK",2021,634762,46.2044771527871,821455,495098,61949,227039,69503,10.7126259547658,16.3161193043925,753373,1559,23.7898078886792
"29209","Stone","MO",2021,122960,34.7183600673452,657507,354962,177151,23835,37097,19.8658364720177,22.9706408595666,795135,1796,37.4352247128263
"29127","Marion","MO",2021,486959,35.2691785106435,877242,77020,24694,345198,39063,10.5425840779208,19.5042418129742,406847,1555,45.1855599554256
"31031","Cherry","NE",2021,207174,43.7330069253221,466669,348836,149497,264786,59884,27.7612484362908,18.2850637938827,371879,2555,41.3527971738949
"27143","Sibley","MN",2021,513038,46.8973440909758,644799,259488,194686,163494,36449,18.1948953028768,23.7541149510071,109401,976,42.9975305008702
"28067","Jones","MS",2021,458929,34.1086216783151,382434,29405,31927,276057,68809,25.5081389460247,3.03528898162767,141996,1539,28.5200462467037
"28017","Chickasaw","MS",2021,339679,47.9481968749315,300182,71073,43264,297661,63128,24.2579028254841,10.3230428835377,753025,595,22.6472248346545
"28013","Calhoun","MS",2021,446768,33.1226911302656,113546,327071,26580,33907,33096,12.0121502678376,0.615820556413382,111267,564,35.6378115620464
"31005","Arthur","NE",2021,434590,44.1075366968289,800123,103146,184822,9696,39588,29.1417037905194,4.65713016455993,347787,968,33.7136412644759
"32027","Pershing","NV",2021,743832,31.2985484488308,613126,410594,49438,320685,65788,9.50068362406455,7.59315872797742,364549,2429,11.7139071249403
"32021","Mineral","NV",2021,590009,45.460479198955,331581,385361,229462,259478,84984,29.216430191882,17.6074421242811,758339,1927,31.6561603010632
"33001","Belknap","NH",2021,161318,37.9266108339652,478074,473309,227366,310741,42228,9.69974335865118,14.8851903132163,696623,2589,38.1581373303197
"40055","Greer","OK",2021,863218,48.5435148654506,478406,163020,259165,338637,55188,12.3241340345703,26.7297830223106,681212,1640,56.8777173548006
"41069","Wheeler","OR",2021,831872,32.3870809469372,688274,101969,286121,3846,59941,26.056001575198,28.7423161114566,465140,1998,29.5577348815277
"31055","Douglas","NE",2021,531254,47.947152396664,17564,358936,167998,255391,35544,22.4158590787556,1.28231085604057,226846,2556,18.8989167590626
"28125","Sharkey","MS",2021,662308,41.2680641142651,122132,276687,103837,161567,77682,29.3601262394805,10.034039968159,468451,2258,44.0587621903978
"28159","Winston","MS",2021,652755,45.1370198931545,42958,396838,35603,361384,88488,16.3883660058491,19.6555899828672,886830,626,19.674099762924
"28145","Union","MS",2021,235306,33.7254590168595,795019,403459,87472,357178,40122,23.804049649043,20.2321274857968,218470,2814,52.3720673308708
"35001","Bernalillo","NM",2021,632357,37.1694184234366,606401,34953,30018,26814,44133,29.0808306785766,18.6345821293071,686525,2384,20.048905806616
"35047","San Miguel","NM",2021,487111,49.6491559036076,183074,189573,223126,42064,75176,24.2282875184901,11.2340003997087,733394,2119,39.0016148821451
"35053","Socorro","NM",2021,531199,31.8223412288353,487522,493875,224721,52222,50509,7.31756615685299,9.20505675952882,906273,2842,44.2805090593174
"42011","Berks","PA",2021,938291,38.2569326693192,68694,185792,3634,292124,63399,28.6266890133265,27.4055186659098,657382,1209,35.2538040629588
"42087","Mifflin","PA",2021,327142,43.4993377514184,111165,53449,220057,193756,67375,5.54393122554757,4.16172452503815,642626,2987,12.0535494200885
"31015","Boyd","NE",2021,971984,31.1270937370136,99003,69932,2660,263344,55801,24.900941074593,1.0799027653411,174771,1465,47.266298267059
"31057","Dundy","NE",2021,512598,35.4754758207127,738555,95885,44933,83768,32233,16.8362497363705,10.3954135347158,919918,1051,43.1502001849003
"31049","Deuel","NE",2021,781027,44.3036028696224,19202,117888,87674,347223,36726,23.1133373233024,25.6316780322231,499705,1501,57.5587773020379
"28097","Montgomery","MS",2021,250024,38.6730734724551,533936,61431,223206,237966,84906,5.3798351099249,11.1650100233965,571508,1839,16.1116757104173
"28007","Attala","MS",2021,132868,43.1599778495729,196883,217816,117550,337272,42341,19.1957042505965,9.48990911711007,985967,1162,17.2057369397953
"28061","Jasper","MS",2021,640620,44.7904787724838,339947,94939,119941,94101,83152,28.1376303592697,12.5711002224125,415471,2782,32.3661139374599
"28015","Carroll","MS",2021,353465,37.0170231675729,860485,237029,241113,327072,41303,27.8324431169312,9.45909543894231,221745,622,47.5174982124008
"28105","Oktibbeha","MS",2021,71352,31.3123821234331,564378,347807,258006,55904,72662,16.2312278128229,0.951210013590753,243626,2870,41.5205337014049
"35057","Torrance","NM",2021,390117,49.6658638725057,599929,105911,68145,127838,45168,10.9923872584477,13.1830675341189,296216,2573,26.3894157623872
"35028","Los Alamos","NM",2021,262829,47.7065867930651,218845,218683,9046,62209,56290,26.8961631471757,15.776668342296,973520,1981,40.512942688074
"36109","Tompkins","NY",2021,804078,38.2411594362929,610554,19587,78451,320632,97670,7.91238303179853,7.48335815034807,206264,2196,34.6378286276013
"42053","Forest","PA",2021,134999,31.8365761032328,214204,485676,213337,188975,65660,21.8638467905112,4.88643407821655,862726,1944,32.8607393801212
"42093","Montour","PA",2021,277748,42.5139659643173,865841,90333,65076,246256,58394,19.0986016893294,25.7323868852109,132194,1353,45.3237516712397
"42107","Schuylkill","PA",2021,342843,48.2668032683432,33751,228576,55026,20819,96146,16.8737077282276,5.05479587707669,535634,2561,44.8476797924377
"31177","Washington","NE",2021,742092,42.198383025825,704492,295503,276295,129433,61255,22.8323442814872,12.8404959384352,724507,1854,30.5022263806313
"32009","Esmeralda","NV",2021,580983,41.6756145562977,600900,118717,74155,374846,55395,21.8330907123163,11.0382603993639,713396,1155,54.7558659012429
"32013","Humboldt","NV",2021,977353,45.2031063335016,658768,460563,98467,27628,38324,29.1148344939575,3.21243293350562,174224,2047,29.4415017380379
"28065","Jefferson Davis","MS",2021,374493,45.1145846536383,83956,494824,236197,367355,81970,23.0315395933576,2.87226770538837,253950,2817,16.3705077394843
"28063","Jefferson","MS",2021,592322,37.0387071138248,429251,61976,6402,396073,58257,29.0480319946073,1.73603005707264,108206,2891,24.9580478551798
"36121","Wyoming","NY",2021,433178,36.9511141907424,448199,273788,61923,165790,68019,5.79946125042625,3.11239758040756,199792,2600,25.3047344880179
"37105","Lee","NC",2021,539300,37.4086955748498,41395,231247,84090,195060,40385,12.6436420960817,12.9013758176006,547782,2661,46.8888017605059
"42065","Jefferson","PA",2021,966984,48.8622388010845,881942,409660,17104,335931,41078,29.2054013477173,2.53712315345183,580437,2696,41.204078043811
"42047","Elk","PA",2021,230799,46.1795709934086,426644,1112,289349,118590,57194,17.0062633301131,21.3007854390889,616075,1173,11.6492853523232
"45071","Newberry","SC",2021,893549,36.85998568777,161060,451983,244103,68597,37300,9.66638264479116,2.04014741582796,300331,738,15.1455503911711
"46077","Kingsbury","SD",2021,175103,48.4712438099086,832232,283331,48128,305022,95035,13.4884271316696,3.20013810647652,680870,1482,34.1210890351795
"46043","Douglas","SD",2021,938324,46.0901484219357,481797,180427,291197,232004,88099,29.4840854196809,0.50138917285949,513089,2491,46.0591582022607
"46025","Clark","SD",2021,367675,33.3411922398955,235766,16766,151832,58997,50428,14.3003048619721,5.47293781070039,117638,769,30.4609632259235
"46033","Custer","SD",2021,888660,30.3363767685369,298681,107266,131013,123053,78221,21.6451165219769,8.67603820050135,672167,1476,17.2164640412666
"46063","Harding","SD",2021,985313,46.1601732298732,266743,387528,7184,29128,43514,28.5508138895966,4.41680805757642,599608,2175,54.047632406
"28037","Franklin","MS",2021,297390,33.7752831261605,110623,128271,260078,372363,63937,8.51130039780401,15.7717963401228,259172,1406,34.7053816565312
"29179","Reynolds","MO",2021,786160,32.6812518155202,205776,488464,55108,69934,46839,19.195739524439,6.11283996608108,211863,2546,13.8635834003799
"29151","Osage","MO",2021,110278,30.7448389939964,508338,251026,269433,276154,52284,23.3798546728212,20.3000876214355,372395,872,18.7928870576434
"37069","Franklin","NC",2021,247476,36.7134094517678,20031,325546,46919,253732,92257,28.8117807137314,3.32871275721118,218655,1803,26.7825507814996
"37003","Alexander","NC",2021,709255,47.2224267572165,504492,7703,217242,184880,96616,6.9112950656563,21.9236834021285,481355,2814,11.7756980261765
"46111","Sanborn","SD",2021,986567,32.2969637438655,721137,67544,151902,80800,93668,11.0632046253886,3.48262419691309,309977,536,40.8123018592596
"46005","Beadle","SD",2021,181824,42.4808678822592,63060,188877,57589,99015,63456,26.7101713293232,21.3912373571657,323928,2305,22.3178734793328
"46125","Turner","SD",2021,362478,46.9015561230481,491454,29799,149872,113398,60353,27.1769312454853,15.5459727952257,850051,2879,33.803261469584
"46107","Potter","SD",2021,187571,30.4085650900379,518469,458902,243371,197603,62613,7.26508709602058,27.5895999348722,450694,2640,50.4209300642833
"16067","Minidoka","ID",2021,631336,41.8535221740603,683999,202979,107058,32816,78518,20.4041875968687,10.0876247626729,926322,1266,29.7694177390076
"16051","Jefferson","ID",2021,992166,34.7260928759351,780723,471205,236921,46085,90692,15.242616024334,8.63994376268238,212854,607,29.139721407555
"27067","Kandiyohi","MN",2021,141278,36.1299833562225,214060,381902,79313,317208,92668,10.1467925135512,15.8987937262282,304824,903,39.8584061907604
"27085","McLeod","MN",2021,879713,48.4803498629481,22437,233450,140100,224048,76952,8.74077477026731,29.7811780893244,722019,1573,53.4689498739317
"28133","Sunflower","MS",2021,323689,37.076040674001,811032,267749,188170,268687,55385,17.1850606577937,3.51945035392419,379084,2548,19.9080290878192
"39103","Medina","OH",2021,945184,49.5138642471284,736205,388095,83118,126138,38989,27.8548716055229,7.24536775611341,925162,957,18.8665604474954
"40057","Harmon","OK",2021,857407,31.1855027452111,534593,484000,217214,398353,30609,21.7439817509148,5.08837343193591,220790,869,45.0215458311141
"42069","Lackawanna","PA",2021,562863,44.6377962687984,458745,152367,166029,263524,76749,5.72332345298491,26.6780565516092,499352,544,55.4145344207063
"42041","Cumberland","PA",2021,469962,45.4333045566455,295440,368864,150099,204715,61071,11.0838452365715,4.98439458198845,768092,2386,45.9512527938932
"51035","Carroll","VA",2021,80466,47.0205771457404,630116,267610,128675,332031,84156,20.3463078546338,3.5050032637082,661531,2518,49.2532486584969
"54089","Summers","WV",2021,827178,38.2932530529797,719460,404132,226711,160455,61236,27.6560580427758,13.7787334132008,150961,1075,46.9381957687438
"17033","Crawford","IL",2021,408569,49.2109713330865,643908,480223,171487,7498,57209,17.0095691469032,7.12583982618526,887202,791,44.1391244670376
"18093","Lawrence","IN",2021,650070,44.5688964705914,680126,69864,97955,74521,80374,13.0387172405608,18.9715413353406,213292,743,56.3687497656792
"19113","Linn","IA",2021,278143,49.8552226927131,609448,10284,223414,298370,86058,11.638089963235,15.8829306252301,143038,2870,17.5503893312998
"19087","Henry","IA",2021,981268,40.0060897367075,707777,117861,13763,44564,37228,22.6589527342003,27.4396337592043,809157,2928,24.4337851903401
"28025","Clay","MS",2021,861101,34.1167087899521,590608,122701,7408,184850,33220,7.6369099970907,17.8404482477345,412745,2038,32.0807642908767
"28115","Pontotoc","MS",2021,774344,32.3965683579445,447421,347870,270064,234586,81561,10.3337371908128,1.69957280857489,790301,1004,48.6862763669342
"28009","Benton","MS",2021,752177,37.9596412787214,651431,262943,176743,128149,53410,29.0206996910274,15.1561755593866,374314,1217,24.3215346033685
"47043","Dickson","TN",2021,304511,42.7844273205847,213173,204996,272775,388635,33937,10.1420764590148,18.9275174564682,822740,1243,23.5307315737009
"55009","Brown","WI",2021,987177,38.0744739528745,93745,205500,207694,333337,61424,26.5931376442313,7.9863017401658,610473,932,22.3600960010663
"05083","Logan","AR",2021,90412,43.6991311749443,286053,407808,38081,187582,53868,7.60064665344544,27.5174505170435,595432,2665,54.3093844805844
"19197","Wright","IA",2021,495944,40.5055475234985,652459,489801,223845,187094,31771,21.3832841208205,17.2450185287744,921306,2265,51.3293406018056
"19187","Webster","IA",2021,734537,47.3911758186296,724177,114368,170753,336875,72328,6.58161178114824,22.6378798973747,758142,2171,34.5873128413223
"19125","Marion","IA",2021,877474,33.5875271353871,575521,12264,157908,198941,90300,11.3012363563757,10.5069393874146,182093,1911,42.1685328730382
"19083","Hardin","IA",2021,631307,47.0040417509153,757356,260323,274489,387572,36696,6.71254693414085,25.7946375338361,964389,2556,44.870616637636
"19135","Monroe","IA",2021,26215,45.8903098478913,823492,68489,277246,180306,45958,16.5007358952425,16.7043864238076,403600,661,59.954271723982
"20095","Kingman","KS",2021,375346,47.0866765500978,890181,362749,69174,3572,72616,15.8177398389671,10.0113324844278,673775,2108,22.5237552798353
"29073","Gasconade","MO",2021,147585,34.2345166532323,357766,272452,79479,245517,41306,16.2137107877061,9.61469643982127,184005,1155,12.2424415918067
"13047","Catoosa","GA",2021,262717,33.0761271808296,494113,207958,227390,151057,91547,27.959896014072,10.7120387046598,674357,2467,34.263820447959
"17137","Morgan","IL",2021,161651,46.5163834439591,714711,387606,125856,123375,55311,22.0106104924344,4.73099794238806,709793,1946,29.0159956226125
"47087","Jackson","TN",2021,579212,36.3903010776266,257394,134924,96882,135444,93628,21.2701273453422,4.27756293676794,649626,1121,54.5059835910797
"48329","Midland","TX",2021,76935,32.9017449822277,176034,113502,270285,206067,89864,15.0181521847844,15.9728969098069,146583,1200,39.4310646713711
"48249","Jim Wells","TX",2021,706149,33.6636766279116,768564,31590,5180,242181,65119,23.5880841512699,25.0018941890448,540427,787,35.9285145322792
"48431","Sterling","TX",2021,259322,36.4920746348798,427083,476903,54544,74421,37204,17.5747122103348,23.6862789164297,486603,723,19.3837953871116
"08061","Kiowa","CO",2021,739743,39.87350047566,695351,181492,232477,111482,53559,8.34245798294432,24.8185930517502,807091,2787,30.1074475189671
"13287","Turner","GA",2021,612102,30.1527622109279,832150,365937,106246,155480,97846,16.4851046411786,14.6505891834386,829000,2057,41.5850921906531
"20063","Gove","KS",2021,603509,33.4752633050084,732972,380349,280756,316827,94137,24.1513642901555,17.1499606920406,918419,1891,15.52295637317
"20065","Graham","KS",2021,692419,48.4393053594977,378445,397192,49818,136129,47446,20.4770475404803,24.3019307102077,448372,1549,40.8569487300701
"21061","Edmonson","KY",2021,495667,38.4318323479965,431995,9384,15669,108994,73722,25.189400552772,28.172173909843,694175,1796,41.6817504237406
"21081","Grant","KY",2021,91257,45.2268059086055,475636,420929,46059,55792,33982,21.1778833600692,27.5031743058935,130082,622,29.1781521192752
"39053","Gallia","OH",2021,842555,35.3316834196448,495808,388482,194438,184199,42158,5.00058469595388,9.49255563318729,715839,2516,42.8145601204596
"39155","Trumbull","OH",2021,611685,44.5926036639139,796642,100532,149583,268764,90030,18.9917777094524,10.1617440395057,671986,2371,55.3734448528849
"42007","Beaver","PA",2021,416051,47.8502124827355,328196,64582,18246,45079,65274,8.52381248958409,2.2611654130742,720096,2805,51.8878812924959
"49039","Sanpete","UT",2021,722488,42.0952442707494,457839,404811,117365,276906,48206,19.949386700755,7.78577709803358,562441,1643,14.4018558692187
"51690","Martinsville","VA",2021,113429,42.9206329956651,472239,98653,195489,157624,80094,22.9291979118716,21.37948585907,385429,1306,37.5261173257604
"55139","Winnebago","WI",2021,466173,36.6283773072064,13822,55411,586,395113,51266,22.875137203373,7.19900725409389,641044,2790,19.4106114236638
"72009","Aibonito","PR",2021,146660,39.386520953849,415312,39194,156116,342974,41945,10.0375906634144,19.8648431967013,756607,636,22.3616178520024
"27095","Mille Lacs","MN",2021,66505,45.4295928077772,77394,80034,79460,275625,45280,17.951972981682,18.8262583734468,206501,988,48.5473559726961
"31109","Lancaster","NE",2021,957518,43.4696446824819,515597,371089,57922,192451,56030,12.5989921519067,17.3796255793422,957879,1371,47.1756652602926
"38069","Pierce","ND",2021,35448,36.5852810395882,10418,324015,57772,142358,68381,6.68087648344226,7.20911621348932,803778,2526,24.4046697532758
"46029","Codington","SD",2021,294287,37.2254275716841,672714,421777,97819,88226,98317,13.6432746727951,11.9964550738223,916708,2640,47.3131543514319
"21113","Jessamine","KY",2021,237865,38.8569375732914,380045,479567,19076,76144,35492,25.962531544501,23.196063330397,358033,1229,19.2908132704906
"46047","Fall River","SD",2021,443767,32.9797126539052,418163,67895,215598,1469,37047,5.87609123438597,26.8350367527455,152412,1230,44.9177130847238
"47047","Fayette","TN",2021,742501,43.6423814622685,148879,303563,14032,347230,80531,16.4732240850572,1.89473855076358,364856,1554,50.2510783285834
"17067","Hancock","IL",2021,494913,30.7727289479226,899933,403965,57637,392672,35874,19.6749975392595,2.30937947519124,281688,2928,52.0599491451867
"18111","Newton","IN",2021,418104,39.8428260255605,119799,195582,191748,169706,48407,25.0222485815175,22.3346426035278,888421,2265,16.5813340479508
"19089","Howard","IA",2021,278935,38.8370344415307,360404,15476,69630,37970,64090,29.1682073858101,10.2169352956116,914458,2434,48.516015408095
"18067","Howard","IN",2021,819216,37.7423436194658,495044,458550,13542,335491,31128,15.8687698433641,1.39047685777768,200312,2337,45.106324905064
"72101","Morovis","PR",2021,554543,35.2555076545104,91271,98487,161668,146371,38034,26.0711839958094,9.10207613138482,610652,1601,48.4634186746553
"72117","Rincón","PR",2021,405046,42.4346869532019,803723,405442,11617,222140,45789,21.2105457158759,7.30948186246678,915627,719,36.0815902263857
"72143","Vega Alta","PR",2021,374770,37.7264879038557,562124,291346,232918,105123,91171,20.6467588501982,13.0747122899629,576793,1829,58.9877608371899
"01061","Geneva","AL",2021,33484,48.0642532603815,390348,320548,284076,66285,35816,6.20739909471013,12.5251658633351,128932,1380,11.5288103953935
"21077","Gallatin","KY",2021,635225,43.1473605241627,605007,117169,79013,20040,39972,25.8676482259762,11.4027578034438,307740,1167,19.2495266231708
"48365","Panola","TX",2021,188535,37.4108037119731,595214,105853,208638,327210,98081,17.3468794336077,0.772867854684591,403724,2185,10.8090507471934
"51700","Newport News","VA",2021,595159,31.6441771900281,392062,243572,149429,347526,91572,7.69299494684674,0.352606151718646,108470,2317,30.160149957519
"20039","Decatur","KS",2021,98023,31.0531052295119,17460,132074,237549,273873,98860,28.0422277934849,27.7464566775598,847472,2591,55.7933466648683
"21161","Mason","KY",2021,805555,49.8783294949681,404007,252420,103572,236728,35784,13.3302387269214,5.69774526637048,604184,728,50.45735335676
"40119","Payne","OK",2021,384205,46.815604227595,30366,361578,84397,399432,61451,13.1320068507921,19.2604635609314,181099,2018,59.4470405741595
"02105","Hoonah-Angoon","AK",2021,123007,32.9057493014261,662090,308137,71135,69114,39628,22.7829580323305,25.4941256996244,387833,2325,36.4127513510175
"72085","Las Piedras","PR",2021,669797,46.0498807393014,875415,231903,5350,325799,74621,10.7979864242952,27.0475080586039,165671,2887,24.5271001500078
"12085","Martin","FL",2021,487893,43.9500834606588,444583,294582,211356,143624,75703,13.1599269178696,5.41755786398426,616831,2924,12.6160775101744
"17063","Grundy","IL",2021,853752,38.6504319915548,605051,151720,158447,149872,51523,17.7451587992255,11.0737565578893,668160,2188,35.4481122712605
"27011","Big Stone","MN",2021,909300,32.750477520749,399039,337220,46084,63347,70585,25.1971532951575,14.5894037559628,685510,978,58.7914802739397
"28003","Alcorn","MS",2021,515480,47.7114862529561,878589,179776,81698,223679,41582,8.4693299792707,18.6739231296815,836316,994,32.6935058948584
"31065","Furnas","NE",2021,128304,41.5154688386247,887217,173401,196458,363618,39369,24.8793380812276,15.6683542742394,899256,1893,33.9164335886016
"51115","Mathews","VA",2021,920018,43.8253474561498,459020,248340,198751,22076,79669,18.534159300616,11.718958360143,762658,1931,18.5505154798739
"01079","Lawrence","AL",2021,675335,44.6745481016114,12383,348617,45202,307534,99818,8.14785481314175,29.5066957245581,358945,1534,32.7846510242671
"01027","Clay","AL",2021,332837,48.3352077007294,94630,7995,216150,255433,84984,8.87378595769405,25.0542070297524,376610,2239,26.8563884915784
"27133","Rock","MN",2021,646061,41.871910574846,619663,128869,247111,188981,30851,15.5254355759826,5.19849866861477,498633,1828,37.1680174279027
"05049","Fulton","AR",2021,813811,34.2387055233121,551051,89912,88319,278691,89134,24.5045087544713,29.5366913778707,523000,1645,29.3279924336821
"39001","Adams","OH",2021,426380,44.791720234789,102735,375613,169682,241463,37911,13.4329501434695,3.7285447306931,311627,2740,34.4130419334397
"17117","Macoupin","IL",2021,744323,49.2040392756462,626663,33063,77906,89021,54154,27.5426894146949,13.4149376372807,342294,1994,32.4117349484004
"32007","Elko","NV",2021,423304,33.7543784501031,676626,76046,244666,248511,30317,22.7931194775738,9.95767516549677,585381,1034,34.8509617289528
"35003","Catron","NM",2021,417278,49.465357651934,330199,481156,163828,346248,59181,8.74617996858433,1.24328622361645,175613,2621,49.8606681381352
"39111","Monroe","OH",2021,577608,48.5922452900559,243657,230125,239500,82168,87691,9.50585609651171,15.5973957851529,354204,2145,58.3527254895307
"22011","Beauregard","LA",2021,846857,38.7756305839866,179202,463963,221328,199620,71822,9.41225709510036,0.112264319323003,273004,1191,28.2598561514169
"51089","Henry","VA",2021,445215,42.6454099081457,888409,268553,134448,95075,84061,28.002422467107,5.43267806293443,835681,2359,52.1460421523079
"29186","Ste. Genevieve","MO",2021,26987,34.8787632910535,576368,135732,120207,45332,71901,10.8009732456412,6.09102953458205,253423,825,12.5318388012238
"32510","Carson City","NV",2021,840738,31.4550462504849,18331,242541,200298,11936,56107,6.59249429125339,15.9737174143083,739627,1973,41.0006968793459
"16017","Bonner","ID",2021,469698,46.3907440006733,24350,428391,163368,98166,41377,9.96931881643832,10.0860305037349,315052,2029,25.2411284041591
"17157","Randolph","IL",2021,628218,31.2946240464225,113908,93119,150834,27812,51617,15.4025441454723,26.4409020147286,816336,1838,54.3870258517563
"47109","McNairy","TN",2021,69706,30.4321443010122,122935,127597,51913,7292,90992,25.7445370091591,20.1332014845684,716672,597,21.6532610263675
"48505","Zapata","TX",2021,295779,30.8999677095562,561444,269838,184910,392701,72108,16.5267922868952,25.7530248351395,593384,2296,25.0785428937525
"08009","Baca","CO",2021,282749,44.854523781687,172713,102090,205070,379035,45442,9.20062649645843,24.7369714197703,834336,1739,23.3459979435429
"02020","Anchorage","AK",2021,354757,33.1315627414733,861190,397507,214258,378204,96850,6.05018641334027,7.88819880690426,407586,2435,28.4339984902181
"02185","North Slope","AK",2021,638176,45.3433279553428,38103,366169,280890,313592,74741,5.79067153274082,17.1732056303881,775482,957,45.0320178898983
"51077","Grayson","VA",2021,256043,46.3575220108032,74886,433326,150205,99599,88225,25.5724339291919,22.9276484856382,957364,2358,43.2036884734407
"53059","Skamania","WA",2021,568604,39.0279983915389,659376,164983,17714,307679,87282,29.4613380054943,5.23119078716263,569942,2771,22.6842150464654
"35013","Doña Ana","NM",2021,721613,34.1663302015513,478035,159809,112525,127002,31495,26.8036496196873,25.0967953889631,975273,1278,35.074440264143
"36015","Chemung","NY",2021,92175,31.235454371199,247266,136909,172227,60943,49314,25.1919518760405,3.87769524240866,290108,2436,11.2920027715154
"26101","Manistee","MI",2021,540375,47.3072357336059,402634,378177,47204,320200,83255,25.5094222445041,17.4848147062585,362050,2242,24.9950418388471
"19131","Mitchell","IA",2021,352194,33.7823080876842,871884,366538,73947,94140,42421,9.19356634956785,28.6108804447576,941161,1585,47.565701326821
"19159","Ringgold","IA",2021,262424,36.9289729371667,61782,18012,181827,92856,62771,15.417935019359,12.8167728963308,454058,2743,33.3636062592268
"26127","Oceana","MI",2021,387944,31.547598852776,95901,411828,83088,7767,30966,22.8168534650467,12.1093196631409,415743,2282,47.9441192606464
"02220","Sitka","AK",2021,441852,44.9583114963025,863961,50625,195648,339601,80999,29.2324931663461,29.1171079175547,673607,1285,59.2489666328765
"01087","Macon","AL",2021,161736,45.4616800695658,707011,258913,283018,111544,84874,26.9836793316063,14.9057817226276,115910,1634,27.8928187582642
"27047","Freeborn","MN",2021,468997,38.9868117356673,125092,390495,271131,101031,31825,23.9631356566679,3.59991300618276,616910,1722,19.8833635100164
"27049","Goodhue","MN",2021,102586,36.6164983483031,397824,431205,66917,334572,87282,25.912817917997,28.0128886643797,951341,1546,53.3699711575173
"53003","Asotin","WA",2021,992944,30.5117915710434,224692,427187,274183,74672,50208,19.889613800915,29.9435593443923,282048,2433,25.2275148779154
"55089","Ozaukee","WI",2021,725732,33.0243709217757,442932,412924,254854,228546,45052,9.6297627792228,29.2618479975499,410752,1886,17.2602270869538
"56021","Laramie","WY",2021,144056,47.2937814705074,336694,177385,226144,124955,37805,26.934856014559,22.9192965128459,335825,2022,32.5623024511151
"48147","Fannin","TX",2021,596600,31.6868036286905,160841,471161,266733,303280,64691,24.271293777274,20.4013753635809,263561,1808,21.6965318098664
"53009","Clallam","WA",2021,405217,47.0217781234533,102726,285295,230474,364677,87481,19.2107053950895,14.3977353069931,970235,1629,37.8625212726183
"54077","Preston","WV",2021,348458,43.8419976551086,145868,53594,68150,382800,79657,22.6097986812238,27.8059341036715,346951,1314,11.8203173181973
"20107","Linn","KS",2021,938419,42.0152077777311,1769,234537,255384,112580,58865,29.6684722311329,22.1085534221493,518781,2276,18.4296891931444
"20117","Marshall","KS",2021,354787,31.8334912229329,820306,332362,28972,25002,70806,10.7388261833694,7.63962333323434,849367,1279,36.499899267219
"40043","Dewey","OK",2021,931802,44.1341323126107,614930,496385,149278,351414,93886,9.19134966214187,20.822111510206,494054,1310,19.3757742666639
"27155","Traverse","MN",2021,669148,37.0048478944227,169381,178294,80048,18945,87836,9.53783267876133,24.2666788422503,822575,1537,38.9900007890537
"27081","Lincoln","MN",2021,906315,49.1510194400325,370007,420983,149465,154771,34719,13.9882564905565,6.84866705909371,565854,2630,22.7677651587874
"28075","Lauderdale","MS",2021,949668,30.9717296715826,891526,435494,78293,302295,32212,14.4363064097706,4.34421240119264,861857,1788,28.9048060565256
"28141","Tishomingo","MS",2021,417816,47.5933674536645,471746,47004,102022,329845,46830,24.6553686459083,4.42825814243406,490319,2147,55.777014864143
"05047","Franklin","AR",2021,906744,46.5920720854774,435334,419697,271702,178653,51842,14.3687825021334,22.5273983599618,434700,1865,59.7599878464825
"05135","Sharp","AR",2021,723206,31.0919263632968,499537,222419,175371,293724,65371,29.4964272016659,26.6062179766595,693554,1551,31.2768740719184
"12043","Glades","FL",2021,292845,40.3829829115421,183117,12231,201115,269794,45200,16.8531245389022,26.3881944702007,190956,2153,41.5981485298835
"55071","Manitowoc","WI",2021,513129,48.4824499581009,462624,314326,225120,247695,64957,22.5687616341747,23.6401744815521,995162,2401,40.3277279948816
"56001","Albany","WY",2021,751385,32.8262226516381,201513,187077,229972,254438,44708,8.24004982830957,12.2727308236063,373932,2853,49.0481509501114
"05097","Montgomery","AR",2021,376633,31.0332234948874,797464,169748,292180,191994,65856,18.1970414600801,12.2725321026519,380085,1065,50.845741762314
"22023","Cameron","LA",2021,295067,42.0523346075788,567755,152787,136013,164706,97163,15.9294272086117,14.6748876012862,404785,2580,10.3138566040434
"31067","Gage","NE",2021,264526,35.6369462423027,673718,322665,83259,392360,57648,20.6938216881827,2.25364153040573,736240,1741,23.717053947039
"31145","Red Willow","NE",2021,804693,47.3715801443905,36111,320951,50514,322705,75448,25.3726471227128,4.11975306691602,591270,2914,32.3305373336188
"28147","Walthall","MS",2021,993629,46.4430195046589,814205,238278,65391,48142,84471,24.5379454584327,10.226524011232,281891,2455,22.3068253626116
"29129","Mercer","MO",2021,357188,49.1158194374293,630367,154757,145786,310185,76769,11.9641385867726,14.3460271717049,182396,1610,39.1764290304855
"30011","Carter","MT",2021,633986,48.7676528282464,673371,281991,265363,177551,40516,27.0021205663215,1.94207423133776,442267,1402,46.2976394710131
"31129","Nuckolls","NE",2021,365893,34.3916426878422,332213,13400,245327,40315,64398,29.2939433024731,4.16610170155764,243792,2196,36.1752047808841
"37049","Craven","NC",2021,407847,34.1670603863895,487302,176355,10181,386073,52573,29.1171135392506,27.1701511368155,762384,579,58.7766359816305
"37175","Transylvania","NC",2021,308702,40.0006548967212,737354,95683,262005,373903,44083,16.2258478067815,9.30454558460042,544524,1336,22.1069930144586
"13063","Clayton","GA",2021,438447,40.6170322187245,295392,454575,89154,38615,47145,28.6000108649023,3.84498638100922,694044,2802,42.8784983488731
"13275","Thomas","GA",2021,211497,47.9279098566622,578620,237093,54975,251793,37176,18.0549364374019,15.7845953176729,845750,2433,32.6691335439682
"08039","Elbert","CO",2021,859069,49.9206932587549,372328,483423,26707,117284,81548,12.0090472698212,25.6802362343296,531865,1477,15.5478921509348
"13069","Coffee","GA",2021,290350,49.9469862179831,175118,164779,211220,200042,47381,20.1472460769583,1.5126350778155,855746,1041,40.4324082797393
"33019","Sullivan","NH",2021,280915,33.8625995162874,511691,497513,156430,360855,42024,18.0453743506223,17.3371433629654,613023,2551,15.4117826977745
"35059","Union","NM",2021,619310,46.4251687796786,417843,213036,225689,139854,46125,14.5580824592616,8.8686823588796,736308,2998,39.1941175353713
"38081","Sargent","ND",2021,95943,42.8767755255103,637092,284124,29879,46420,78249,8.34447895875201,27.6836175145581,406231,1318,12.4084756849334
"18053","Grant","IN",2021,88373,30.0583066698164,231623,212841,175762,362041,53579,28.4958975051995,22.5082268868573,401341,799,39.2770859668963
"31021","Burt","NE",2021,692287,38.143093935214,392084,329665,53718,326600,91375,7.46251908829436,0.242840910796076,555053,669,11.0248836246319
"36117","Wayne","NY",2021,874239,42.9126766463742,618877,398996,49310,268882,83927,15.8488487836439,5.47484328970313,532147,2419,55.2802286716178
"13187","Lumpkin","GA",2021,362566,30.3415978699923,183779,245174,254738,272523,35158,21.9394522323273,0.279336632229388,295152,1543,50.5761425150558
"13081","Crisp","GA",2021,209792,30.6361617613584,67465,115343,40890,358673,71659,18.5524056269787,8.97104148985818,560557,1524,48.0701040732674
"13197","Marion","GA",2021,738024,48.0274570127949,535241,410547,24313,314270,96672,20.3108436788898,29.8691577231511,311307,1887,36.2833659304306
"18099","Marshall","IN",2021,437226,34.9048555642366,561393,395535,72955,263790,73621,14.4346820551436,16.271211693529,671605,1523,16.4372651395388
"19037","Chickasaw","IA",2021,15908,36.6829627007246,464337,169270,84829,239778,62845,7.14368526940234,29.1574406856671,221655,1208,18.6732014198788
"19095","Iowa","IA",2021,340228,32.7871062513441,880297,489363,265028,77792,32389,10.4717287246604,4.14474230725318,252559,592,26.8700754293241
"19073","Greene","IA",2021,265243,45.7645016163588,260419,287921,122336,369209,31461,12.1682684996631,4.61847068974748,250940,1960,18.1462251604535
"18085","Kosciusko","IN",2021,612824,46.6123333899304,360168,407121,23296,189069,96460,25.2370281913318,21.1945651494898,995683,1013,11.5088610933162
"18131","Pulaski","IN",2021,601648,39.2675220966339,470138,355134,247805,13911,85347,11.5289059653878,5.81229185918346,410139,2563,35.5169425392523
"19121","Madison","IA",2021,452636,42.9974393732846,286933,78231,41547,190165,75746,28.9017260901164,9.6702290000394,309376,2219,39.77351823356
"20163","Rooks","KS",2021,698838,41.4424349972978,106003,199004,256223,39158,37256,21.2212485272903,29.2470457521267,783443,1722,36.4454966061749
"20127","Morris","KS",2021,755061,39.9070781096816,145597,273293,189191,34449,36672,10.9098863392137,2.90769360261038,727996,533,18.4770034067333
"36011","Cayuga","NY",2021,297552,49.2867568414658,95902,458265,39782,276089,72127,28.7000510504004,6.69095490127802,339231,2035,33.402974777855
"13223","Paulding","GA",2021,161256,43.6025114543736,673247,56676,52744,337439,51593,13.9432199078146,5.47770296456292,206609,2087,51.7548992671072
"13225","Peach","GA",2021,565532,41.3578696548939,259976,473648,223696,117278,70926,8.37897426798008,28.3346616011113,592672,2869,56.9322984223254
"48163","Frio","TX",2021,644510,35.9351214952767,160820,147818,296861,36311,98577,16.6263009083923,18.9962843572721,336326,2085,21.9391995947808
"20041","Dickinson","KS",2021,303181,35.1960469223559,611940,1142,233114,314552,91402,5.90885090758093,14.1222143126652,636757,2528,26.1158664501272
"20187","Stanton","KS",2021,821453,34.0882830834016,12369,290280,99563,218815,38728,7.96420283266343,0.792466951534152,371853,2357,20.1455682772212
"21169","Metcalfe","KY",2021,353784,39.4898450281471,28743,388153,15313,323407,70493,20.2534884633496,24.4789903820492,991704,2246,47.3465177952312
"28091","Marion","MS",2021,309310,46.9317740714177,712268,349404,215302,363732,34897,7.24489735555835,13.6571509810165,204052,1757,16.0674349078909
"28119","Quitman","MS",2021,894463,39.9050986114889,808760,89338,3093,258736,80812,18.0280857090838,27.6827667444013,264484,1274,24.3197527504526
"20083","Hodgeman","KS",2021,954197,30.7326774206012,642895,408716,73083,331666,77728,16.9429573940579,21.7075919802301,358741,811,20.913902730681
"21141","Logan","KY",2021,894134,41.4812837028876,621679,144838,54800,223870,79452,6.43899389076978,24.554431498982,224460,1948,40.879994307179
"45037","Edgefield","SC",2021,947596,42.7585424343124,351181,411755,10206,69774,31005,19.6761082694866,26.1452423455194,939962,1561,10.7045602193102
"37171","Surry","NC",2021,338650,33.945939661935,496370,166668,162470,334512,51052,19.3489481182769,20.4041243344545,882380,602,28.6550389858894
"13155","Irwin","GA",2021,346218,32.4200764624402,764761,483179,235820,91111,78149,28.2531764311716,23.0654903920367,645208,1328,56.1191287264228
"48307","McCulloch","TX",2021,570923,36.1156791960821,120191,213800,135327,60261,41768,21.6996203246526,12.4573203013279,812278,2433,35.438639416825
"48045","Briscoe","TX",2021,997279,44.2781660798937,721160,161836,78540,193773,81116,28.2073253428098,17.4885726417415,460418,1250,48.7080336222425
"48003","Andrews","TX",2021,438982,42.7964190300554,203663,375379,1150,312999,48776,7.5035728700459,16.583142473828,691840,2879,28.3875216636807
"48463","Uvalde","TX",2021,475624,35.8258423162624,274278,456942,163360,327544,74882,29.3431832641363,25.4604108561762,499093,1897,59.4042841834016
"26119","Montmorency","MI",2021,596036,38.8191235391423,543495,106764,43684,19723,39362,22.3697321675718,14.8087244806811,525757,1036,21.0879866755567
"29017","Bollinger","MO",2021,49645,48.3261825097725,226607,414512,180684,146728,69899,26.8882279819809,26.1733773141168,518327,550,57.1254769014195
"29071","Franklin","MO",2021,131230,45.4267698246986,301300,485454,104852,372913,58437,8.70608927914873,10.2546992478892,400176,1003,39.0602231980301
"30103","Treasure","MT",2021,687970,44.4407809572294,749034,221644,152034,90099,46211,11.1352996272035,23.0476094805636,490437,2296,27.5755710108206
"46105","Perkins","SD",2021,420346,37.0309585286304,165368,182969,114057,97329,71914,25.6561124825384,12.8449509618804,141285,2452,15.5190155515447
"48117","Deaf Smith","TX",2021,597181,39.98363758903,76722,117162,73614,374329,54136,9.7242539760191,13.5358417360112,549354,1196,48.256523385644
"50019","Orleans","VT",2021,255658,37.5630554836243,616415,429162,16124,293027,58146,19.4433254085016,24.8311227816157,123529,1895,15.7401868514717
"13109","Evans","GA",2021,330325,46.6794668883085,575320,496060,18157,152155,31906,23.3730705699418,16.8077245890163,528448,1356,13.1835287343711
"13201","Miller","GA",2021,251838,30.5955078359693,611621,343602,189729,333684,36519,11.2894726288505,9.77573742857203,453309,2654,25.6656166887842
"15005","Kalawao","HI",2021,756652,44.4442283641547,387554,259977,237860,180730,96241,28.4577323833946,29.0329659800045,738506,1546,27.820624099113
"22007","Assumption","LA",2021,124729,30.2857874706388,576867,76067,35397,280225,71565,28.7900059728418,2.41293878993019,776233,2702,25.7584027037956
"23019","Penobscot","ME",2021,812281,49.2916834587231,552021,69152,120552,270520,52318,14.3413859605789,29.0209925780073,760991,2360,50.6467912951484
"27065","Kanabec","MN",2021,909955,47.8605479188263,638905,228052,214721,46151,43741,13.5697836475447,26.4839162235148,473599,1442,42.2902601328678
"31185","York","NE",2021,407444,41.9434619089589,383349,360224,95416,67972,50490,14.1918652877212,25.786540992558,804961,1241,10.408681796398
"35049","Santa Fe","NM",2021,241452,43.0746680032462,442627,444681,93471,373845,81066,12.8168086532969,6.49207054870203,208903,822,39.3315140297636
"37025","Cabarrus","NC",2021,175703,37.9234628845006,267892,221426,173085,313977,68421,5.25909839896485,0.422909678891301,969236,1571,18.6778116412461
"72149","Villalba","PR",2021,226820,47.5768821500242,287219,10541,294625,191961,39009,9.78384434827603,14.5593973109499,448602,2709,12.8394598746672
"72049","Culebra","PR",2021,788654,49.2043092567474,283665,235320,227430,150486,70928,24.3628855398856,10.5197216081433,305704,927,40.5267512914725
"12005","Bay","FL",2021,713520,47.3204190842807,513329,12163,133687,158567,72721,5.45672282576561,7.89217974990606,499756,2733,45.704439075198
"12111","St. Lucie","FL",2021,838310,40.645317020826,457684,150214,51150,88584,79129,21.4224411128089,21.5278709633276,701648,2455,21.2611928605475
"29051","Cole","MO",2021,521297,47.729708920233,791171,36526,282646,262001,77119,15.7987752824556,25.4571165377274,317646,2466,15.7420903583989
"29137","Monroe","MO",2021,754994,33.3892739750445,347293,403393,11346,336001,58931,20.095480583841,22.6846587541513,881581,1362,23.744254631456
"30017","Custer","MT",2021,350864,49.2793997051194,763254,75350,190833,164621,55468,22.0937516610138,0.808448907919228,939037,1502,51.4809117210098
"47039","Decatur","TN",2021,1006,45.0424388889223,809928,424882,61514,64976,58519,10.2730479976162,7.89774256758392,832125,523,20.4353486211039
"72087","Loíza","PR",2021,634237,48.2856410928071,605451,283297,61409,360643,68931,17.4033285712358,17.865578464698,980874,2870,50.1469846721739
"17099","LaSalle","IL",2021,561958,31.7992769135162,34020,400466,121057,195370,41618,27.4764663667884,12.6300479331985,532750,1465,39.9763078917749
"13087","Decatur","GA",2021,733622,31.7836680170149,834151,456586,252873,316015,84980,18.8123924087267,19.4439869513735,131547,948,34.6395820053294
"13045","Carroll","GA",2021,289126,46.0391721408814,426775,296815,4919,82008,95078,15.4604215361178,8.83353423094377,299397,2722,10.6273121573031
"46069","Hyde","SD",2021,748758,49.0026920288801,742892,441315,272313,136375,98810,14.9898797634523,22.2685774904676,559134,2119,30.4858367447741
"48439","Tarrant","TX",2021,393645,47.595782186836,663106,403617,29778,332739,73618,14.9796350463293,0.507870989385992,876796,2569,58.0987519025803
"30095","Stillwater","MT",2021,453109,48.9891275810078,888035,181713,97238,264292,36652,14.8997849214356,12.8020711429417,389406,1127,25.7236783998087
"31137","Phelps","NE",2021,29849,35.7840281352401,414685,220133,296462,180963,49063,28.9181220356841,19.829926060047,811721,2645,48.9531206339598
"48113","Dallas","TX",2021,861442,36.6383138298988,628162,49001,21832,65086,53112,6.06496392982081,4.01823058258742,163500,990,45.3077051811852
"48497","Wise","TX",2021,180225,43.9077160693705,229546,356052,95683,375266,74412,17.5316765042953,19.4208375387825,956783,689,48.7532024877146
"17115","Macon","IL",2021,427632,41.928461715579,838222,349912,83072,257804,38908,15.4967598512303,25.3898205212317,717434,1590,14.3365655234084
"17181","Union","IL",2021,847921,34.1525658825412,156198,194008,127488,339860,36038,17.861806305591,23.292607802432,134222,1827,35.5744522903115
"17021","Christian","IL",2021,521352,35.2225844748318,455293,58189,150430,78758,88651,28.4906819299795,1.98749464005232,306380,1559,18.1053362577222
"48085","Collin","TX",2021,663329,48.2004673965275,477442,73743,40042,59132,81085,20.8099752035923,24.4786758022383,472641,1834,20.3607146185823
"48375","Potter","TX",2021,215292,44.7426065383479,26232,141984,91079,368243,88564,19.186611660989,3.72641265392303,488957,2080,28.8768715248443
"48303","Lubbock","TX",2021,863562,37.9028090741485,186088,70611,294958,318157,47266,29.7043384413701,15.3628170629963,349016,1246,15.0071269855835
"48093","Comanche","TX",2021,5246,43.0917462613434,684282,184918,253668,290201,90897,20.1985264499672,21.5044943522662,881594,1928,24.4324293942191
"31141","Platte","NE",2021,868280,33.0696846265346,235025,122123,126792,83984,67808,11.8624442094006,1.92857844522223,950019,1119,36.2927003204823
"31063","Frontier","NE",2021,986906,42.2638743137941,500000,69892,262614,152464,75733,15.82197886426,0.710693823639303,942230,713,28.5692817438394
"31093","Howard","NE",2021,450222,46.0624484578148,88466,23454,237212,375793,56638,25.718720566947,1.1187102785334,663417,2693,42.718688598834
"31081","Hamilton","NE",2021,833202,37.2302388167009,834586,339293,106131,358580,31288,29.1046975541394,19.8976556584239,275750,891,25.4346798430197
"48251","Johnson","TX",2021,684091,46.5583558101207,266087,349700,152661,64576,59020,29.876641726587,12.4462501821108,607989,1904,16.3428457011469
"48451","Tom Green","TX",2021,68578,30.1979177165776,333784,247563,277144,62607,37496,10.7619523664471,20.573853822425,686823,606,16.8360513891093
"48309","McLennan","TX",2021,141672,48.0928993783891,891604,157525,44832,209506,57646,8.4769989317283,12.6407026662491,256527,2013,56.1765495711006
"48059","Callahan","TX",2021,698961,41.6723220562562,299526,460038,195543,160531,33656,28.1836482591461,15.7011140487157,492031,1676,30.6611950881779
"48179","Gray","TX",2021,913527,48.6226179124787,206885,264946,72631,41194,36148,15.9202160208952,7.60832766769454,963856,1451,35.8254057960585
"17191","Wayne","IL",2021,558372,41.1289563076571,717125,375011,10788,335225,30071,7.89549926528707,21.999082211405,689544,2774,27.0902820653282
"05033","Crawford","AR",2021,238754,34.9529704917222,680107,338216,234194,355546,32048,9.68002773704939,16.3355168374255,910677,1010,37.3165882914327
"48253","Jones","TX",2021,607126,46.3172740535811,713503,430652,138104,223535,38765,26.3889643317088,21.8208442814648,631902,680,21.5486236754805
"55041","Forest","WI",2021,453635,40.2783048013225,732726,41339,246657,364611,31641,21.2210224603768,8.98633022094145,252368,1694,54.297939108219
"55099","Price","WI",2021,139782,49.9439290352166,329181,207194,75284,164863,57507,7.16268672375008,16.5157480398193,222010,2308,28.1811910239048
"01093","Marion","AL",2021,302460,30.5698928888887,271421,107825,112456,152757,89262,12.9835688578896,28.401784056332,323705,1542,21.7911892826669
"32019","Lyon","NV",2021,413841,47.7488604001701,543217,300894,171436,128959,84722,24.939810805954,27.7624648832716,347876,2513,54.2564873839729
"35061","Valencia","NM",2021,743686,37.1385769313201,793030,11976,298634,177181,68534,24.8578522598837,12.7125710598193,219976,1524,57.4600734305568
"48493","Wilson","TX",2021,58375,42.429870464839,312333,350931,12040,272673,72775,17.5867600319907,4.26299655809999,576748,1068,21.8435230455361
"48281","Lampasas","TX",2021,578145,40.9224553080276,434463,29865,3524,243376,79316,21.159953159513,22.1333555085585,633662,2051,14.662503011059
"48177","Gonzales","TX",2021,278836,37.7620766405016,703594,78984,179025,235923,47059,22.9847307503223,15.5851167370565,477246,2875,27.9135556216352
"48305","Lynn","TX",2021,222964,32.6810691133142,493905,220914,164901,159150,60455,20.8818923053332,20.5040017096326,172815,697,57.8333834791556
"05077","Lee","AR",2021,554200,49.8749042628333,240349,176387,142204,43724,92090,7.15759502607398,5.49518613377586,268740,2776,35.7315014256164
"06071","San Bernardino","CA",2021,363937,37.2520734602585,733776,269092,29489,319676,88922,10.0470891641453,9.83528512297198,423054,2977,32.1167906653136
"06003","Alpine","CA",2021,364724,38.4834648296237,377445,395259,247174,188908,73206,24.5927367312834,13.54487830773,326883,1912,29.2843086319044
"06049","Modoc","CA",2021,59177,33.2275323569775,293936,95809,73369,98025,63838,7.71884076064453,24.9112685699947,324382,1598,23.4982094285078
"09150","Northeastern Connecticut","CT",2021,924692,35.4419065313414,134333,389523,297995,16416,94720,19.5533659786452,12.5841930974275,853921,704,31.8251719721593
"08063","Kit Carson","CO",2021,122287,31.3784317858517,766953,196200,24812,340607,72780,15.2105211175513,27.255408342462,233184,786,14.3293420225382
"26011","Arenac","MI",2021,934475,30.2017490938306,297510,393792,200795,204925,51447,7.42011292139068,9.49947352521122,988346,2248,35.0764834345318
"36095","Schoharie","NY",2021,104493,31.4390565175563,836236,340122,165423,220146,30780,9.403055208968,23.7020182237029,762084,2705,38.9774165605195
"36099","Seneca","NY",2021,801189,32.7705003554001,376153,150349,150089,239679,74285,27.3096217901912,19.2055147932842,401447,1783,17.5329337036237
"48151","Fisher","TX",2021,948057,32.7770957816392,831490,439480,53615,226387,56167,12.9594155424275,18.9636933174916,991483,1990,19.4110023928806
"48327","Menard","TX",2021,195895,33.8876357953995,247947,378096,150229,168034,89982,25.6555410171859,4.46308916900307,637994,610,14.8926629242487
"48389","Reeves","TX",2021,38951,42.3989349417388,146973,281874,219529,82754,45813,19.4433440756984,26.1005649156868,233111,2134,53.6565224430524
"48433","Stonewall","TX",2021,664362,43.2816806808114,743593,168725,21449,278668,41957,8.82367628626525,10.4748855438083,507353,2073,27.9971057688817
"49021","Iron","UT",2021,513636,39.2557506309822,136196,491597,129369,356297,60060,15.426630731672,4.80815471615642,329278,798,56.7267997330055
"49027","Millard","UT",2021,691154,45.7570195524022,155374,390946,83987,289699,93232,10.4745565867051,0.872248434461653,125530,1219,59.9462175415829
"39085","Lake","OH",2021,829345,49.6836465317756,38874,454939,172138,43755,52568,13.2371277792845,29.5008365856484,490498,2080,23.9756435877644
"41029","Jackson","OR",2021,523757,43.7819718383253,797871,431667,231465,326740,98920,27.3673079628497,0.792192039079964,648778,2492,37.9428698471747
"12015","Charlotte","FL",2021,904555,41.4634798141196,456708,438825,7335,393997,78462,21.7684771993663,2.61251701740548,795095,743,26.2327016354539
"12063","Jackson","FL",2021,556408,38.4182487567887,139172,270372,186565,397413,96059,24.8012480279431,9.70151628367603,655894,1921,34.4678407907486
"36037","Genesee","NY",2021,41848,33.5894233966246,737427,404544,53963,72070,65996,22.3661013250239,9.7156265960075,724808,1439,46.6529845050536
"37001","Alamance","NC",2021,195255,30.6095400219783,148211,298406,173453,187542,59287,18.3247125486378,4.88564662635326,234031,1620,23.7882473645732
"37063","Durham","NC",2021,420002,46.5151411853731,299330,208154,166142,382328,71159,29.485044501489,29.6504337689839,349425,1870,47.3699363903143
"49031","Piute","UT",2021,351864,47.4789568921551,436096,332263,176194,144567,48189,6.48311910452321,20.4925333382562,419779,2767,55.6324790371582
"51109","Louisa","VA",2021,653737,32.6695124013349,357836,145712,45379,123156,69066,8.08025345439091,14.9987187772058,378699,1639,33.6012650420889
"51091","Highland","VA",2021,669847,38.7909618159756,873106,383644,268913,239379,84489,8.94210446393117,29.4827010040171,605984,621,58.6919424380176
"51530","Buena Vista","VA",2021,730715,31.6165479505435,760533,387624,89228,327492,55530,26.294011810096,7.58884062990546,945164,2947,59.6262070024386
"54041","Lewis","WV",2021,599019,42.2802793839946,619233,498596,102871,114353,93653,26.1857076617889,13.7820795108564,994088,2134,12.596766804345
"55137","Waushara","WI",2021,562787,38.8353871461004,37490,253021,273104,111329,93907,24.7609783324879,27.7863850886934,944360,2190,11.0956497048028
"42057","Fulton","PA",2021,92904,42.4750239728019,887631,66495,91297,32971,96467,20.9255146398209,6.97934513445944,570057,2949,40.7482894044369
"42039","Crawford","PA",2021,77432,46.2108772899956,879372,490229,287743,245300,50763,28.1199431989808,16.6386995301582,714545,2672,52.620489676483
"29161","Phelps","MO",2021,402550,44.5613577729091,600339,494484,86646,146625,37162,25.7855395274237,9.39329541753978,881710,2334,40.7849435717799
"17113","McLean","IL",2021,823581,31.1931581096724,319445,47335,35946,101362,36604,23.8113663170952,27.8967255167663,208824,2276,18.3677388494834
"17051","Fayette","IL",2021,217702,32.5623940490186,721993,477606,160950,259522,33923,26.2675069808029,0.423001796007156,239625,1232,18.9795410400257
"26049","Genesee","MI",2021,191332,47.6185282459483,108262,477257,241382,308280,75616,25.5602554080542,5.31722249463201,946307,2134,36.0359363513999
"37191","Wayne","NC",2021,114873,31.6378349112347,852859,141199,124454,385679,45871,25.13079226017,25.3989342274144,539423,1002,41.1213837936521
"37097","Iredell","NC",2021,214491,47.0969075476751,147318,202209,154483,149164,42100,21.1984980048146,10.720496205613,447469,2614,17.5211191200651
"55021","Columbia","WI",2021,965356,33.6287619359791,613575,438963,152702,289688,31047,8.9775847340934,19.2226433800533,313806,1685,48.5156264412217
"55097","Portage","WI",2021,67720,39.3299633683637,849029,189827,227697,147721,35713,26.4284921821672,3.32288983510807,358727,2519,51.4551839930937
"56031","Platte","WY",2021,544229,34.2894030082971,65903,401156,254683,381627,57597,6.7023715598043,14.9310880922712,890384,2185,59.4422853225842
"56027","Niobrara","WY",2021,234132,46.7530419724062,835908,455823,117954,279144,53815,19.5623443007935,27.798579542432,157387,547,31.4446380967274
"29131","Miller","MO",2021,455912,40.4837945383042,895715,495200,52678,56368,85372,15.0942316290457,26.0805950593203,748637,1658,58.6613085842691
"29229","Wright","MO",2021,814553,33.124127057381,35635,107224,170966,41087,54860,28.7117040087469,15.5532219051383,833082,1599,23.5539225884713
"29177","Ray","MO",2021,850529,47.5761502236128,342711,446097,263522,332511,65121,21.506420460064,26.0601462679915,805559,2791,13.3255718648434
"21015","Boone","KY",2021,994791,37.7754214825109,112988,309241,99822,160581,83577,24.2157416662667,24.0956244408153,966100,2994,24.5391769474372
"36039","Greene","NY",2021,80910,46.9071269780397,392463,494585,138062,320059,59878,6.18600490968674,14.0823938534595,188940,2972,13.1343387905508
"37109","Lincoln","NC",2021,796348,37.4258821597323,620998,403774,59824,94376,92263,18.7788874912076,13.4112403658219,595357,2164,48.8528213370591
"37067","Forsyth","NC",2021,96434,32.4958459986374,247824,138561,17996,274379,88240,22.6699262112379,29.5377549156547,768089,1902,46.361643136479
"38027","Eddy","ND",2021,673853,41.1029039137065,696187,134605,259798,94710,70796,22.7262291952502,8.8798796525225,177531,692,58.5690533882007
"72119","Río Grande","PR",2021,748694,46.2016416760162,890432,363925,155785,316504,39865,7.6582527498249,9.11164328455925,340192,826,33.25213389704
"72033","Cataño","PR",2021,98246,44.933576178737,666230,1063,127282,194691,57952,21.4556460513268,10.6669405661523,162554,1201,43.5010963259265
"29001","Adair","MO",2021,890782,44.2865079175681,657745,410165,151931,58466,86303,7.82943211495876,12.9078855598345,243286,2039,10.8763361838646
"30107","Wheatland","MT",2021,736105,40.4771990934387,13597,212846,144270,268331,56899,24.4471132592298,22.1868764609098,116695,2521,12.3659750935622
"31111","Lincoln","NE",2021,740599,37.5041424762458,454554,104854,72136,296007,30331,13.6845710698981,27.5822735438123,578724,2463,41.7131003714167
"51021","Bland","VA",2021,181070,43.0727833742276,422077,401878,85021,111641,37569,24.1500814573374,9.89559930749238,218080,1106,46.1056619905867
"51600","Fairfax","VA",2021,307578,44.2971439147368,14184,415614,22521,388928,89405,18.922686339356,8.48397464258596,955563,876,21.4897931809537
"51580","Covington","VA",2021,4778,47.9140476742759,393716,340159,5873,169999,99216,7.88611418800429,25.7225746382028,443428,2413,37.8649089159444
"38041","Hettinger","ND",2021,599322,30.5464583355933,392855,193693,225474,119048,76370,15.5897406174336,12.9692703438923,349940,2625,14.5544354361482
"38057","Mercer","ND",2021,432958,44.9547581281513,622457,436468,147171,387171,91767,16.6844688891433,29.3833584850654,826521,1629,26.5488773491234
"72053","Fajardo","PR",2021,782735,32.1343974396586,616948,334004,50336,179326,67669,28.7224806274753,18.6840517935343,417767,1197,52.7519165095873
"72054","Florida","PR",2021,390063,37.7259141532704,254502,25814,75591,167442,97842,24.39658622141,22.1092309942469,606268,2827,28.0731631582603
"31179","Wayne","NE",2021,319806,49.298883494921,318515,245844,20737,204377,66005,16.114357993938,0.477873024065048,286043,1260,58.9215447567403
"31119","Madison","NE",2021,132910,36.7376928217709,100492,74679,262985,245173,92732,22.9534791212063,13.8044717512093,938097,2047,26.2069631391205
"31139","Pierce","NE",2021,414482,39.1295240260661,364214,264658,232412,337077,84588,16.8051228288095,25.104736215435,818610,1780,38.5826618899591
"31009","Blaine","NE",2021,921461,46.6088605904952,796341,369148,98210,17676,69209,24.0938913496211,22.1111588040367,296442,2749,42.58100860985
"54105","Wirt","WV",2021,668111,48.6421449622139,370952,256033,234727,10915,84080,21.0777518001851,11.7179354466498,906272,2502,36.6015345579945
"55047","Green Lake","WI",2021,141184,44.6407500747591,228650,263174,156416,96758,62355,21.9826465542428,20.4833424347453,454585,1127,12.186443132814
"39049","Franklin","OH",2021,188951,32.1576102497056,856410,324908,40372,7923,89796,20.5659845098853,27.3671289766207,233728,1837,29.6689854841679
"39063","Hancock","OH",2021,610411,33.7632616749033,402606,113633,87397,112356,86251,14.8870325891767,5.4596967366524,313691,2154,23.5905881877989
"39077","Huron","OH",2021,304309,32.0509155560285,180048,172465,294106,101630,82845,15.3203530132305,24.7391950758174,251264,691,24.5451540593058
"72107","Orocovis","PR",2021,305197,41.9396375771612,828501,52596,26395,369312,82861,5.95073214615695,1.32954256609082,487967,2851,25.9352115471847
"31149","Rock","NE",2021,177622,49.4077459303662,405175,137254,270581,55503,34918,26.4022503001615,16.7160576372407,599541,1889,32.0028539071791
"37081","Guilford","NC",2021,843509,33.4927683789283,770953,17754,191670,83734,57713,9.24705447512679,15.5098604341038,869170,2081,32.3542800871655
"37195","Wilson","NC",2021,798878,47.1592072723433,240849,228494,72110,127808,50626,9.81292971526273,22.1636529034004,339225,1306,45.5171166011132
"21143","Lyon","KY",2021,104347,38.3247102564201,772955,83677,1706,397566,35609,6.62067171186209,15.6736856326461,482117,1048,18.142194931861
"21057","Cumberland","KY",2021,571776,30.4407921247184,75773,362539,33611,290465,92177,6.68708989513107,18.688528072089,158995,531,26.0219480167143
"39033","Crawford","OH",2021,810068,43.7439712556079,768623,494754,7151,52857,39176,10.1991655898746,27.2287798533216,451745,2580,49.4736978691071
"39165","Warren","OH",2021,889076,43.0442140065134,262629,403242,245816,114641,54713,13.6194145900663,17.0815346483141,793034,2979,12.6301591540687
"39129","Pickaway","OH",2021,669171,41.7004974465817,736909,480662,163972,138984,85891,8.26651954674162,13.687063716352,175946,1177,38.0315081006847
"72013","Arecibo","PR",2021,574299,44.7888738662004,23298,118627,77048,44333,87280,5.09217197657563,6.07204147148877,959728,2081,47.5348673784174
"72125","San Germán","PR",2021,468018,42.1719911228865,92092,231387,167439,82569,75254,29.9697614228353,13.2468403223902,867668,2662,47.5870269490406
"38063","Nelson","ND",2021,874622,31.9965063035488,459670,187093,187918,2109,44995,13.9825642935466,6.84510329738259,653185,1947,14.4513104949147
"38045","LaMoure","ND",2021,241412,32.9760779766366,113269,186644,24134,334487,90261,27.2285035939422,23.2064111460932,906390,640,28.2884543202817
"38039","Griggs","ND",2021,710605,49.9542473861948,406048,235551,62891,81580,63899,8.12840830883943,15.8896069228649,616001,968,38.6413226393051
"38065","Oliver","ND",2021,84804,30.7461726339534,71476,474778,226831,10851,55355,21.2249356566463,9.55338151194155,438775,1964,46.3156026694924
"21039","Carlisle","KY",2021,33464,36.9763877894729,882582,11007,244789,95608,64067,20.8166739682201,26.4477527467534,795989,2970,47.5086155137978
"22095","St. John the Baptist","LA",2021,157202,30.1533981505781,74578,88776,62246,163146,61687,11.6130968451034,1.21154379565269,202970,2959,53.4851443511434
"40103","Noble","OK",2021,811168,43.9853929309174,643075,55537,135131,307899,96850,29.4230948039331,23.675492964685,211922,1715,54.4467825582251
"40005","Atoka","OK",2021,205313,33.1550939846784,411506,260161,164148,310266,86780,28.6849110515323,29.9114616494626,460854,1043,46.5895866649225
"72043","Coamo","PR",2021,95629,41.5724412864074,430243,670,110712,369992,69079,14.4294579001144,21.16820539115,831574,2999,52.0618016622029
"72129","San Lorenzo","PR",2021,319233,34.4157510437071,32609,336068,63103,311374,99072,23.6399491969496,17.4146084021777,742447,1084,26.6909936931916
"39097","Madison","OH",2021,495789,36.0287171741948,191312,294556,135909,115698,58863,5.56658492540009,22.6486310712062,715525,2634,27.8122907294892
"39169","Wayne","OH",2021,839131,33.8501162314788,506277,327432,187162,219817,97582,28.6937505018432,17.0674210879952,719624,1151,16.1166486353613
"40107","Okfuskee","OK",2021,709965,38.6895028827712,50125,360814,155676,282103,76971,11.6094558511395,8.45319574931636,490275,1715,54.1905479994603
"27007","Beltrami","MN",2021,88152,46.6582036064938,527555,42120,120873,343452,51938,15.2429872727953,3.63424392649904,676087,2410,50.2174261282198
"27001","Aitkin","MN",2021,573609,40.5537224980071,795865,380537,55667,315677,41913,27.2825932200067,23.9875910198316,389121,962,47.3348300461657
"27033","Cottonwood","MN",2021,713507,44.1052749287337,626604,48197,196621,52879,57297,6.95793697494082,26.1911299056374,917626,2695,30.3674608143046
"27051","Grant","MN",2021,609096,35.332718314603,494888,460396,176635,339201,39089,8.17021596129052,9.71384007716551,394763,852,52.7537179552019
"42079","Luzerne","PA",2021,870260,37.4236679729074,353824,105118,209818,302467,71682,14.0567234379705,20.4170072986744,566709,1602,24.9225760367699
"42081","Lycoming","PA",2021,416466,33.3523054607213,618443,66821,25676,58559,84370,6.64892458124086,17.4759704153985,518613,2775,40.7235394837335
"72019","Barranquitas","PR",2021,981972,48.243861310184,118823,86612,232619,122086,79028,11.2477738771122,1.19694189867005,107634,1102,53.8469509710558
"72027","Camuy","PR",2021,848069,48.5195250203833,341658,299049,233708,87292,94908,10.9951607312541,20.6576814875007,642461,2263,44.0660681249574
"40039","Custer","OK",2021,470565,40.8989992551506,125519,362700,58595,311609,64517,24.6635921602137,17.0484404708259,955473,1786,43.9813486905769
"40029","Coal","OK",2021,616213,40.740082859993,869268,131797,104106,384405,63135,17.1288861264475,21.1177051928826,291130,706,56.7627043952234
"41053","Polk","OR",2021,333086,37.6883985754102,846742,241385,63246,174764,39976,22.4777599459048,18.2363862264901,395353,1230,24.381438458804
"27165","Watonwan","MN",2021,613295,31.0962231177837,112333,138845,148478,32409,75294,25.8958077302668,1.33136766962707,590207,714,24.2748716869392
"28085","Lincoln","MS",2021,88293,32.3062229901552,545693,322767,33325,320582,99061,6.77973216050304,16.6302146553062,532451,506,54.1345504834317
"28019","Choctaw","MS",2021,27142,44.4927270710468,827879,110554,145629,399038,59923,15.904755681986,6.70136904576793,708439,2659,33.9144357969053
"28069","Kemper","MS",2021,104280,36.9033912708983,476178,391392,231606,212071,88244,9.97709704795852,25.0387734174728,711752,2608,19.6662265132181
"42075","Lebanon","PA",2021,309917,42.6962329586968,466909,150098,291856,64618,41303,8.70562517200597,4.26989648491144,520512,775,19.5389144029468
"42019","Butler","PA",2021,972990,43.5105380322784,588220,29902,151965,208296,41010,18.7992663716432,7.04171266173944,958840,1171,59.6269950526766
"45011","Barnwell","SC",2021,650533,44.638363532722,327537,319910,235543,212758,63188,5.08048102608882,15.8402546891011,168759,2752,11.0308565571904
"72069","Humacao","PR",2021,510537,43.6551809404045,614317,26688,241717,117058,65981,26.9448227377143,18.9137308183126,747340,2419,29.2727011279203
"72089","Luquillo","PR",2021,348165,49.5494444295764,699335,414117,237459,84579,52295,23.5156288207509,14.7721676062793,683698,1675,23.3536125416867
"42021","Cambria","PA",2021,482198,36.2842584820464,428786,107952,17533,267080,43094,9.92916157236323,21.198705767747,258036,2559,16.4576996257529
"46017","Buffalo","SD",2021,641645,45.0474681146443,525131,363930,155028,28871,78347,21.9007673917804,3.6682229116559,404186,2082,26.1101571284235
"46079","Lake","SD",2021,793428,33.6390540702268,104105,335295,56363,133330,37859,12.0108958752826,20.650694577489,283025,1511,22.8780688741244
"46049","Faulk","SD",2021,210477,37.8105766419321,273248,136959,289291,23598,40698,11.5264666918665,29.2881131242029,257499,1160,16.4935507252812
"28077","Lawrence","MS",2021,97603,47.9009666619822,31375,331684,74421,25823,56159,26.1171304632444,13.8426474784501,110892,1191,13.9212995674461
"29123","Madison","MO",2021,540522,32.8244902566075,601922,387742,140887,220703,96366,26.275265829172,20.0235601211898,220399,2176,31.7834969982505
"29187","St. Francois","MO",2021,451613,33.368294951506,413198,73532,296158,352767,54652,13.9569501695223,15.2796389535069,869395,2425,13.9030547835864
"29049","Clinton","MO",2021,3173,31.3403691863641,832730,316,188429,6023,37271,6.12196109257638,23.1356301787309,591797,2602,48.611516461242
"45039","Fairfield","SC",2021,997438,34.846608066,134305,338037,86845,257248,35984,25.4528538277373,13.8135138479993,236476,2232,22.3624816653319
"46037","Day","SD",2021,742353,44.1122509445995,826505,359218,46747,265565,30571,13.8042838848196,13.5842051217332,970420,2322,13.2393011031672
"46115","Spink","SD",2021,387098,40.555903497152,154308,472555,240968,308202,81325,18.7038915592711,23.3165341475978,935086,738,47.3388318810612
"72035","Cayey","PR",2021,864873,30.635067615658,842129,130615,295514,267913,75132,6.09153036028147,10.1187558635138,278482,1615,18.3694348810241
"72123","Salinas","PR",2021,646804,48.589911297895,476156,125763,98773,395341,41164,22.514496325748,13.2829825719818,685032,2197,51.4328675717115
"72115","Quebradillas","PR",2021,753077,37.6125793671235,736445,404635,175640,280579,55939,29.8416951100808,23.6711309873499,796319,2101,44.0432693948969
"13307","Webster","GA",2021,405842,44.1408726945519,740524,133676,192291,182703,93762,13.4773059585132,14.3637851555832,423514,2077,56.7706808121875
"30109","Wibaux","MT",2021,835770,31.3938533933833,540666,382018,68712,338437,83812,16.819359351648,3.49092740099877,162257,1677,29.5564479799941
"29079","Grundy","MO",2021,18642,36.1842819768935,40011,101159,155202,153046,48641,21.3390298781451,3.17886708537117,715964,1897,29.7067829431035
"29121","Macon","MO",2021,357847,42.1700927708298,683601,52945,60739,269817,63488,6.35961673804559,24.8822084907442,712603,1269,51.3409336237237
"29061","Daviess","MO",2021,574732,41.5997034637257,155616,74087,257596,329474,87984,18.9628417731728,22.8115780139342,821587,1073,29.4513306254521
"46021","Campbell","SD",2021,371345,48.049392644316,35852,137619,233991,303951,68825,14.9519665702246,28.7763655185699,428122,2249,31.1244683829136
"47141","Putnam","TN",2021,20308,42.6565643958747,109439,369417,186537,270328,69373,21.1654133698903,9.20806198613718,248413,559,42.1061998605728
"47077","Henderson","TN",2021,152988,43.8959082541987,442140,97637,298725,182853,97827,24.278678757837,24.7154673538171,319522,1830,18.4824500256218
"72103","Naguabo","PR",2021,539333,30.8575083408505,356907,463235,200417,373241,77504,25.771522121504,4.59986481349915,305718,664,22.9426044877619
"72091","Manatí","PR",2021,961211,48.9887917274609,864249,438874,78677,121444,91068,18.6510911921505,13.4947670996189,514909,1695,38.3168565947562
"18091","LaPorte","IN",2021,785406,42.6147182611749,514031,256064,144204,151178,70906,19.944345963886,22.0368165755644,251794,2805,57.1480809501372
"26015","Barry","MI",2021,453689,43.2852487452328,681768,449562,54847,176385,38255,7.21444775816053,9.91819734452292,535930,1783,49.7998550673947
"20023","Cheyenne","KS",2021,558929,31.7274721851572,74697,348521,59948,321374,43055,19.1251777415164,29.2789613083005,498418,2906,26.2868182873353
"40111","Okmulgee","OK",2021,456399,40.9320321818814,412196,114836,251642,46226,95666,9.20016392599791,2.60755852796137,712712,2718,45.7967810705304
"48367","Parker","TX",2021,221059,32.460069344379,564656,329208,157552,256144,65453,21.5867222996894,8.75194838270545,256344,877,53.0342116160318
"48385","Real","TX",2021,17933,32.5263303378597,696660,418974,43458,211087,42583,16.1197453225031,12.0436789328232,212511,1422,56.6597235994413
"02016","Aleutians West","AK",2021,679232,31.5867955423892,376805,362815,223054,320530,85773,5.13215762446634,25.5348600936122,539058,2381,17.0528845884837
"31105","Kimball","NE",2021,717644,30.9818327240646,353257,399583,173593,254908,75377,7.57737559149973,24.2013821122237,620999,1354,51.495945956558
"31033","Cheyenne","NE",2021,453736,42.0928678382188,208077,266644,175731,76192,34029,21.1947571497876,7.05945644527674,349586,539,17.3910087347031
"72083","Las Marías","PR",2021,10577,30.6065531354398,465502,124333,280429,162719,55351,7.10854472825304,5.25508465245366,741774,2055,31.6023055720143
"72081","Lares","PR",2021,118223,35.0989993475378,610440,37449,237137,207292,96250,10.7863104913849,23.3609355404042,406026,727,34.1671633906662
"34037","Sussex","NJ",2021,110734,43.4010076476261,699222,252586,85896,181831,65512,28.6775949539151,8.78839507699013,837120,2740,58.2111027347855
"31143","Polk","NE",2021,950882,39.1761197056621,170233,472851,7012,70516,95253,29.834539211588,2.03828311292455,946869,2002,27.3107467009686
"40069","Johnston","OK",2021,711612,42.9303752491251,641927,110694,150283,39788,82915,23.3189239469357,4.8478964343667,787053,728,24.6426861057989
"01133","Winston","AL",2021,835173,31.0753247654065,280853,398049,49585,217588,56168,24.2408580740448,0.0701287784613669,634229,1261,56.5814113500528
"37143","Perquimans","NC",2021,909208,36.4772365707904,468586,72788,240705,193636,60561,12.5693649007007,22.3752586171031,554975,2814,35.8927721646614
"40001","Adair","OK",2021,871780,41.386795276776,380014,494378,211473,273719,40684,27.7841105137486,14.0993699035607,108683,2940,51.8996000196785
"40041","Delaware","OK",2021,37328,49.5859983516857,226637,65779,150981,233885,73179,26.5671553742141,18.6629564291798,921463,2329,12.8873459435999
"31169","Thayer","NE",2021,443784,37.4263150664046,503485,386001,123357,357235,93907,25.8851954201236,19.3914180784486,989029,2417,49.9339881143533
"38087","Slope","ND",2021,835632,48.7009233003482,676745,411480,107471,265067,70672,8.12568487133831,3.24458029819652,961809,2021,27.3028532532044
"19171","Tama","IA",2021,249873,30.7319819321856,132868,224927,73331,375451,74955,22.9441571468487,3.78707947907969,656495,900,19.8108116537333
"31125","Nance","NE",2021,365971,41.609144359827,627029,477589,25401,325055,88219,16.8866877397522,15.9889347944409,474715,1793,24.50277173426
"55039","Fond du Lac","WI",2021,6188,43.3238025801256,496303,361193,214310,151052,74996,15.5943187489174,26.5874878596514,188459,846,37.1272770711221
"51510","Alexandria","VA",2021,769169,32.7329387003556,213731,449638,173913,249368,86030,10.2677033352666,13.8759076735005,965288,1964,18.7870073737577
"30021","Dawson","MT",2021,638379,34.4651740044355,714435,217050,23103,368493,77823,10.4549146967474,25.9961345675401,537300,2776,20.9117029234767
"31053","Dodge","NE",2021,57478,47.7119981031865,373218,70455,207229,56928,34597,9.38826144090854,4.30957443080842,372944,2448,19.5355717232451
"35027","Lincoln","NM",2021,813354,41.3192368578166,554886,153133,297323,207211,57703,26.5556571085472,0.283359868917614,458492,1337,26.6964655742049
"16047","Gooding","ID",2021,869257,30.3189619909972,367925,396536,206875,19117,62914,13.2516505732201,16.0265316884033,399177,2353,12.5072454707697
"47131","Obion","TN",2021,982338,47.7897827187553,419091,235395,298590,34980,90022,12.8899987682234,4.36819691676646,432682,2183,15.2845362806693
"37157","Rockingham","NC",2021,201207,31.5195718547329,85657,385587,38031,42971,80934,22.8562985383905,2.64594876905903,424603,1050,23.3686488494277
"29101","Johnson","MO",2021,617840,44.4294689176604,361175,328645,290063,257896,72623,5.84922078531235,19.0374274668284,945419,747,29.5998587878421
"31013","Box Butte","NE",2021,432355,41.5462144836783,128774,446287,294181,276302,86604,26.0061970399693,19.0740389074199,345846,1979,34.3948477553204
"30067","Park","MT",2021,551701,49.1183995781466,46624,259854,118815,264493,34742,26.710364590399,8.36796740535647,292284,1757,36.5026199631393
"39027","Clinton","OH",2021,958289,48.739618724212,385554,340877,62037,381558,99228,9.03610136709176,11.3113636686467,523849,2422,22.5027107656933
"46059","Hand","SD",2021,435925,39.2132246633992,816638,32482,250033,116314,32828,16.3217486126814,27.4288978823461,965499,894,29.5974209229462
"46129","Walworth","SD",2021,34034,43.8832638878375,754004,356608,120909,28313,60455,12.7141018758994,12.1372084273025,533546,1016,47.8171506221406
"51590","Danville","VA",2021,988937,35.7233252795413,423176,323843,252545,196991,93940,26.0449488309678,18.3751215180382,686698,2194,14.1460244799964
"55109","St. Croix","WI",2021,222790,33.1564902095124,383314,359002,107612,373329,30203,25.1963321480434,11.9311989331618,401438,686,40.7934064883739
"48247","Jim Hogg","TX",2021,543969,38.2101046433672,352177,104474,52874,295214,39114,29.1417416546028,11.6399673535489,876408,1487,46.1943245050497
"17081","Jefferson","IL",2021,109685,41.8372602574527,140251,88206,293390,373283,93792,25.2948675956577,1.23080927180126,880251,1639,33.155983351171
"26149","St. Joseph","MI",2021,333177,38.8886756682768,128932,302277,120422,208258,70803,25.2747878443915,29.7349225566722,585643,2662,49.9035969516262
"13211","Morgan","GA",2021,7422,45.5871993629262,774148,38655,263847,21374,68693,12.4788511032239,20.1064408267848,583969,656,31.1847769212909
"47071","Hardin","TN",2021,768680,38.3564456366003,878865,182051,274005,359566,31515,19.2753757361788,2.98433848656714,953000,2890,19.0870155952871
"47083","Houston","TN",2021,628273,45.9893190767616,432541,74683,156382,291593,93895,27.4138374964241,22.711133568082,442213,1851,39.1188158444129
"48133","Eastland","TX",2021,161186,42.6372929941863,319059,53815,100075,69585,67553,7.03765566111542,28.216934655793,792030,2381,22.561214203015
"22047","Iberville","LA",2021,314170,38.7580369180068,785005,57937,110321,124800,51289,21.5435656206682,11.2067961716093,506373,2762,32.5302572827786
"38031","Foster","ND",2021,278665,46.2524269614369,831683,100109,283623,212639,38880,23.2929793605581,3.48638487746939,214672,966,39.6893658814952
"20185","Stafford","KS",2021,210147,32.6313435286283,142003,248523,56668,5717,78286,6.11897410824895,17.855497256387,915278,550,35.9478512802161
"21163","Meade","KY",2021,303358,46.5010444493964,418794,289057,212862,247632,39282,20.0961044477299,7.21371733350679,996441,1552,45.895340226125
"31073","Gosper","NE",2021,746166,31.4952078554779,170195,22939,295564,311517,44447,28.6320390482433,12.0296004507691,736600,1345,52.7241915254854
"39163","Vinton","OH",2021,6190,43.8659113319591,529405,149750,77306,230364,36129,21.9483224162832,11.0605606483296,947221,1014,29.8781855870038
"29181","Ripley","MO",2021,901853,36.2614434212446,101245,111791,117243,269539,67569,11.9730297487695,15.2895666263066,667316,2245,29.507512927521
"31133","Pawnee","NE",2021,831905,35.3248181240633,512573,138678,26634,370781,61715,11.2319362477865,10.4764609155245,332924,693,25.2426455868408
"37189","Watauga","NC",2021,376006,46.5044523775578,536256,172243,148189,82720,37149,8.48987448960543,19.4196066004224,390530,1538,18.4418503916822
"72151","Yabucoa","PR",2021,606203,40.4943673266098,718059,112381,82449,6425,86535,22.5467375083826,9.14465874899179,247521,926,31.0856371442787
"13159","Jasper","GA",2021,557532,40.0506359804422,398603,488788,117359,192158,33784,16.4046993723605,24.1901269904338,558730,2487,46.0213448177092
"42121","Venango","PA",2021,415042,49.1604322893545,652819,438938,64144,8587,43004,29.5977003243752,6.89330556197092,643462,2133,37.3208785336465
"46057","Hamlin","SD",2021,965019,49.8336697882041,844110,263632,44340,291222,35156,6.15087774465792,29.8959721438587,235357,2519,55.7974786753766
"48021","Bastrop","TX",2021,676543,46.6717404266819,211956,400775,155063,40607,70329,22.039236362325,6.23718593269587,163463,2893,19.3930557603016
"48285","Lavaca","TX",2021,874540,36.5869488334283,340108,386741,229718,137361,78005,25.5796153459232,24.5991782471538,631227,1061,59.5167148415931
"40071","Kay","OK",2021,112653,36.7895008670166,737180,315831,271382,295087,96554,15.2849383256398,3.29776930622756,227796,2530,59.6967880404554
"46081","Lawrence","SD",2021,546194,40.0228759367019,569310,9139,296129,118372,46206,29.6972364082467,13.6435305210762,383268,640,53.3659615926445
"48267","Kimble","TX",2021,654561,47.9242432303727,768284,277716,249988,350864,91319,14.1708861407824,16.5643636579625,620286,2486,37.3890595999546
"29053","Cooper","MO",2021,39710,32.1493648597971,574839,287322,198661,243878,94286,27.5670204788912,13.6680101696402,350176,835,43.8385477894917
"01113","Russell","AL",2021,220753,30.2726097078994,254150,293997,13972,237257,46159,24.4137250888161,13.2416545855813,110956,1662,15.3705877740867
"12079","Madison","FL",2021,368378,37.7371395379305,191817,55707,113324,358575,35114,5.73304888210259,0.0122548104263842,107126,1858,45.0432942155749
"18159","Tipton","IN",2021,551404,31.3408031547442,831668,258854,27924,4084,34386,16.4784483681433,14.1877243551426,230678,2437,32.0520383794792
"24013","Carroll","MD",2021,821720,44.1765869269148,650254,282211,90161,245550,94573,11.3523117743898,27.8926261025481,192215,2994,32.4096268066205
"37149","Polk","NC",2021,103072,44.8697361396626,2851,148541,77386,176321,48590,29.4914528040681,14.626224457752,537191,1125,22.2687484603375
"44009","Washington","RI",2021,960147,32.3694783682004,871568,103936,265891,118920,89214,16.0101194819435,19.9913424043916,719035,1388,46.3119058660232
"54075","Pocahontas","WV",2021,98753,43.3735237363726,222788,155528,132084,103834,99490,18.3066284644883,22.0040677813813,578685,2824,31.7670621583238
"56033","Sheridan","WY",2021,998203,39.2173944460228,508520,195096,182582,100330,38316,23.3965485892259,10.5525384005159,482790,2392,12.0802502403967
"13077","Coweta","GA",2021,292648,32.5244651548564,324837,222564,238419,252111,64701,29.6768721845001,29.3912791879848,705063,2494,12.961848617997
"21165","Menifee","KY",2021,169442,49.494943623431,802228,23425,242232,292709,48244,9.36638235696591,0.525979392696172,925161,1997,42.9122201423161
"32001","Churchill","NV",2021,143842,38.9898569276556,652954,331954,242353,167523,47899,11.9745256740134,4.01531815063208,690142,925,39.9948679632507
"46085","Lyman","SD",2021,602570,39.0093800472096,349920,396850,133718,356362,97323,17.997471424751,16.5125839761458,343213,2970,29.183598679956
"51037","Charlotte","VA",2021,776832,39.3293948238716,868681,207915,50011,134293,62068,18.2975251239259,5.81872237147763,729732,1290,52.3860397655517
"55035","Eau Claire","WI",2021,800660,44.8080485872924,354072,492378,34028,312597,56965,25.6400559807662,10.8273506001569,435568,539,54.2445550463162
"72007","Aguas Buenas","PR",2021,217933,49.8701912211254,117200,165651,89821,371417,60330,21.1473228305113,15.1394063048065,199080,2088,34.1894314764068
"72005","Aguadilla","PR",2021,213042,45.54524758365,227543,110789,181728,193437,76710,21.6242324688938,14.2688133870251,455133,1121,46.5047515020706
"50011","Franklin","VT",2021,16230,31.3832112681121,587160,87306,220835,354319,36015,13.9219011773821,9.40925668459386,982618,1474,19.2498280573636
"05053","Grant","AR",2021,781274,43.0633036792278,532672,50386,65998,3404,42460,9.66903455671854,21.8686957773753,582845,2015,28.1487076100893
"51683","Manassas","VA",2021,438017,47.1821216540411,413229,278021,298086,392626,89181,26.6100611607544,24.6420700801536,705760,918,12.755880902987
"25021","Norfolk","MA",2021,811880,39.276633663103,617049,361665,93225,81521,43229,15.3187654574867,17.0700906263664,755869,2985,39.053204099182
"12091","Okaloosa","FL",2021,287705,46.1792851006612,781762,95308,114556,85339,49837,7.40614420617931,3.94035493489355,666388,2152,36.1988581856713
"17055","Franklin","IL",2021,443637,35.8728485368192,258775,274103,59467,167290,99723,25.2672245155554,27.911505906377,113755,904,38.631014667917
"31029","Chase","NE",2021,915317,41.1037806654349,319497,161373,229036,3795,97427,18.4904756268952,20.8951274561696,245861,927,26.0654761712067
"55055","Jefferson","WI",2021,155720,43.3845461951569,804965,97979,254781,1853,70765,11.0342310753185,24.9817342450842,888465,2457,56.0640846285969
"55113","Sawyer","WI",2021,167413,42.0542106637731,650511,230909,249776,249901,97942,9.73512529279105,9.14372174302116,478447,2649,18.0016732448712
"01081","Lee","AL",2021,899889,47.7585261780769,747599,218099,132319,150127,94456,10.2413773839362,23.1528536975384,803232,581,17.9622896271758
"39069","Henry","OH",2021,880307,36.4488876378164,828181,194705,6035,19626,53948,22.1309748489875,22.3225672286935,332453,2400,39.1488522198051
"51570","Colonial Heights","VA",2021,860698,48.5243126144633,246291,436752,86087,323482,41395,20.5866119253915,14.4480749987997,199561,1238,10.4402042250149
"28047","Harrison","MS",2021,365871,49.2912014061585,144132,197326,273932,132472,65345,18.502858573338,10.5214135721326,121851,1922,52.7320155547932
"30075","Powder River","MT",2021,197616,49.5521323569119,335319,261309,54853,258729,87816,22.5981215608772,11.8516343669035,328789,1298,47.0688384398818
"17111","McHenry","IL",2021,862742,48.9278365112841,819482,203790,123255,104523,95122,15.8421681041364,14.5455671218224,949068,1372,42.2708279825747
"17201","Winnebago","IL",2021,182043,43.073691893369,234405,228237,118212,344537,95427,7.08426426979713,2.75177944684401,610414,1262,30.5038828309625
"18003","Allen","IN",2021,74448,45.4107136465609,35104,109451,175624,126039,64053,13.8444323395379,0.453895968385041,938158,957,31.4636489166878
"13099","Early","GA",2021,242010,34.706156346947,396915,491034,273703,6832,37405,20.6532871711534,27.5444684224203,172590,1065,46.2392615410499
"20017","Chase","KS",2021,228670,39.155397163704,891158,449692,160195,108559,94798,14.6662439755164,0.691194967366755,245830,2366,21.5641627344303
"26123","Newaygo","MI",2021,651661,34.019139977172,814424,346281,136180,205058,90551,17.3960583878215,22.8634319803677,812297,1826,32.6515749352984
"08101","Pueblo","CO",2021,785300,34.3679605284706,580980,466375,201767,7975,95889,28.3346707245801,5.83944482496008,424954,1238,23.4119641617872
"21117","Kenton","KY",2021,553870,46.0069053433836,824044,179633,271877,64569,81700,23.9389128529001,1.47715899394825,335237,1012,48.2116968976334
"21103","Henry","KY",2021,427799,49.9712914647534,359985,162572,184781,247952,51514,6.6389605239965,22.9538164939731,850396,2985,30.6984863500111
"48393","Roberts","TX",2021,350856,48.9757614256814,260738,412853,282668,398510,83940,12.2446834295988,23.3915659692138,569790,863,43.9589479379356
"28099","Neshoba","MS",2021,913791,49.3372472980991,402279,378126,200279,331185,46591,20.2100251347292,21.4962037559599,698267,2138,52.2903546947055
"17127","Massac","IL",2021,25375,41.9205003324896,344056,204822,111399,372871,99327,21.0877699207049,9.32143368059769,242748,1234,58.8010016153567
"19057","Des Moines","IA",2021,528273,42.4451918201521,116690,165219,84522,12383,43720,12.2182816511486,26.2906962493435,726376,2330,39.0892441524193
"20003","Anderson","KS",2021,554512,49.7091457666829,874707,350306,43599,34481,32831,27.5257603917271,17.4166758055799,436015,1215,43.7501576519571
"28131","Stone","MS",2021,595072,46.4266268629581,636223,334135,48662,332245,69120,16.2200687406585,12.6409862749279,354917,2701,52.3222646932118
"01019","Cherokee","AL",2021,475528,33.9315991289914,250804,365308,51604,181004,70819,25.6843559630215,28.6048747133464,738661,2728,32.5600600126199
"17187","Warren","IL",2021,361555,49.4074006797746,492202,282658,231516,84087,59706,5.07943432428874,5.92764398781583,441488,2457,29.1250778152607
"29067","Douglas","MO",2021,659050,47.1883044205606,700062,95942,106797,285534,66128,17.9749114043079,9.04549479251727,220140,1240,45.6597049860284
"31151","Saline","NE",2021,738630,34.0942416898906,285793,60411,104041,273089,81843,6.15605270839296,5.21735176211223,780034,1139,45.74149152264
"39047","Fayette","OH",2021,335225,33.7273864774033,727618,472193,175618,337757,42401,9.27943671238609,21.5303418785334,628972,2577,22.9757586866617
"13281","Towns","GA",2021,78461,35.0211838399991,35365,20772,188279,209975,35392,20.7486843760125,7.61891512200236,335435,2066,20.5653668055311
"16009","Benewah","ID",2021,317130,30.8129323786125,26443,85249,200649,109989,44541,16.1207932350226,14.391438276507,461226,1743,42.6711837667972
"47051","Franklin","TN",2021,807933,33.4496215777472,397515,65318,148830,174951,46627,7.30415166006424,6.46311117103323,826423,1535,50.9576511359774
"47101","Lewis","TN",2021,854793,49.3068899028003,533413,359980,2711,195978,40345,16.5690512116998,20.6508256494999,571204,914,22.035579723306
"18025","Crawford","IN",2021,470447,35.0983579130843,111821,68631,89491,296181,67801,25.96745238523,14.1834047762677,114859,1757,34.0507810493
"19193","Woodbury","IA",2021,662697,47.2204773360863,288530,5685,159571,352217,37087,26.7390006873757,0.353204137645662,994300,1803,52.8645332576707
"27115","Pine","MN",2021,84905,38.0562473554164,708520,129989,160753,166800,77181,21.4667175500654,6.52521401876584,394272,2374,42.5564885395579
"29173","Ralls","MO",2021,868515,39.3653571791947,769395,120741,145012,260815,79701,5.45969088096172,8.66736330790445,219099,2694,12.8473281417973
"31157","Scotts Bluff","NE",2021,997125,44.9178860755637,777141,80076,288632,228316,44814,10.6569595355541,13.3483269810677,233742,2277,55.5039448919706
"47139","Polk","TN",2021,237006,43.371345452033,696370,491512,243479,384113,77506,12.3202596337069,27.8128516883589,593678,2102,58.0501552345231
"48217","Hill","TX",2021,153054,44.161914982833,602970,279509,261050,287127,73283,10.3365429746918,2.17899780487642,903004,890,13.5340705420822
"51061","Fauquier","VA",2021,678180,45.0306203449145,690990,28991,287178,315919,76365,11.1396861216053,28.2135400548577,280270,1497,48.6312320479192
"28031","Covington","MS",2021,772558,36.9607969885692,212099,12479,140893,90899,71537,6.18612353107892,1.3206768874079,265824,2142,33.8979112473316
"29015","Benton","MO",2021,703968,32.4862290592864,628641,225450,142491,295783,43319,16.2878277315758,16.5881107491441,414862,827,26.7836327687837
"31183","Wheeler","NE",2021,480532,48.715405492112,836380,54579,192267,148069,49857,9.79411909473129,19.3936067330651,153220,1001,42.3801718768664
"37135","Orange","NC",2021,889044,45.0743603380397,300669,401126,244085,216381,96396,20.6297340290621,22.2857690253295,116836,2276,55.9183008642867
"26079","Kalkaska","MI",2021,343130,38.935123081319,408633,170318,43809,215814,93159,10.6508734764066,24.4823844381608,136513,1082,33.4453399316408
"13131","Grady","GA",2021,527542,36.436847965233,209032,425523,185970,98873,77945,23.2381657417864,3.89536841539666,523530,1496,25.1480406173505
"17139","Moultrie","IL",2021,479384,48.0819425499067,192707,172373,252869,180041,51771,8.68030615500174,24.7555387322791,332028,861,24.6711114561185
"19181","Warren","IA",2021,649414,33.6033535841852,665963,214390,151820,373795,30596,11.4866862201598,12.52684522653,523616,700,42.3157964274287
"36089","St. Lawrence","NY",2021,645404,36.5586988255382,637984,147370,170553,125283,87503,24.229292118689,6.47715466562659,796169,933,11.1351742199622
"37169","Stokes","NC",2021,897331,44.581568907015,783703,400833,262163,329998,64541,22.204848799156,2.57805481553078,453055,1341,56.441737562418
"51065","Fluvanna","VA",2021,625164,41.7162674013525,318003,108534,213158,109104,84658,7.22424766398035,23.6977625917643,681920,2687,45.55419301847
"51685","Manassas Park","VA",2021,950578,47.6264297263697,348930,31928,241794,335070,52891,23.3805890497752,20.6030969624408,261735,1059,25.6494634225965
"55049","Iowa","WI",2021,987899,31.6567145567387,435575,481961,137577,302078,79396,27.948161122622,2.69832237157971,899092,1155,21.339377600234
"37197","Yadkin","NC",2021,403970,31.239689970389,773656,292278,219262,359343,77858,28.6382848757785,25.1640183851123,227752,1177,25.7047187210992
"38091","Steele","ND",2021,32399,37.5174883799627,885430,359912,88556,295695,58107,10.2960162633099,8.66231724154204,585884,956,54.9896645266563
"39089","Licking","OH",2021,854263,37.0531025202945,741547,4294,85165,33892,94180,26.6505837393925,20.5959307285957,627643,2942,54.7534288861789
"20045","Douglas","KS",2021,89547,46.7390173766762,87651,178784,83334,359346,86450,18.6671901680529,15.213241497986,214013,1477,11.2484479229897
"20111","Lyon","KS",2021,378853,36.7076932406053,599364,4056,125500,262582,72059,24.0623075468466,1.44751911051571,410751,2584,34.4534598430619
"21207","Russell","KY",2021,358920,37.8145051887259,28250,75605,292410,9764,35449,19.4584845285863,1.39684164896607,656747,1896,51.1309943767264
"38029","Emmons","ND",2021,448273,49.2612408753484,344937,44091,28940,130934,38833,10.1748024765402,2.37451456720009,698005,689,10.2835404826328
"39141","Ross","OH",2021,68147,36.8945464771241,629533,123756,289883,328672,87578,23.1169975665398,24.9661770486273,706724,538,44.983082790859
"55078","Menominee","WI",2021,652333,48.8878086954355,781794,350123,180141,350152,57096,11.6603078565095,12.1323603345081,123939,2000,44.5187573460862
"01059","Franklin","AL",2021,534969,45.1126838335767,850886,357817,66111,153430,75996,28.3906784502324,7.69327227026224,742060,2440,29.2308644880541
"01111","Randolph","AL",2021,584661,43.5716748563573,460973,123692,264458,225287,67195,21.4985095907468,6.81934661697596,144786,2602,14.6887328382581
"05127","Scott","AR",2021,983645,41.6063601570204,141701,211233,91210,140749,62367,8.24986524647102,4.07871188828722,901213,2435,16.4060062984936
"40127","Pushmataha","OK",2021,154584,44.5099469460547,64044,267984,85170,288043,75867,14.0673857426737,9.0773074538447,334997,2649,51.5172712993808
"42109","Snyder","PA",2021,568087,49.9370442796499,94180,266381,281099,153941,37153,11.0667973186355,21.4094736124389,572336,580,44.7813142929226
"46067","Hutchinson","SD",2021,656525,37.0662429463118,767308,435716,193615,315450,99587,23.5187817667611,14.9067231989466,873177,1688,48.01838591462
"48457","Tyler","TX",2021,43818,43.261728505604,855416,65917,58827,392143,72998,19.9313948408235,0.957586609292775,382947,617,21.727446434088
"21233","Webster","KY",2021,679688,49.6185582084581,885075,230180,49908,99279,37372,22.2035986965057,19.6345224813558,592181,699,48.3010362042114
"39009","Athens","OH",2021,934086,38.5545903723687,10164,57011,71746,153818,68656,7.27291962946765,10.086301357951,981070,2605,23.5220215306617
"01123","Tallapoosa","AL",2021,662603,45.6835734844208,391214,151965,219371,303214,31642,6.42932215239853,23.0839983816259,445572,2995,42.6896323123947
"40053","Grant","OK",2021,201322,30.3279211046174,497431,82167,22370,348388,56449,24.3850225652568,18.8620706833899,123690,1281,11.0481137898751
"08045","Garfield","CO",2021,667766,49.9379242444411,254637,319548,80903,94851,63655,10.5100667465013,14.5214213104919,165554,848,23.5419417405501
"17163","St. Clair","IL",2021,55492,41.0683394316584,299922,346255,40870,184597,35205,26.1287328216713,23.5158384055831,289209,1616,13.2327499706298
"47171","Unicoi","TN",2021,630738,31.7253172956407,46568,460641,251858,128518,85915,8.89192888396792,5.05528414389119,837162,2122,16.4764018869027
"48129","Donley","TX",2021,745488,45.5408394383267,91609,152878,222307,141664,96791,6.67567798052914,21.7595161660574,386863,1058,25.4861907591112
"48345","Motley","TX",2021,237889,37.4154202500358,462829,428283,79720,105324,34048,13.2494401431177,14.9533583549783,625066,1964,49.5542402286083
"51730","Petersburg","VA",2021,703645,31.729799178429,583907,121103,61220,359078,66527,23.5928941355087,5.48296435503289,863557,622,34.7675865888596
"47181","Wayne","TN",2021,9181,33.375617810525,745939,52685,155989,241184,63805,29.3473065842409,12.7829193742946,585350,1386,44.2691552708857
"49053","Washington","UT",2021,239779,49.7133852588013,738471,441914,101766,98390,86288,19.1954929800704,26.205356195569,782937,2728,15.7931437622756
"50013","Grand Isle","VT",2021,256660,40.6533849146217,840811,312087,281356,7251,66906,27.49320721603,7.42442714748904,992970,993,59.1215582704172
"18153","Sullivan","IN",2021,937269,33.7460578791797,782033,399860,258091,74600,63686,29.2794330522884,15.5548499221914,986777,2898,18.8298336719163
"17085","Jo Daviess","IL",2021,562234,38.6221269611269,26987,19317,229316,73276,98167,9.11006531212479,22.7388415765017,842398,1748,50.4503205558285
"26075","Jackson","MI",2021,215525,47.4309291690588,527342,482242,28746,279464,59849,25.2965935168322,23.4863472660072,301155,2994,47.9895931575447
"19007","Appanoose","IA",2021,644647,30.1672270987183,484593,104293,169106,115950,36076,10.471022950951,18.8367169559933,726422,2129,12.3988063680008
"55141","Wood","WI",2021,625481,41.3727993099019,35689,159321,225583,58511,96952,28.8072990614455,11.3995090965182,668671,2453,55.6246471498162
"72137","Toa Baja","PR",2021,717554,37.4400868127123,764297,223705,24574,280779,53513,20.8247735409532,12.5581998308189,331435,673,14.8600987298414
"72077","Juncos","PR",2021,270116,31.9713018881157,833889,367181,255032,355660,49028,25.2704459661618,20.1112487562932,463776,2129,53.2608060655184
"50007","Chittenden","VT",2021,72883,43.2603514706716,891316,372892,279082,169214,78129,7.83158899983391,23.483970486559,257622,2365,52.4485133145936
"05071","Johnson","AR",2021,287594,46.8660497665405,790248,464215,239237,210705,90285,16.5407649835106,11.4286207035184,923538,1096,21.5535362972878
"51197","Wythe","VA",2021,604332,40.7707013282925,362618,211180,143185,93562,76170,25.7578401139472,6.71689550159499,684489,1843,25.6635744147934
"53007","Chelan","WA",2021,808270,46.2419916549698,449941,475073,10242,70864,64368,12.1020580304321,15.5396924517117,506702,706,44.516100527253
"55073","Marathon","WI",2021,133562,33.8812363613397,730837,24034,276376,382045,89028,18.3974711119663,19.7800307278521,801930,2611,47.9474208690226
"55131","Washington","WI",2021,426064,30.6840064981952,126758,347891,67217,211857,74790,16.4164985949174,29.2854723078199,993476,1119,29.2782741971314
"20011","Bourbon","KS",2021,297527,36.9770795432851,41614,156788,119713,143343,31121,8.37684601545334,11.5965007594787,631373,966,51.3943465333432
"21213","Simpson","KY",2021,995225,48.8805125141516,672288,392802,227181,268384,76976,26.2738853297196,20.9099304769188,206110,810,26.9910771772265
"40081","Lincoln","OK",2021,47302,49.3363522272557,62936,255215,214580,149970,75187,27.0331632124726,15.5618031648919,579487,2915,45.906230553519
"72045","Comerío","PR",2021,315273,38.0351923685521,408060,84095,137682,323133,48962,7.96590524958447,16.4972535520792,851387,2438,25.9143617958762
"72135","Toa Alta","PR",2021,444294,47.0937958359718,339312,313728,68336,79531,96279,23.3254560863134,11.1554803722538,818965,2890,49.0670393244363
"42001","Adams","PA",2021,464488,36.8107640417293,52457,442629,174153,175712,31455,7.6262128376402,29.5830135117285,866085,1168,13.3370623248629
"08014","Broomfield","CO",2021,621462,42.0376189891249,505692,122641,115363,72550,47910,8.28402374288999,19.8709115199745,424187,929,18.500711072702
"48109","Culberson","TX",2021,770871,31.5065237088129,432545,233685,214739,371325,78073,22.8600724088028,0.806154487654567,779942,1486,46.1761923064478
"48047","Brooks","TX",2021,581890,48.5602433467284,736726,247332,208723,162927,76704,9.0422364952974,5.50479791359976,778932,2686,38.8303270936012
"27005","Becker","MN",2021,907631,43.486327342689,52780,403743,164988,367965,35478,21.5203367476352,27.0345645700581,794344,1985,16.5000756760128
"01053","Escambia","AL",2021,16554,44.9498918652534,770151,434146,7472,57746,30641,29.8632038768847,18.139563635923,856132,2317,40.9105136897415
"17093","Kendall","IL",2021,432812,30.8427592134103,386971,403613,28163,70452,65911,17.5957440584898,22.0693476637825,730867,2739,44.331326931715
"40049","Garvin","OK",2021,448445,47.2008185321465,430053,179311,182836,258034,85374,22.0172189245932,5.77765375608578,274835,1083,26.893476631958
"25003","Berkshire","MA",2021,797438,31.0815775673836,824814,115324,102258,24242,64418,16.5777931001503,4.13959721568972,460547,2804,43.3369607571512
"48165","Gaines","TX",2021,884199,42.8763247840106,557611,131826,79246,33379,82456,5.37789872149006,12.3992117866874,203309,1722,50.9891934017651
"56041","Uinta","WY",2021,619535,43.0108431447297,680584,295826,177765,307912,50772,13.2934821024537,16.4056148682721,117049,2337,12.4837295291945
"05137","Stone","AR",2021,281573,48.1980690080673,542617,369391,278315,145386,65902,12.8414589166641,18.270315870177,430758,925,28.5761352186091
"27151","Swift","MN",2021,344631,43.5813070647418,441916,442097,56831,170535,45300,12.6560723420698,5.32561224885285,416588,2623,37.9855330823921
"28135","Tallahatchie","MS",2021,132708,35.4641279997304,299685,3773,131518,21003,91430,21.034512949409,25.5254786834121,167692,2597,20.5214226059616
"20131","Nemaha","KS",2021,987013,35.9528699656948,626943,194041,97554,309164,65227,19.0280075080227,13.8530619791709,366041,798,10.8850367041305
"19143","Osceola","IA",2021,162922,32.2431280277669,201933,322834,280834,202024,95119,20.9049610665534,16.3745821849443,387012,2459,53.7877409858629
"20007","Barber","KS",2021,980004,37.5908183353022,404270,16424,78540,27717,71830,13.3219198044389,28.1846287683584,354755,2164,46.1667472636327
"21191","Pendleton","KY",2021,948687,46.2710293103009,511376,220554,71007,127617,52517,15.595920617925,9.94680339703336,327607,2722,50.7839497784153
"28005","Amite","MS",2021,511899,37.3212762083858,77423,21005,240222,229994,75508,24.8679156892467,13.6649205861613,670576,1637,56.1160011240281
"29133","Mississippi","MO",2021,247088,32.3602820467204,566208,401640,84369,397159,86970,20.1876224670559,17.4412996089086,811272,668,19.3706774059683
"13145","Harris","GA",2021,531686,36.1430679541081,600208,416145,294819,203530,99903,13.9216835272964,21.1399973742664,196803,2214,30.8002369501628
"18137","Ripley","IN",2021,854870,31.0351780522615,254726,214697,1792,310809,86231,10.3984409023542,2.79894102131948,485085,2701,47.5244250986725
"20169","Saline","KS",2021,526291,33.2022440154105,406364,285845,178030,328016,30241,11.9770695874467,22.5325054395944,656919,2439,40.7918790029362
"29107","Lafayette","MO",2021,715602,32.7048876974732,44608,321700,214904,119858,34115,7.3202198499348,13.1630941363983,697729,2386,13.7277306662872
"18139","Rush","IN",2021,804726,30.3775729984045,848062,213542,277783,188417,56215,11.3216733571608,3.71729582548141,876795,1438,55.6842716550454
"19015","Boone","IA",2021,18425,38.4351035580039,9825,414902,83957,947,47300,22.9488257330377,15.7721313019283,669023,1118,24.3356123589911
"19009","Audubon","IA",2021,51042,33.4290104452521,119803,281365,41793,372442,39735,6.31737391347997,21.6279431409203,243235,2347,46.638891370967
"40059","Harper","OK",2021,27247,40.607794621028,351458,372257,283094,175753,87065,13.2979331666138,25.0712134153582,751408,2179,26.4259459008463
"42025","Carbon","PA",2021,955639,33.7932738242671,686387,322470,60947,180325,88015,8.60476870555431,17.0604003919289,122394,2260,33.8815647666343
"31127","Nemaha","NE",2021,406212,45.0905024074018,65336,36831,82761,77029,94134,17.6881931792013,28.6047896789387,726420,2634,22.4482912011445
"33011","Hillsborough","NH",2021,496606,40.5062542064115,607009,409620,172318,373532,39302,20.8896117820404,10.445207208395,741015,1456,24.3401461886242
"21171","Monroe","KY",2021,246927,48.9743919391185,804857,226436,132692,173733,38965,29.570025439607,14.666024975013,673256,2155,26.7884425376542
"28129","Smith","MS",2021,141038,39.0954244462773,680857,473272,153847,181416,94223,10.3549928008579,12.9729913780466,330545,1810,49.8997680633329
"29215","Texas","MO",2021,877962,40.8876400953159,879904,378253,155753,215275,41048,18.7456769007258,10.7434953935444,135658,2025,32.9449352365918
"29125","Maries","MO",2021,21015,43.8830643333495,9299,66092,147414,230340,63307,25.4072832304519,5.97475031856447,299495,1796,16.7488908884116
"20073","Greenwood","KS",2021,940491,33.2797804800794,370028,426210,128830,269192,74635,9.99242964433506,19.250446180813,562399,553,27.434015753679
"20071","Greeley","KS",2021,459549,32.7207741793245,87964,347258,151645,123414,37732,21.6002307436429,10.7646615151316,885603,1176,33.2803372084163
"46051","Grant","SD",2021,263333,31.4352122042328,850961,263498,213000,2756,71393,21.9992066221312,7.71944956155494,676428,531,56.4885230991058
"48485","Wichita","TX",2021,643850,36.1688674800098,664291,226576,78156,385330,79329,12.2253807389643,9.96879953658208,375326,2699,45.4019439662807
"47175","Van Buren","TN",2021,913903,38.6106680007651,345829,186747,51063,55130,54164,14.944080049172,20.9808269818313,797558,633,54.272999279201
"48145","Falls","TX",2021,968796,44.1570304334164,655555,496247,10546,181489,84848,16.5713118982967,9.42991494666785,865548,2301,10.105461338535
"37011","Avery","NC",2021,191707,38.0250858981162,467273,363869,79848,238861,87350,20.4000458191149,18.0521805561148,526059,1551,57.2499955678359
"39105","Meigs","OH",2021,19608,32.3173564393073,287864,271005,249125,67303,41187,23.547111278167,26.0678528482094,356618,2152,29.6857642382383
"37037","Chatham","NC",2021,603307,41.7536296509206,289385,301351,80916,321542,95022,18.3587228774559,16.5933462115936,790691,1341,57.6150182425044
"38093","Stutsman","ND",2021,432899,37.6610634382814,481298,413394,242255,88489,34552,9.54758271225728,22.4072762508877,646779,692,25.4733409872279
"42131","Wyoming","PA",2021,191398,34.0853679180145,51439,79793,83567,398135,49021,24.6493488154374,1.66820724494755,311340,2415,59.0026959218085
"50005","Caledonia","VT",2021,894609,35.2218172745779,309516,120635,59308,34252,52803,14.3549607787281,16.767210373655,479421,2617,55.3041258500889
"05043","Drew","AR",2021,768892,32.4988159630448,317646,153117,88880,206734,86471,18.0125863652211,29.325178200379,757987,2403,50.5941470409743
"12027","DeSoto","FL",2021,687952,44.2805793881416,336771,90532,711,280855,87643,6.79264043690637,15.4512513871305,363897,1196,32.3261957522482
"48487","Wilbarger","TX",2021,735612,47.2117867600173,367574,496165,233614,56537,97002,6.26261538243853,0.0324149150401354,882573,2842,41.433555658441
"22005","Ascension","LA",2021,366939,36.6645005950704,693678,18395,160410,339844,41537,25.7290679274593,16.4233243139461,261789,2415,24.2024793894961
"26039","Crawford","MI",2021,651926,36.6129797371104,631995,34851,90671,219199,85845,5.04222355200909,23.7807676917873,856904,2083,59.4775140541606
"41011","Coos","OR",2021,292511,48.5212667612359,263357,295871,57274,320568,49216,18.1127585307695,29.0641786507331,379569,1318,42.0791214937344
"46089","McPherson","SD",2021,264163,49.003474470228,521358,476813,110604,129178,42281,21.4335697365459,19.9366958043538,290555,1763,28.9962803735398
"45081","Saluda","SC",2021,450492,49.1724283294752,178701,257839,222306,13909,56517,29.7870761260856,18.9077590755187,631631,2696,28.2944661937654
"13117","Forsyth","GA",2021,276355,41.1239475570619,563882,414425,232784,322056,81520,10.3298007405829,0.114483931101859,969012,1533,36.3987701851875
"48415","Scurry","TX",2021,494889,40.3645631112158,365987,321047,221031,123785,51049,6.50428234483115,5.21418428979814,518515,2053,26.7544447816908
"48417","Shackelford","TX",2021,772276,35.6519287917763,542176,61803,202802,390135,65815,20.8344985975418,8.10415618121624,730556,2966,56.841700503137
"27037","Dakota","MN",2021,99103,37.5877548614517,835783,370948,225662,35377,61033,27.9080121847801,28.7202230282128,314253,2445,10.2136468538083
"27125","Red Lake","MN",2021,146124,30.1133950008079,662591,172656,298070,125418,42816,15.0954457127955,6.06779775582254,280727,1616,20.6533713988028
"48197","Hardeman","TX",2021,63857,44.8655453883111,770477,35581,52615,270268,55852,12.6276453677565,21.7780080414377,974576,1924,58.5253363498487
"50003","Bennington","VT",2021,430545,41.5740791894495,230455,337333,93663,120015,74248,12.9224278742913,10.3404841921292,827173,1113,55.4334806767292
"47179","Washington","TN",2021,446836,46.0996037395671,128656,404683,180302,9661,54056,24.620293850312,17.582920587156,887200,2935,29.4709937903099
"48009","Archer","TX",2021,457439,37.3761492967606,191024,397828,133076,124316,66904,11.135237775743,11.081229436677,230713,2090,18.7013311567716
"48275","Knox","TX",2021,207541,40.4435871914029,409392,23985,239406,2059,52254,28.5919783764984,11.2673084414564,944169,2454,43.3964026882313
"22089","St. Charles","LA",2021,267323,42.5764621328562,810482,64609,8364,357707,90652,8.72303954209201,8.22979762684554,781050,1124,59.902417161502
"28071","Lafayette","MS",2021,338914,31.5552666410804,250057,231351,69756,237801,38170,10.8308609062806,17.9808080778457,415042,2615,14.2388404835947
"28117","Prentiss","MS",2021,519025,45.5389839969575,30962,211797,122575,296171,93106,9.47832102654502,6.87974674394354,279835,2007,21.1406794632785
"29175","Randolph","MO",2021,747275,44.2519088089466,403053,474976,177321,106633,32261,27.7382366196252,28.9514639228582,417192,1238,31.1243040976115
"51043","Clarke","VA",2021,602737,32.6533577637747,565345,199466,115362,139970,47540,6.44563464564271,1.91618484444916,461190,2831,19.503164421767
"05125","Saline","AR",2021,102714,35.0273917708546,98374,384203,202652,160,75875,29.9580989999231,14.2415059776977,886614,549,35.5443685920909
"48331","Milam","TX",2021,250978,33.1186119094491,27926,494999,170000,240113,84458,13.8623280753382,29.1616347944364,319938,2712,20.4234302067198
"53013","Columbia","WA",2021,316524,44.7907154634595,822504,301822,4993,81833,44216,17.8685167175718,21.3302067155018,357158,866,25.4768456006423
"27149","Stevens","MN",2021,604163,47.5617187470198,102151,450262,276173,281772,85919,14.4996998610441,20.5866177915595,544903,1213,33.9838955923915
"27101","Murray","MN",2021,247709,43.6952197086066,486481,415302,101351,315200,60922,5.06194235756993,18.8529236940667,719737,2092,20.7994569116272
"28127","Simpson","MS",2021,626151,30.8227767096832,400478,75135,83081,89142,70160,25.7297453074716,19.3554939748719,684014,2302,31.8620593310334
"31069","Garden","NE",2021,624972,46.6820417577401,774960,219254,249091,247577,62838,27.1941163646989,24.1217945725657,523368,2782,41.5862803137861
"31035","Clay","NE",2021,992977,49.1815522639081,861123,365566,18991,303551,92462,16.2836972810328,11.590940344613,826507,2364,49.562103128992
"35037","Quay","NM",2021,955385,39.7929860511795,821487,22677,41753,258076,72452,7.14567293878645,8.02744529675692,932397,2581,19.3257234897465
"36049","Lewis","NY",2021,121327,39.2893007211387,523551,435556,120413,147170,81904,11.7500579578336,1.62375143961981,366985,2497,11.8911431310698
"13097","Douglas","GA",2021,21507,41.0978403547779,566370,134019,245474,136246,96310,27.6302151742857,9.47587420698255,886733,2784,44.3145371298306
"13043","Candler","GA",2021,311002,34.7975263511762,147430,395853,260245,122392,33651,9.02856865548529,19.1680051130243,763301,2438,24.1446319175884
"18169","Wabash","IN",2021,569031,47.8978855581954,134755,169835,121425,387926,50280,24.1394179826602,16.6831202083267,615240,2286,56.2837279308587
"19023","Butler","IA",2021,252053,40.5173909338191,741238,33899,204839,28761,45967,28.9171006891411,7.50823856564239,926823,567,58.1807485106401
"69120","Tinian","MP",2021,595495,45.9919934999198,437156,159837,89455,344121,60124,21.2036924913991,28.0456404900178,674575,982,37.8617830830626
"72065","Hatillo","PR",2021,699439,38.8013382256031,897316,471970,204579,155265,83368,20.7495892955922,21.5200911532156,670592,997,44.3075722572394
"28155","Webster","MS",2021,834467,49.05541815795,50079,463653,138342,67689,41277,21.2671388883609,6.34254480013624,269929,2122,52.8424533572979
"29039","Cedar","MO",2021,623443,42.7744450187311,447389,489445,167638,151836,83084,11.7332456761505,1.67157176882029,815909,1618,34.8062073020265
"31077","Greeley","NE",2021,59544,34.1356878075749,605123,245856,131769,397327,51598,19.6171682863496,2.031845448073,688948,1295,24.8369696573354
"38061","Mountrail","ND",2021,983957,38.8986646011472,671912,466333,6558,301201,71141,8.36532840155996,22.4066223925911,618138,2147,15.9446738683619
"39143","Sandusky","OH",2021,903632,43.372132377699,152937,302831,248925,72524,99144,26.307248051744,9.87323489505798,645916,807,52.7232074085623
"19153","Polk","IA",2021,398694,46.693000420928,41456,151053,79650,351055,84381,17.6399280969054,18.8299946906045,526988,936,52.1481916331686
"19049","Dallas","IA",2021,877563,34.0567376976833,402411,235833,156022,90158,76905,25.5702863517217,22.5595097802579,869142,1897,49.6123703336343
"20001","Allen","KS",2021,508479,42.733514229767,687153,155915,143677,343400,32707,27.4133022653405,23.2961575104855,743807,1116,32.5894639384933
"72095","Maunabo","PR",2021,469348,44.7827198728919,38688,239409,255455,292871,96102,13.2091615069658,16.2761373957619,439655,2864,51.334921575617
"17039","De Witt","IL",2021,532601,31.9563631201163,361028,120914,229845,385507,71738,7.23258208134212,21.8527022749186,989066,2369,44.3324217828922
"05027","Columbia","AR",2021,592462,48.6202519480139,241996,452470,58128,397004,43460,16.9713017833419,0.313049708493054,332712,2664,17.2811904945411
"40019","Carter","OK",2021,410591,41.5833880193532,773249,66472,94213,216987,62004,11.921262841206,21.5203972673044,212000,1837,15.3974386071786
"21019","Boyd","KY",2021,666121,43.2500259205699,890389,445188,195854,117879,60210,6.76126362639479,20.4713444318622,574621,1147,35.1949129160494
"02063","Chugach","AK",2021,268683,33.016519905068,867197,326971,255668,297003,43135,15.0188846467063,21.973180915229,694585,729,17.1570914355107
"39119","Muskingum","OH",2021,791213,49.4839620683342,713494,344799,281572,26191,46937,12.3255219263956,22.2535789618269,734950,1169,36.5304968692362
"40153","Woodward","OK",2021,1437,47.599281212315,77975,170154,9700,272157,79513,5.31399128492922,16.5311035886407,470279,1119,18.910294692032
"46061","Hanson","SD",2021,195498,36.3070045271888,648136,57900,250146,332628,36260,12.1393822086975,6.78893740056083,589120,1555,29.1373393521644
"46045","Edmunds","SD",2021,90903,48.4155755769461,79458,389536,255134,332671,65769,27.4634093290661,0.248478131834418,605660,771,44.3820481095463
"20197","Wabaunsee","KS",2021,708806,37.167737367563,617958,86535,55006,114886,84127,8.19215834024362,10.3855625283904,716592,2681,31.469969174359
"21211","Shelby","KY",2021,207482,34.6530983690172,744894,370974,213634,108174,41931,8.52163392817602,8.4017813927494,936529,1728,30.4615237191319
"27093","Meeker","MN",2021,94271,49.8833368113264,274440,460791,252381,132699,78987,14.4640007358976,18.4322774782777,768802,1987,47.1229461277835
"39015","Brown","OH",2021,572134,42.9578663408756,122625,374811,19978,69054,46892,9.19246584642678,27.7501372480765,637193,2360,46.1006457475014
"17103","Lee","IL",2021,134313,36.7972521902993,299934,435120,47085,294596,42547,12.0485459233169,9.89755190676078,462339,2365,44.0654633473605
